<?xml version='1.0' encoding='utf8'?>
<document PUBLICATION_DATE="2002-04-26" DOCID="AFP_ENG_20020426.0473">
  <event_mentions>
    <event_mention ID="T1">
      <anchor>
        <charseq START="5" END="11">attack</charseq>
      </anchor>
      <event_mention_argument ROLE="Location" ID="T2">
        <charseq START="15" END="21">French</charseq>
      </event_mention_argument>
    </event_mention>
    <event_mention ID="T3">
      <anchor>
        <charseq START="94" END="100">attack</charseq>
      </anchor>
      <event_mention_argument ROLE="Date" ID="T5">
        <charseq START="216" END="237">early hours of Friday</charseq>
      </event_mention_argument>
      <event_mention_argument ROLE="Location" ID="T4">
        <charseq START="167" END="173">France</charseq>
      </event_mention_argument>
    </event_mention>
    <event_mention ID="T7">
      <anchor>
        <charseq START="434" END="443">explosion</charseq>
      </anchor>
      <event_mention_argument ROLE="Date" ID="T8">
        <charseq START="460" END="472">around 3 a.m</charseq>
      </event_mention_argument>
      <event_mention_argument ROLE="Location" ID="T6">
        <charseq START="287" END="296">La Ciotat</charseq>
      </event_mention_argument>
    </event_mention>
    <event_mention ID="T9">
      <anchor>
        <charseq START="534" END="541">placing</charseq>
      </anchor>
    </event_mention>
    <event_mention ID="T11">
      <anchor>
        <charseq START="664" END="668">shot</charseq>
      </anchor>
      <event_mention_argument ROLE="Date" ID="T10">
        <charseq START="596" END="604">February</charseq>
      </event_mention_argument>
      <event_mention_argument ROLE="Actor" ID="T12">
        <charseq START="687" END="693">gunman</charseq>
      </event_mention_argument>
    </event_mention>
    <event_mention ID="T13">
      <anchor>
        <charseq START="821" END="827">attack</charseq>
      </anchor>
    </event_mention>
  </event_mentions>
  <events>
    <event ID="1">
      <action_form>Gruesome violence</action_form>
      <location>France</location>
      <date_range>
        <start>2002-04-26</start>
        <end>2002-04-26</end>
      </date_range>
      <actors/>
      <issues/>
      <size/>
      <comment/>
      <link REFID="T1"/>
      <link REFID="T3"/>
      <link REFID="T7"/>
      <link REFID="T9"/>
      <link REFID="T13"/>
    </event>
    <event ID="2">
      <action_form>Gruesome violence</action_form>
      <location>France</location>
      <date_range>
        <start>2002-02-01</start>
        <end>2002-02-28</end>
      </date_range>
      <actors/>
      <issues/>
      <size>1-9 people</size>
      <comment/>
      <link REFID="T11"/>
      <link REFID="T13"/>
    </event>
  </events>
</document>
