<?xml version='1.0' encoding='utf8'?>
<document PUBLICATION_DATE="2003-10-28" DOCID="AFP_ENG_20031028.0571">
  <event_mentions>
    <event_mention ID="T19">
      <anchor>
        <charseq START="541" END="547">strike</charseq>
      </anchor>
      <event_mention_argument ROLE="Date" ID="T15">
        <charseq START="578" END="588">October 24</charseq>
      </event_mention_argument>
      <event_mention_argument ROLE="Issue" ID="T20">
        <charseq START="560" END="574">pension review</charseq>
      </event_mention_argument>
      <event_mention_argument ROLE="Location" ID="T21">
        <charseq START="674" END="681">country</charseq>
      </event_mention_argument>
      <event_mention_argument ROLE="Actor" ID="T17">
        <charseq START="510" END="516">people</charseq>
      </event_mention_argument>
      <event_mention_argument ROLE="Actor" ID="T18">
        <charseq START="488" END="494">unions</charseq>
      </event_mention_argument>
      <event_mention_argument ROLE="Size" ID="T16">
        <charseq START="499" END="509">10 million</charseq>
      </event_mention_argument>
    </event_mention>
    <event_mention ID="T22">
      <anchor>
        <charseq START="1242" END="1251">stoppages</charseq>
      </anchor>
      <event_mention_argument ROLE="Date" ID="T25">
        <charseq START="1289" END="1297">May 2001</charseq>
      </event_mention_argument>
      <event_mention_argument ROLE="Location" ID="T24">
        <charseq START="1231" END="1241">nationwide</charseq>
      </event_mention_argument>
      <event_mention_argument ROLE="Location" ID="T23">
        <charseq START="1210" END="1215">Italy</charseq>
      </event_mention_argument>
    </event_mention>
  </event_mentions>
  <events>
    <event ID="1">
      <action_form>Strike</action_form>
      <location>Italy</location>
      <date_range>
        <start>2003-10-24</start>
        <end>2003-10-24</end>
      </date_range>
      <actors>
        <actor>Trade union</actor>
        <actor>Occupational group</actor>
      </actors>
      <issues>
        <issue>For social rights</issue>
      </issues>
      <size>10,000 or more people</size>
      <comment/>
      <link REFID="T19"/>
    </event>
    <event ID="2">
      <action_form>Strike</action_form>
      <location>Italy</location>
      <date_range>
        <start>2001-05-01</start>
        <end>2003-10-28</end>
        <approximate/>
      </date_range>
      <actors>
        <actor>Trade union</actor>
        <actor>Occupational group</actor>
      </actors>
      <issues>
        <issue>Social protection &amp; rights</issue>
        <issue>Economic protection &amp; regulation</issue>
      </issues>
      <size/>
      <comment/>
      <link REFID="T22"/>
    </event>
    <event ID="3">
      <action_form>Strike</action_form>
      <location>Italy</location>
      <date_range>
        <start>2001-05-01</start>
        <end>2003-10-28</end>
        <approximate/>
      </date_range>
      <actors>
        <actor>Trade union</actor>
        <actor>Occupational group</actor>
      </actors>
      <issues>
        <issue>Social protection &amp; rights</issue>
        <issue>Economic protection &amp; regulation</issue>
      </issues>
      <size/>
      <comment/>
      <link REFID="T22"/>
    </event>
    <event ID="4">
      <action_form>Strike</action_form>
      <location>Italy</location>
      <date_range>
        <start>2001-05-01</start>
        <end>2003-10-28</end>
        <approximate/>
      </date_range>
      <actors>
        <actor>Trade union</actor>
        <actor>Occupational group</actor>
      </actors>
      <issues>
        <issue>Social protection &amp; rights</issue>
        <issue>Economic protection &amp; regulation</issue>
      </issues>
      <size/>
      <comment/>
      <link REFID="T22"/>
    </event>
  </events>
</document>
