<?xml version='1.0' encoding='utf8'?>
<document PUBLICATION_DATE="2003-04-26" DOCID="AFP_ENG_20030426.0420">
  <event_mentions>
    <event_mention ID="T1">
      <anchor>
        <charseq START="140" END="148">occupied</charseq>
      </anchor>
      <event_mention_argument ROLE="Issue" ID="T5">
        <charseq START="200" END="224">French residency permits</charseq>
      </event_mention_argument>
      <event_mention_argument ROLE="Issue" ID="T6">
        <charseq START="237" END="261">against police round-ups</charseq>
      </event_mention_argument>
      <event_mention_argument ROLE="Location" ID="T4">
        <charseq START="175" END="180">Paris</charseq>
      </event_mention_argument>
      <event_mention_argument ROLE="Actor" ID="T3">
        <charseq START="125" END="135">immigrants</charseq>
      </event_mention_argument>
      <event_mention_argument ROLE="Size" ID="T2">
        <charseq START="105" END="116">At least 50</charseq>
      </event_mention_argument>
    </event_mention>
    <event_mention ID="T7">
      <anchor>
        <charseq START="731" END="739">gathered</charseq>
      </anchor>
      <event_mention_argument ROLE="Issue" ID="T11">
        <charseq START="840" END="865">to support the immigrants</charseq>
      </event_mention_argument>
      <event_mention_argument ROLE="Location" ID="T10">
        <charseq START="777" END="787">Notre Dame</charseq>
      </event_mention_argument>
      <event_mention_argument ROLE="Actor" ID="T9">
        <charseq START="716" END="726">protesters</charseq>
      </event_mention_argument>
      <event_mention_argument ROLE="Size" ID="T8">
        <charseq START="690" END="709">Between 100 and 200</charseq>
      </event_mention_argument>
    </event_mention>
    <event_mention ID="T12">
      <anchor>
        <charseq START="920" END="927">stopped</charseq>
      </anchor>
      <event_mention_argument ROLE="Actor" ID="T13">
        <charseq START="900" END="910">protesters</charseq>
      </event_mention_argument>
    </event_mention>
    <event_mention ID="T14">
      <anchor>
        <charseq START="980" END="991">occupations</charseq>
      </anchor>
      <event_mention_argument ROLE="Issue" ID="T17">
        <charseq START="1051" END="1087">to draw attention to their situation</charseq>
      </event_mention_argument>
      <event_mention_argument ROLE="Location" ID="T16">
        <charseq START="1008" END="1014">France</charseq>
      </event_mention_argument>
      <event_mention_argument ROLE="Actor" ID="T15">
        <charseq START="937" END="947">Immigrants</charseq>
      </event_mention_argument>
    </event_mention>
    <event_mention ID="T18">
      <anchor>
        <charseq START="26" END="34">occupied</charseq>
      </anchor>
      <event_mention_argument ROLE="Location" ID="T20">
        <charseq START="35" END="40">Paris</charseq>
      </event_mention_argument>
      <event_mention_argument ROLE="Actor" ID="T19">
        <charseq START="8" END="18">immigrants</charseq>
      </event_mention_argument>
    </event_mention>
  </event_mentions>
  <events>
    <event ID="1">
      <action_form>Occupation / Blockade</action_form>
      <location>France</location>
      <date_range>
        <start>2003-04-21</start>
        <end>2003-04-27</end>
        <approximate/>
      </date_range>
      <actors>
        <actor>Migrants / foreigners / refugees</actor>
      </actors>
      <issues>
        <issue>For immigration</issue>
      </issues>
      <size>50-99 people</size>
      <comment/>
      <link REFID="T1"/>
      <link REFID="T14"/>
      <link REFID="T18"/>
    </event>
    <event ID="2">
      <action_form>Occupation / Blockade</action_form>
      <location>France</location>
      <date_range>
        <start>2003-04-26</start>
        <end>2003-04-26</end>
      </date_range>
      <actors>
        <actor>Migrants / foreigners / refugees</actor>
      </actors>
      <issues>
        <issue>For immigration</issue>
      </issues>
      <size>100-999 people</size>
      <comment/>
      <link REFID="T7"/>
      <link REFID="T12"/>
    </event>
  </events>
</document>
