<?xml version='1.0' encoding='utf8'?>
<document PUBLICATION_DATE="2006-09-25" DOCID="AFP_ENG_20060925.0222">
  <event_mentions>
    <event_mention ID="T1">
      <anchor>
        <charseq START="342" END="349">destroy</charseq>
      </anchor>
      <event_mention_argument ROLE="Date" ID="T6">
        <charseq START="250" END="258">Saturday</charseq>
      </event_mention_argument>
      <event_mention_argument ROLE="Issue" ID="T5">
        <charseq START="362" END="388">genetically-modified maize</charseq>
      </event_mention_argument>
      <event_mention_argument ROLE="Location" ID="T7">
        <charseq START="210" END="216">French</charseq>
      </event_mention_argument>
      <event_mention_argument ROLE="Actor" ID="T3">
        <charseq START="318" END="322">icon</charseq>
      </event_mention_argument>
      <event_mention_argument ROLE="Actor" ID="T2">
        <charseq START="277" END="287">protesters</charseq>
      </event_mention_argument>
    </event_mention>
    <event_mention ID="T8">
      <anchor>
        <charseq START="429" END="436">invaded</charseq>
      </anchor>
      <event_mention_argument ROLE="Date" ID="T12">
        <charseq START="498" END="516">Saturday afternoon</charseq>
      </event_mention_argument>
      <event_mention_argument ROLE="Issue" ID="T4">
        <charseq START="410" END="417">anti-GM</charseq>
      </event_mention_argument>
      <event_mention_argument ROLE="Location" ID="T11">
        <charseq START="455" END="469">Lot-et-Garonne</charseq>
      </event_mention_argument>
      <event_mention_argument ROLE="Actor" ID="T10">
        <charseq START="418" END="428">protesters</charseq>
      </event_mention_argument>
      <event_mention_argument ROLE="Size" ID="T9">
        <charseq START="390" END="409">Between 250 and 300</charseq>
      </event_mention_argument>
    </event_mention>
    <event_mention ID="T14">
      <anchor>
        <charseq START="1616" END="1624">targeted</charseq>
      </anchor>
      <event_mention_argument ROLE="Date" ID="T15">
        <charseq START="1643" END="1647">July</charseq>
      </event_mention_argument>
      <event_mention_argument ROLE="Actor" ID="T17">
        <charseq START="1586" END="1596">Greenpeace</charseq>
      </event_mention_argument>
    </event_mention>
    <event_mention ID="T16">
      <anchor>
        <charseq START="2037" END="2047">demolished</charseq>
      </anchor>
      <event_mention_argument ROLE="Date" ID="T18">
        <charseq START="2000" END="2004">1999</charseq>
      </event_mention_argument>
      <event_mention_argument ROLE="Location" ID="T19">
        <charseq START="2104" END="2110">Millau</charseq>
      </event_mention_argument>
      <event_mention_argument ROLE="Actor" ID="T21">
        <charseq START="2027" END="2032">group</charseq>
      </event_mention_argument>
      <event_mention_argument ROLE="Actor" ID="T20">
        <charseq START="1965" END="1969">Bove</charseq>
      </event_mention_argument>
    </event_mention>
    <event_mention ID="T22">
      <anchor>
        <charseq START="46" END="53">destroy</charseq>
      </anchor>
      <event_mention_argument ROLE="Issue" ID="T23">
        <charseq START="54" END="62">GM crops</charseq>
      </event_mention_argument>
      <event_mention_argument ROLE="Location" ID="T25">
        <charseq START="0" END="6">French</charseq>
      </event_mention_argument>
      <event_mention_argument ROLE="Size" ID="T24">
        <charseq START="30" END="38">hundreds</charseq>
      </event_mention_argument>
    </event_mention>
  </event_mentions>
  <events>
    <event ID="1">
      <action_form>Symbolic violence</action_form>
      <location>France</location>
      <date_range>
        <start>2006-09-23</start>
        <end>2006-09-23</end>
      </date_range>
      <actors>
        <actor>Left-libertarians</actor>
      </actors>
      <issues>
        <issue>Environmental protection</issue>
      </issues>
      <size>100-999 people</size>
      <comment/>
      <link REFID="T1"/>
      <link REFID="T8"/>
      <link REFID="T22"/>
    </event>
    <event ID="2">
      <action_form>Symbolic violence</action_form>
      <location>France</location>
      <date_range>
        <start>1999-01-01</start>
        <end>1999-12-31</end>
        <approximate/>
      </date_range>
      <actors>
        <actor>Left-libertarians</actor>
      </actors>
      <issues/>
      <size/>
      <comment/>
      <link REFID="T16"/>
    </event>
    <event ID="3">
      <action_form>Symbolic violence</action_form>
      <location>France</location>
      <date_range>
        <start>2006-07-01</start>
        <end>2006-07-31</end>
        <approximate/>
      </date_range>
      <actors>
        <actor>Left-libertarians</actor>
      </actors>
      <issues>
        <issue>Economic protection &amp; regulation</issue>
      </issues>
      <size/>
      <comment/>
      <link REFID="T14"/>
    </event>
  </events>
</document>
