<?xml version='1.0' encoding='utf8'?>
<document PUBLICATION_DATE="2003-04-07" DOCID="AFP_ENG_20030407.0632">
  <event_mentions>
    <event_mention ID="T1">
      <anchor>
        <charseq START="15" END="22">protest</charseq>
      </anchor>
      <event_mention_argument ROLE="Issue" ID="T4">
        <charseq START="23" END="52">EU fine for beef price-fixing</charseq>
      </event_mention_argument>
      <event_mention_argument ROLE="Location" ID="T2">
        <charseq START="0" END="6">French</charseq>
      </event_mention_argument>
      <event_mention_argument ROLE="Actor" ID="T3">
        <charseq START="7" END="14">farmers</charseq>
      </event_mention_argument>
    </event_mention>
    <event_mention ID="T5">
      <anchor>
        <charseq START="101" END="110">protested</charseq>
      </anchor>
      <event_mention_argument ROLE="Date" ID="T9">
        <charseq START="143" END="149">Monday</charseq>
      </event_mention_argument>
      <event_mention_argument ROLE="Issue" ID="T10">
        <charseq START="158" END="221">a multi-million-euro fine imposed on them by the European Union</charseq>
      </event_mention_argument>
      <event_mention_argument ROLE="Location" ID="T7">
        <charseq START="86" END="92">French</charseq>
      </event_mention_argument>
      <event_mention_argument ROLE="Actor" ID="T8">
        <charseq START="93" END="100">farmers</charseq>
      </event_mention_argument>
      <event_mention_argument ROLE="Size" ID="T6">
        <charseq START="74" END="82">Hundreds</charseq>
      </event_mention_argument>
    </event_mention>
    <event_mention ID="T11">
      <anchor>
        <charseq START="563" END="570">rallied</charseq>
      </anchor>
      <event_mention_argument ROLE="Date" ID="T13">
        <charseq START="615" END="621">Monday</charseq>
      </event_mention_argument>
      <event_mention_argument ROLE="Location" ID="T12">
        <charseq START="606" END="611">Paris</charseq>
      </event_mention_argument>
      <event_mention_argument ROLE="Actor" ID="T15">
        <charseq START="556" END="562">people</charseq>
      </event_mention_argument>
      <event_mention_argument ROLE="Size" ID="T14">
        <charseq START="547" END="555">Some 250</charseq>
      </event_mention_argument>
    </event_mention>
    <event_mention ID="T16">
      <anchor>
        <charseq START="784" END="797">demonstration</charseq>
      </anchor>
      <event_mention_argument ROLE="Issue" ID="T18">
        <charseq START="815" END="867">plans to reform the bloc's Common Agricutural Policy</charseq>
      </event_mention_argument>
      <event_mention_argument ROLE="Actor" ID="T17">
        <charseq START="759" END="764">FNSEA</charseq>
      </event_mention_argument>
    </event_mention>
    <event_mention ID="T19">
      <anchor>
        <charseq START="1003" END="1009">blocks</charseq>
      </anchor>
      <event_mention_argument ROLE="Location" ID="T22">
        <charseq START="965" END="971">France</charseq>
      </event_mention_argument>
      <event_mention_argument ROLE="Actor" ID="T21">
        <charseq START="977" END="984">farmers</charseq>
      </event_mention_argument>
      <event_mention_argument ROLE="Size" ID="T20">
        <charseq START="973" END="976">250</charseq>
      </event_mention_argument>
    </event_mention>
    <event_mention ID="T23">
      <anchor>
        <charseq START="1084" END="1096">demonstrated</charseq>
      </anchor>
      <event_mention_argument ROLE="Location" ID="T29">
        <charseq START="1120" END="1126">France</charseq>
      </event_mention_argument>
      <event_mention_argument ROLE="Location" ID="T24">
        <charseq START="1138" END="1142">Auch</charseq>
      </event_mention_argument>
      <event_mention_argument ROLE="Location" ID="T25">
        <charseq START="1144" END="1151">Avignon</charseq>
      </event_mention_argument>
      <event_mention_argument ROLE="Location" ID="T26">
        <charseq START="1153" END="1159">Cahors</charseq>
      </event_mention_argument>
      <event_mention_argument ROLE="Location" ID="T27">
        <charseq START="1161" END="1165">Foix</charseq>
      </event_mention_argument>
      <event_mention_argument ROLE="Location" ID="T28">
        <charseq START="1170" END="1175">Rodez</charseq>
      </event_mention_argument>
      <event_mention_argument ROLE="Actor" ID="T30">
        <charseq START="1076" END="1083">Farmers</charseq>
      </event_mention_argument>
    </event_mention>
  </event_mentions>
  <events>
    <event ID="1">
      <action_form>Demonstration</action_form>
      <location>France</location>
      <date_range>
        <start>2003-04-07</start>
        <end>2003-04-07</end>
      </date_range>
      <actors>
        <actor>Farmers</actor>
      </actors>
      <issues>
        <issue>Against Europe / European integration</issue>
      </issues>
      <size>100-999 people</size>
      <comment/>
      <link REFID="T1"/>
      <link REFID="T5"/>
      <link REFID="T11"/>
      <link REFID="T16"/>
    </event>
    <event ID="2">
      <action_form>Occupation / Blockade</action_form>
      <location>France</location>
      <date_range>
        <start>2003-04-07</start>
        <end>2003-04-07</end>
      </date_range>
      <actors>
        <actor>Farmers</actor>
      </actors>
      <issues>
        <issue>Against Europe / European integration</issue>
      </issues>
      <size>100-999 people</size>
      <comment/>
      <link REFID="T19"/>
      <link REFID="T5"/>
      <link REFID="T1"/>
    </event>
    <event ID="3">
      <action_form>Demonstration</action_form>
      <location>France</location>
      <date_range>
        <start>2003-04-07</start>
        <end>2003-04-07</end>
      </date_range>
      <actors>
        <actor>Farmers</actor>
      </actors>
      <issues>
        <issue>Against Europe / European integration</issue>
      </issues>
      <size/>
      <comment/>
      <link REFID="T23"/>
      <link REFID="T1"/>
      <link REFID="T5"/>
    </event>
    <event ID="4">
      <action_form>Demonstration</action_form>
      <location>France</location>
      <date_range>
        <start>2003-04-07</start>
        <end>2003-04-07</end>
      </date_range>
      <actors>
        <actor>Farmers</actor>
      </actors>
      <issues>
        <issue>Against Europe / European integration</issue>
      </issues>
      <size/>
      <comment/>
      <link REFID="T23"/>
      <link REFID="T1"/>
      <link REFID="T5"/>
    </event>
    <event ID="5">
      <action_form>Demonstration</action_form>
      <location>France</location>
      <date_range>
        <start>2003-04-07</start>
        <end>2003-04-07</end>
      </date_range>
      <actors>
        <actor>Farmers</actor>
      </actors>
      <issues>
        <issue>Against Europe / European integration</issue>
      </issues>
      <size/>
      <comment/>
      <link REFID="T23"/>
      <link REFID="T1"/>
      <link REFID="T5"/>
    </event>
    <event ID="6">
      <action_form>Demonstration</action_form>
      <location>France</location>
      <date_range>
        <start>2003-04-07</start>
        <end>2003-04-07</end>
      </date_range>
      <actors>
        <actor>Farmers</actor>
      </actors>
      <issues>
        <issue>Against Europe / European integration</issue>
      </issues>
      <size/>
      <comment/>
      <link REFID="T23"/>
      <link REFID="T1"/>
      <link REFID="T5"/>
    </event>
    <event ID="7">
      <action_form>Demonstration</action_form>
      <location>France</location>
      <date_range>
        <start>2003-04-07</start>
        <end>2003-04-07</end>
      </date_range>
      <actors>
        <actor>Farmers</actor>
      </actors>
      <issues>
        <issue>Against Europe / European integration</issue>
      </issues>
      <size/>
      <comment/>
      <link REFID="T23"/>
      <link REFID="T1"/>
      <link REFID="T5"/>
    </event>
    <event ID="8">
      <action_form>Demonstration</action_form>
      <location>France</location>
      <date_range>
        <start>2003-04-07</start>
        <end>2003-04-07</end>
      </date_range>
      <actors>
        <actor>Farmers</actor>
      </actors>
      <issues>
        <issue>Against Europe / European integration</issue>
      </issues>
      <size/>
      <comment/>
      <link REFID="T23"/>
      <link REFID="T1"/>
      <link REFID="T5"/>
    </event>
  </events>
</document>
