<?xml version='1.0' encoding='utf8'?>
<document PUBLICATION_DATE="2003-09-25" DOCID="AFP_ENG_20030925.0782">
  <event_mentions>
    <event_mention ID="T14">
      <anchor>
        <charseq START="1687" END="1694">protest</charseq>
      </anchor>
      <event_mention_argument ROLE="Date" ID="T16">
        <charseq START="1708" END="1716">February</charseq>
      </event_mention_argument>
      <event_mention_argument ROLE="Issue" ID="T18">
        <charseq START="1678" END="1686">anti-war</charseq>
      </event_mention_argument>
      <event_mention_argument ROLE="Location" ID="T15">
        <charseq START="1698" END="1704">London</charseq>
      </event_mention_argument>
      <event_mention_argument ROLE="Size" ID="T17">
        <charseq START="1646" END="1657">1.5 million</charseq>
      </event_mention_argument>
    </event_mention>
  </event_mentions>
  <events>
    <event ID="1">
      <action_form>Demonstration</action_form>
      <location>United Kingdom</location>
      <date_range>
        <start>2003-02-01</start>
        <end>2003-02-28</end>
        <approximate/>
      </date_range>
      <actors>
        <actor>Left-libertarians</actor>
      </actors>
      <issues>
        <issue>For peace</issue>
      </issues>
      <size>10,000 or more people</size>
      <comment/>
      <link REFID="T14"/>
    </event>
  </events>
</document>
