<?xml version='1.0' encoding='utf8'?>
<document PUBLICATION_DATE="2003-03-31" DOCID="AFP_ENG_20030331.0627">
  <event_mentions>
    <event_mention ID="T1">
      <anchor>
        <charseq START="21" END="27">revolt</charseq>
      </anchor>
      <event_mention_argument ROLE="Location" ID="T3">
        <charseq START="0" END="4">Rome</charseq>
      </event_mention_argument>
      <event_mention_argument ROLE="Actor" ID="T2">
        <charseq START="7" END="17">centurions</charseq>
      </event_mention_argument>
    </event_mention>
    <event_mention ID="T4">
      <anchor>
        <charseq START="215" END="227">demonstrated</charseq>
      </anchor>
      <event_mention_argument ROLE="Date" ID="T5">
        <charseq START="228" END="234">Monday</charseq>
      </event_mention_argument>
      <event_mention_argument ROLE="Issue" ID="T10">
        <charseq START="49" END="95">Threatened with expulsion from Rome's Coliseum</charseq>
      </event_mention_argument>
      <event_mention_argument ROLE="Issue" ID="T9">
        <charseq START="239" END="246">justice</charseq>
      </event_mention_argument>
      <event_mention_argument ROLE="Location" ID="T6">
        <charseq START="80" END="84">Rome</charseq>
      </event_mention_argument>
      <event_mention_argument ROLE="Actor" ID="T7">
        <charseq START="204" END="214">centurions</charseq>
      </event_mention_argument>
      <event_mention_argument ROLE="Size" ID="T8">
        <charseq START="190" END="192">12</charseq>
      </event_mention_argument>
    </event_mention>
    <event_mention ID="T11">
      <anchor>
        <charseq START="303" END="310">paraded</charseq>
      </anchor>
      <event_mention_argument ROLE="Issue" ID="T14">
        <charseq START="370" END="387">the right to work</charseq>
      </event_mention_argument>
      <event_mention_argument ROLE="Issue" ID="T15">
        <charseq START="403" END="469">plans for stricter new city council regulations for street traders</charseq>
      </event_mention_argument>
      <event_mention_argument ROLE="Location" ID="T13">
        <charseq START="318" END="322">Rome</charseq>
      </event_mention_argument>
      <event_mention_argument ROLE="Actor" ID="T16">
        <charseq START="462" END="469">traders</charseq>
      </event_mention_argument>
      <event_mention_argument ROLE="Size" ID="T12">
        <charseq START="300" END="302">12</charseq>
      </event_mention_argument>
    </event_mention>
  </event_mentions>
  <events>
    <event ID="1">
      <action_form>Demonstration</action_form>
      <location>Italy</location>
      <date_range>
        <start>2003-03-31</start>
        <end>2003-03-31</end>
      </date_range>
      <actors>
        <actor>Occupational group</actor>
      </actors>
      <issues>
        <issue>For labour rights</issue>
        <issue>Economic protection &amp; regulation</issue>
      </issues>
      <size>10-49 people</size>
      <comment/>
      <link REFID="T1"/>
      <link REFID="T4"/>
      <link REFID="T11"/>
    </event>
  </events>
</document>
