<?xml version='1.0' encoding='utf8'?>
<document PUBLICATION_DATE="2002-03-22" DOCID="AFP_ENG_20020322.0647">
  <event_mentions>
    <event_mention ID="T1">
      <anchor>
        <charseq START="350" END="356">gunned</charseq>
      </anchor>
      <event_mention_argument ROLE="Date" ID="T3">
        <charseq START="393" END="400">Tuesday</charseq>
      </event_mention_argument>
      <event_mention_argument ROLE="Location" ID="T2">
        <charseq START="382" END="389">Bologna</charseq>
      </event_mention_argument>
    </event_mention>
    <event_mention ID="T4">
      <anchor>
        <charseq START="13" END="18">slain</charseq>
      </anchor>
      <event_mention_argument ROLE="Location" ID="T6">
        <charseq START="0" END="7">Italian</charseq>
      </event_mention_argument>
      <event_mention_argument ROLE="Actor" ID="T5">
        <charseq START="22" END="34">Red Brigades</charseq>
      </event_mention_argument>
    </event_mention>
    <event_mention ID="T7">
      <anchor>
        <charseq START="1798" END="1804">murder</charseq>
      </anchor>
    </event_mention>
    <event_mention ID="T8">
      <anchor>
        <charseq START="2133" END="2139">murder</charseq>
      </anchor>
      <event_mention_argument ROLE="Issue" ID="T10">
        <charseq START="2170" END="2222">his role in the bid to overhaul existing labour laws</charseq>
      </event_mention_argument>
      <event_mention_argument ROLE="Actor" ID="T9">
        <charseq START="2087" END="2099">Red Brigades</charseq>
      </event_mention_argument>
    </event_mention>
    <event_mention ID="T11">
      <anchor>
        <charseq START="2556" END="2562">murder</charseq>
      </anchor>
    </event_mention>
    <event_mention ID="T12">
      <anchor>
        <charseq START="2728" END="2735">slaying</charseq>
      </anchor>
    </event_mention>
    <event_mention ID="T13">
      <anchor>
        <charseq START="2919" END="2926">killing</charseq>
      </anchor>
    </event_mention>
    <event_mention ID="T15">
      <anchor>
        <charseq START="3091" END="3101">kidnapping</charseq>
      </anchor>
      <event_mention_argument ROLE="Date" ID="T14">
        <charseq START="3155" END="3159">1978</charseq>
      </event_mention_argument>
      <event_mention_argument ROLE="Location" ID="T17">
        <charseq START="3033" END="3038">Italy</charseq>
      </event_mention_argument>
      <event_mention_argument ROLE="Actor" ID="T18">
        <charseq START="2996" END="3008">Red Brigades</charseq>
      </event_mention_argument>
    </event_mention>
    <event_mention ID="T16">
      <anchor>
        <charseq START="3106" END="3112">murder</charseq>
      </anchor>
    </event_mention>
    <event_mention ID="T19">
      <anchor>
        <charseq START="3259" END="3266">killing</charseq>
      </anchor>
      <event_mention_argument ROLE="Date" ID="T20">
        <charseq START="3249" END="3256">Tuesday</charseq>
      </event_mention_argument>
      <event_mention_argument ROLE="Actor" ID="T21">
        <charseq START="3177" END="3215">Red Brigades-Combatant Communist Party</charseq>
      </event_mention_argument>
    </event_mention>
    <event_mention ID="T22">
      <anchor>
        <charseq START="3414" END="3425">assassinate</charseq>
      </anchor>
    </event_mention>
    <event_mention ID="T23">
      <anchor>
        <charseq START="3460" END="3464">kill</charseq>
      </anchor>
      <event_mention_argument ROLE="Date" ID="T24">
        <charseq START="3511" END="3533">nearly three years ago</charseq>
      </event_mention_argument>
      <event_mention_argument ROLE="Location" ID="T25">
        <charseq START="3537" END="3541">Rome</charseq>
      </event_mention_argument>
    </event_mention>
    <event_mention ID="T26">
      <anchor>
        <charseq START="3548" END="3554">murder</charseq>
      </anchor>
      <event_mention_argument ROLE="Actor" ID="T27">
        <charseq START="3583" END="3595">Red Brigades</charseq>
      </event_mention_argument>
    </event_mention>
  </event_mentions>
  <events>
    <event ID="1">
      <action_form>Gruesome violence</action_form>
      <location>Italy</location>
      <date_range>
        <start>2002-03-19</start>
        <end>2002-03-19</end>
      </date_range>
      <actors>
        <actor>Organization</actor>
      </actors>
      <issues>
        <issue>For labour rights</issue>
      </issues>
      <size/>
      <comment/>
      <link REFID="T1"/>
      <link REFID="T4"/>
      <link REFID="T7"/>
      <link REFID="T8"/>
      <link REFID="T11"/>
      <link REFID="T12"/>
      <link REFID="T13"/>
      <link REFID="T19"/>
      <link REFID="T22"/>
    </event>
    <event ID="2">
      <action_form>Gruesome violence</action_form>
      <location>Italy</location>
      <date_range>
        <start>1978-01-01</start>
        <end>1978-12-31</end>
        <approximate/>
      </date_range>
      <actors>
        <actor>Organization</actor>
      </actors>
      <issues/>
      <size/>
      <comment/>
      <link REFID="T15"/>
      <link REFID="T16"/>
    </event>
    <event ID="3">
      <action_form>Gruesome violence</action_form>
      <location>Italy</location>
      <date_range>
        <start>1999-01-01</start>
        <end>1999-12-31</end>
        <approximate/>
      </date_range>
      <actors>
        <actor>Organization</actor>
      </actors>
      <issues>
        <issue>For labour rights</issue>
      </issues>
      <size/>
      <comment/>
      <link REFID="T23"/>
      <link REFID="T26"/>
    </event>
  </events>
</document>
