<?xml version='1.0' encoding='utf8'?>
<document PUBLICATION_DATE="2002-04-01" DOCID="AFP_ENG_20020401.0383">
  <event_mentions>
    <event_mention ID="T1">
      <anchor>
        <charseq START="264" END="270">burned</charseq>
      </anchor>
    </event_mention>
    <event_mention ID="T2">
      <anchor>
        <charseq START="307" END="314">attacks</charseq>
      </anchor>
      <event_mention_argument ROLE="Issue" ID="T3">
        <charseq START="294" END="306">anti-Semitic</charseq>
      </event_mention_argument>
      <event_mention_argument ROLE="Location" ID="T4">
        <charseq START="174" END="180">France</charseq>
      </event_mention_argument>
    </event_mention>
    <event_mention ID="T6">
      <anchor>
        <charseq START="394" END="400">attack</charseq>
      </anchor>
      <event_mention_argument ROLE="Date" ID="T7">
        <charseq START="378" END="387">overnight</charseq>
      </event_mention_argument>
      <event_mention_argument ROLE="Location" ID="T5">
        <charseq START="425" END="434">Marseille</charseq>
      </event_mention_argument>
    </event_mention>
    <event_mention ID="T8">
      <anchor>
        <charseq START="476" END="485">incidents</charseq>
      </anchor>
    </event_mention>
    <event_mention ID="T9">
      <anchor>
        <charseq START="570" END="577">attacks</charseq>
      </anchor>
      <event_mention_argument ROLE="Issue" ID="T10">
        <charseq START="585" END="597">anti-Semitic</charseq>
      </event_mention_argument>
    </event_mention>
    <event_mention ID="T11">
      <anchor>
        <charseq START="54" END="61">attacks</charseq>
      </anchor>
      <event_mention_argument ROLE="Issue" ID="T12">
        <charseq START="41" END="53">anti-Semitic</charseq>
      </event_mention_argument>
      <event_mention_argument ROLE="Location" ID="T13">
        <charseq START="0" END="6">France</charseq>
      </event_mention_argument>
    </event_mention>
  </event_mentions>
  <events>
    <event ID="1">
      <action_form>Gruesome violence</action_form>
      <location>France</location>
      <date_range>
        <start>2002-03-31</start>
        <end>2002-03-31</end>
      </date_range>
      <actors/>
      <issues/>
      <size/>
      <comment>Issue: Anti-Semitism </comment>
      <link REFID="T1"/>
      <link REFID="T2"/>
      <link REFID="T6"/>
      <link REFID="T8"/>
      <link REFID="T9"/>
      <link REFID="T11"/>
    </event>
  </events>
</document>
