<?xml version='1.0' encoding='utf8'?>
<document PUBLICATION_DATE="2006-04-21" DOCID="AFP_ENG_20060421.0308">
  <event_mentions>
    <event_mention ID="T1">
      <anchor>
        <charseq START="127" END="136">protested</charseq>
      </anchor>
      <event_mention_argument ROLE="Date" ID="T5">
        <charseq START="150" END="156">Friday</charseq>
      </event_mention_argument>
      <event_mention_argument ROLE="Issue" ID="T6">
        <charseq START="165" END="240">new rules that limit job  prospects for medical workers from outside Europe</charseq>
      </event_mention_argument>
      <event_mention_argument ROLE="Location" ID="T4">
        <charseq START="140" END="146">London</charseq>
      </event_mention_argument>
      <event_mention_argument ROLE="Actor" ID="T3">
        <charseq START="118" END="125">doctors</charseq>
      </event_mention_argument>
      <event_mention_argument ROLE="Size" ID="T2">
        <charseq START="98" END="106">Hundreds</charseq>
      </event_mention_argument>
    </event_mention>
    <event_mention ID="T7">
      <anchor>
        <charseq START="27" END="34">protest</charseq>
      </anchor>
      <event_mention_argument ROLE="Issue" ID="T10">
        <charseq START="38" END="62">immigration rules change</charseq>
      </event_mention_argument>
      <event_mention_argument ROLE="Location" ID="T9">
        <charseq START="19" END="26">Britain</charseq>
      </event_mention_argument>
      <event_mention_argument ROLE="Actor" ID="T8">
        <charseq START="8" END="15">doctors</charseq>
      </event_mention_argument>
    </event_mention>
    <event_mention ID="T11">
      <anchor>
        <charseq START="662" END="672">protesting</charseq>
      </anchor>
      <event_mention_argument ROLE="Location" ID="T13">
        <charseq START="710" END="724">Downing Street</charseq>
      </event_mention_argument>
      <event_mention_argument ROLE="Actor" ID="T12">
        <charseq START="654" END="661">doctors</charseq>
      </event_mention_argument>
    </event_mention>
  </event_mentions>
  <events>
    <event ID="1">
      <action_form>Demonstration</action_form>
      <location>United Kingdom</location>
      <date_range>
        <start>2006-04-21</start>
        <end>2006-04-21</end>
      </date_range>
      <actors>
        <actor>Occupational group</actor>
      </actors>
      <issues>
        <issue>For immigration</issue>
        <issue>For labour rights</issue>
      </issues>
      <size>100-999 people</size>
      <comment/>
      <link REFID="T1"/>
      <link REFID="T7"/>
      <link REFID="T11"/>
    </event>
  </events>
</document>
