<?xml version='1.0' encoding='utf8'?>
<document PUBLICATION_DATE="2003-04-10" DOCID="AFP_ENG_20030410.0761">
  <event_mentions>
    <event_mention ID="T2">
      <anchor>
        <charseq START="208" END="213">calls</charseq>
      </anchor>
      <event_mention_argument ROLE="Date" ID="T4">
        <charseq START="179" END="187">Thursday</charseq>
      </event_mention_argument>
      <event_mention_argument ROLE="Issue" ID="T3">
        <charseq START="218" END="286">Cuba to release 79 dissidents sentenced to long jail terms this week</charseq>
      </event_mention_argument>
      <event_mention_argument ROLE="Location" ID="T6">
        <charseq START="143" END="148">Czech</charseq>
      </event_mention_argument>
      <event_mention_argument ROLE="Actor" ID="T1">
        <charseq START="159" END="171">Vaclav Havel</charseq>
      </event_mention_argument>
    </event_mention>
    <event_mention ID="T5">
      <anchor>
        <charseq START="1259" END="1268">protested</charseq>
      </anchor>
      <event_mention_argument ROLE="Issue" ID="T9">
        <charseq START="1244" END="1254">dissidents</charseq>
      </event_mention_argument>
      <event_mention_argument ROLE="Location" ID="T7">
        <charseq START="1159" END="1165">Prague</charseq>
      </event_mention_argument>
      <event_mention_argument ROLE="Actor" ID="T8">
        <charseq START="1201" END="1213">Vaclav Havel</charseq>
      </event_mention_argument>
    </event_mention>
    <event_mention ID="T10">
      <anchor>
        <charseq START="1326" END="1333">protest</charseq>
      </anchor>
      <event_mention_argument ROLE="Issue" ID="T12">
        <charseq START="1353" END="1362">sentences</charseq>
      </event_mention_argument>
      <event_mention_argument ROLE="Actor" ID="T11">
        <charseq START="1418" END="1423">Havel</charseq>
      </event_mention_argument>
    </event_mention>
    <event_mention ID="T13">
      <anchor>
        <charseq START="43" END="48">calls</charseq>
      </anchor>
      <event_mention_argument ROLE="Issue" ID="T15">
        <charseq START="53" END="80">release of Cuban dissidents</charseq>
      </event_mention_argument>
      <event_mention_argument ROLE="Location" ID="T16">
        <charseq START="15" END="29">Czech Republic</charseq>
      </event_mention_argument>
      <event_mention_argument ROLE="Actor" ID="T14">
        <charseq START="32" END="37">Havel</charseq>
      </event_mention_argument>
    </event_mention>
  </event_mentions>
  <events>
    <event ID="1">
      <action_form>Petition</action_form>
      <location>Czech Republic</location>
      <date_range>
        <start>2003-04-10</start>
        <end>2003-04-10</end>
      </date_range>
      <actors/>
      <issues>
        <issue>For human rights</issue>
      </issues>
      <size>1-9 people</size>
      <comment/>
      <link REFID="T2"/>
      <link REFID="T5"/>
      <link REFID="T10"/>
      <link REFID="T13"/>
    </event>
  </events>
</document>
