<?xml version='1.0' encoding='utf8'?>
<document PUBLICATION_DATE="2003-03-02" DOCID="AFP_ENG_20030302.0506">
  <event_mentions>
    <event_mention ID="T1">
      <anchor>
        <charseq START="10" END="15">march</charseq>
      </anchor>
      <event_mention_argument ROLE="Issue" ID="T4">
        <charseq START="38" END="62">controversial water plan</charseq>
      </event_mention_argument>
      <event_mention_argument ROLE="Location" ID="T3">
        <charseq START="19" END="24">Spain</charseq>
      </event_mention_argument>
      <event_mention_argument ROLE="Size" ID="T2">
        <charseq START="0" END="9">Thousands</charseq>
      </event_mention_argument>
    </event_mention>
    <event_mention ID="T7">
      <anchor>
        <charseq START="114" END="121">marched</charseq>
      </anchor>
      <event_mention_argument ROLE="Date" ID="T9">
        <charseq START="170" END="176">Sunday</charseq>
      </event_mention_argument>
      <event_mention_argument ROLE="Issue" ID="T10">
        <charseq START="193" END="274">controversial government plan to redistribute the country's vital water resources</charseq>
      </event_mention_argument>
      <event_mention_argument ROLE="Location" ID="T8">
        <charseq START="158" END="166">Valencia</charseq>
      </event_mention_argument>
      <event_mention_argument ROLE="Actor" ID="T6">
        <charseq START="107" END="113">people</charseq>
      </event_mention_argument>
      <event_mention_argument ROLE="Size" ID="T5">
        <charseq START="94" END="106">Some 600,000</charseq>
      </event_mention_argument>
    </event_mention>
    <event_mention ID="T11">
      <anchor>
        <charseq START="293" END="298">march</charseq>
      </anchor>
      <event_mention_argument ROLE="Issue" ID="T13">
        <charseq START="461" END="518">to urge the European Union to financially back the scheme</charseq>
      </event_mention_argument>
      <event_mention_argument ROLE="Actor" ID="T12">
        <charseq START="323" END="335">associations</charseq>
      </event_mention_argument>
    </event_mention>
  </event_mentions>
  <events>
    <event ID="1">
      <action_form>Demonstration</action_form>
      <location>Spain</location>
      <date_range>
        <start>2003-03-02</start>
        <end>2003-03-02</end>
      </date_range>
      <actors>
        <actor>Political party</actor>
        <actor>Farmers</actor>
      </actors>
      <issues>
        <issue>Environmental protection</issue>
      </issues>
      <size>10,000 or more people</size>
      <comment/>
      <link REFID="T1"/>
      <link REFID="T7"/>
      <link REFID="T11"/>
    </event>
  </events>
</document>
