<?xml version='1.0' encoding='utf8'?>
<document PUBLICATION_DATE="2002-03-17" DOCID="AFP_ENG_20020317.0256">
  <event_mentions>
    <event_mention ID="T1">
      <anchor>
        <charseq START="91" END="97">attack</charseq>
      </anchor>
      <event_mention_argument ROLE="Date" ID="T2">
        <charseq START="98" END="104">Sunday</charseq>
      </event_mention_argument>
      <event_mention_argument ROLE="Location" ID="T3">
        <charseq START="128" END="137">Islamabad</charseq>
      </event_mention_argument>
    </event_mention>
    <event_mention ID="T4">
      <anchor>
        <charseq START="283" END="289">attack</charseq>
      </anchor>
      <event_mention_argument ROLE="Location" ID="T5">
        <charseq START="360" END="369">Islamabad</charseq>
      </event_mention_argument>
    </event_mention>
    <event_mention ID="T6">
      <anchor>
        <charseq START="33" END="39">attack</charseq>
      </anchor>
      <event_mention_argument ROLE="Location" ID="T7">
        <charseq START="17" END="25">Pakistan</charseq>
      </event_mention_argument>
    </event_mention>
  </event_mentions>
  <events>
    <event ID="1">
      <action_form>Gruesome violence</action_form>
      <location>Europe</location>
      <date_range>
        <start>2002-03-17</start>
        <end>2002-03-17</end>
      </date_range>
      <actors/>
      <issues/>
      <size/>
      <comment>Pakistan</comment>
      <link REFID="T1"/>
      <link REFID="T4"/>
      <link REFID="T6"/>
    </event>
  </events>
</document>
