<?xml version='1.0' encoding='utf8'?>
<document PUBLICATION_DATE="2003-09-23" DOCID="AFP_ENG_20030923.0170">
  <event_mentions>
    <event_mention ID="T1">
      <anchor>
        <charseq START="15" END="21">strike</charseq>
      </anchor>
      <event_mention_argument ROLE="Location" ID="T2">
        <charseq START="48" END="53">Italy</charseq>
      </event_mention_argument>
      <event_mention_argument ROLE="Actor" ID="T3">
        <charseq START="6" END="13">drivers</charseq>
      </event_mention_argument>
    </event_mention>
    <event_mention ID="T4">
      <anchor>
        <charseq START="76" END="82">strike</charseq>
      </anchor>
      <event_mention_argument ROLE="Date" ID="T6">
        <charseq START="159" END="166">Tuesday</charseq>
      </event_mention_argument>
      <event_mention_argument ROLE="Location" ID="T7">
        <charseq START="150" END="155">Italy</charseq>
      </event_mention_argument>
      <event_mention_argument ROLE="Actor" ID="T5">
        <charseq START="92" END="99">drivers</charseq>
      </event_mention_argument>
    </event_mention>
    <event_mention ID="T10">
      <anchor>
        <charseq START="340" END="346">strike</charseq>
      </anchor>
      <event_mention_argument ROLE="Date" ID="T11">
        <charseq START="352" END="368">Monday to Friday</charseq>
      </event_mention_argument>
      <event_mention_argument ROLE="Issue" ID="T12">
        <charseq START="383" END="418">government plans for their industry</charseq>
      </event_mention_argument>
      <event_mention_argument ROLE="Actor" ID="T9">
        <charseq START="319" END="327">Fita-Cna</charseq>
      </event_mention_argument>
    </event_mention>
  </event_mentions>
  <events>
    <event ID="1">
      <action_form>Strike</action_form>
      <location>Italy</location>
      <date_range>
        <start>2003-09-22</start>
        <end>2003-09-28</end>
      </date_range>
      <actors>
        <actor>Trade union</actor>
        <actor>Occupational group</actor>
      </actors>
      <issues>
        <issue>For labour rights</issue>
      </issues>
      <size/>
      <comment/>
      <link REFID="T1"/>
      <link REFID="T4"/>
      <link REFID="T10"/>
    </event>
  </events>
</document>
