<?xml version='1.0' encoding='utf8'?>
<document PUBLICATION_DATE="2005-10-04" DOCID="AFP_ENG_20051004.0476">
  <event_mentions>
    <event_mention ID="T1">
      <anchor>
        <charseq START="109" END="115">strike</charseq>
      </anchor>
      <event_mention_argument ROLE="Date" ID="T2">
        <charseq START="122" END="134">September 28</charseq>
      </event_mention_argument>
      <event_mention_argument ROLE="Date" ID="T8">
        <charseq START="163" END="170">Tuesday</charseq>
      </event_mention_argument>
      <event_mention_argument ROLE="Location" ID="T3">
        <charseq START="146" END="154">Austrian</charseq>
      </event_mention_argument>
      <event_mention_argument ROLE="Actor" ID="T4">
        <charseq START="79" END="82">man</charseq>
      </event_mention_argument>
    </event_mention>
    <event_mention ID="T5">
      <anchor>
        <charseq START="678" END="686">refusing</charseq>
      </anchor>
      <event_mention_argument ROLE="Date" ID="T7">
        <charseq START="718" END="727">October 4</charseq>
      </event_mention_argument>
      <event_mention_argument ROLE="Date" ID="T6">
        <charseq START="656" END="668">September 28</charseq>
      </event_mention_argument>
    </event_mention>
  </event_mentions>
  <events>
    <event ID="1">
      <action_form>Self-inflicted violence</action_form>
      <location>Austria</location>
      <date_range>
        <start>2005-09-28</start>
        <end>2005-10-04</end>
      </date_range>
      <actors>
        <actor>Migrants / foreigners / refugees</actor>
      </actors>
      <issues/>
      <size>1-9 people</size>
      <comment/>
      <link REFID="T1"/>
      <link REFID="T5"/>
    </event>
  </events>
</document>
