<?xml version='1.0' encoding='utf8'?>
<document PUBLICATION_DATE="2002-03-14" DOCID="AFP_ENG_20020314.0244">
  <event_mentions>
    <event_mention_argument ROLE="Date" ID="T7">
      <charseq START="148" END="156">Thursday</charseq>
    </event_mention_argument>
    <event_mention_argument ROLE="Location" ID="T4">
      <charseq START="128" END="133">Paris</charseq>
    </event_mention_argument>
    <event_mention_argument ROLE="Actor" ID="T5">
      <charseq START="94" END="103">unionists</charseq>
    </event_mention_argument>
    <event_mention ID="T1">
      <anchor>
        <charseq START="27" END="31">fill</charseq>
      </anchor>
      <event_mention_argument ROLE="Location" ID="T3">
        <charseq START="32" END="37">Paris</charseq>
      </event_mention_argument>
      <event_mention_argument ROLE="Actor" ID="T2">
        <charseq START="17" END="26">unionists</charseq>
      </event_mention_argument>
    </event_mention>
    <event_mention ID="T6">
      <anchor>
        <charseq START="104" END="112">carpeted</charseq>
      </anchor>
    </event_mention>
    <event_mention ID="T8">
      <anchor>
        <charseq START="232" END="237">raids</charseq>
      </anchor>
      <event_mention_argument ROLE="Location" ID="T10">
        <charseq START="249" END="256">capital</charseq>
      </event_mention_argument>
      <event_mention_argument ROLE="Actor" ID="T9">
        <charseq START="218" END="228">protesters</charseq>
      </event_mention_argument>
    </event_mention>
    <event_mention ID="T11">
      <anchor>
        <charseq START="372" END="376">halt</charseq>
      </anchor>
      <event_mention_argument ROLE="Location" ID="T13">
        <charseq START="427" END="432">Paris</charseq>
      </event_mention_argument>
      <event_mention_argument ROLE="Actor" ID="T12">
        <charseq START="273" END="283">protesters</charseq>
      </event_mention_argument>
    </event_mention>
    <event_mention ID="T14">
      <anchor>
        <charseq START="437" END="445">hijacked</charseq>
      </anchor>
    </event_mention>
    <event_mention ID="T15">
      <anchor>
        <charseq START="538" END="544">dumped</charseq>
      </anchor>
      <event_mention_argument ROLE="Actor" ID="T16">
        <charseq START="491" END="506">Communist union</charseq>
      </event_mention_argument>
    </event_mention>
    <event_mention ID="T17">
      <anchor>
        <charseq START="714" END="722">littered</charseq>
      </anchor>
      <event_mention_argument ROLE="Location" ID="T18">
        <charseq START="723" END="742">Rue Quatre Septembr</charseq>
      </event_mention_argument>
      <event_mention_argument ROLE="Location" ID="T19">
        <charseq START="782" END="800">Place de la Bourse</charseq>
      </event_mention_argument>
      <event_mention_argument ROLE="Location" ID="T20">
        <charseq START="809" END="825">Place de l'Opera</charseq>
      </event_mention_argument>
    </event_mention>
    <event_mention ID="T21">
      <anchor>
        <charseq START="1198" END="1205">campign</charseq>
      </anchor>
      <event_mention_argument ROLE="Issue" ID="T23">
        <charseq START="1093" END="1156">free newspapers threaten jobs and titles in the paid-for sector</charseq>
      </event_mention_argument>
      <event_mention_argument ROLE="Actor" ID="T22">
        <charseq START="1071" END="1081">Protesters</charseq>
      </event_mention_argument>
    </event_mention>
  </event_mentions>
  <events>
    <event ID="1">
      <action_form>Demonstration</action_form>
      <location>France</location>
      <date_range>
        <start>2002-03-14</start>
        <end>2002-03-14</end>
      </date_range>
      <actors>
        <actor>Trade union</actor>
      </actors>
      <issues>
        <issue>For labour rights</issue>
      </issues>
      <size/>
      <comment/>
      <link REFID="T1"/>
      <link REFID="T6"/>
      <link REFID="T8"/>
      <link REFID="T15"/>
      <link REFID="T17"/>
      <link REFID="T21"/>
    </event>
    <event ID="2">
      <action_form>Occupation / Blockade</action_form>
      <location>France</location>
      <date_range>
        <start>2002-03-14</start>
        <end>2002-03-14</end>
      </date_range>
      <actors>
        <actor>Occupational group</actor>
      </actors>
      <issues>
        <issue>For labour rights</issue>
      </issues>
      <size/>
      <comment/>
      <link REFID="T11"/>
      <link REFID="T14"/>
      <link REFID="T21"/>
    </event>
  </events>
</document>
