<?xml version='1.0' encoding='utf8'?>
<document PUBLICATION_DATE="2002-04-22" DOCID="AFP_ENG_20020422.0456">
  <event_mentions>
    <event_mention ID="T1">
      <anchor>
        <charseq START="148" END="156">violence</charseq>
      </anchor>
      <event_mention_argument ROLE="Issue" ID="T3">
        <charseq START="134" END="147">race- related</charseq>
      </event_mention_argument>
      <event_mention_argument ROLE="Location" ID="T2">
        <charseq START="170" END="177">England</charseq>
      </event_mention_argument>
    </event_mention>
    <event_mention ID="T4">
      <anchor>
        <charseq START="292" END="300">fighting</charseq>
      </anchor>
      <event_mention_argument ROLE="Date" ID="T6">
        <charseq START="395" END="409">Sunday evening</charseq>
      </event_mention_argument>
      <event_mention_argument ROLE="Location" ID="T5">
        <charseq START="318" END="325">Preston</charseq>
      </event_mention_argument>
    </event_mention>
    <event_mention ID="T7">
      <anchor>
        <charseq START="472" END="479">clashes</charseq>
      </anchor>
      <event_mention_argument ROLE="Issue" ID="T8">
        <charseq START="453" END="471">racially motivated</charseq>
      </event_mention_argument>
      <event_mention_argument ROLE="Location" ID="T9">
        <charseq START="411" END="418">Preston</charseq>
      </event_mention_argument>
    </event_mention>
    <event_mention ID="T14">
      <anchor>
        <charseq START="1110" END="1117">clashes</charseq>
      </anchor>
      <event_mention_argument ROLE="Date" ID="T10">
        <charseq START="1068" END="1077">Last June</charseq>
      </event_mention_argument>
      <event_mention_argument ROLE="Issue" ID="T15">
        <charseq START="1103" END="1109">racial</charseq>
      </event_mention_argument>
      <event_mention_argument ROLE="Location" ID="T11">
        <charseq START="1183" END="1191">Bradford</charseq>
      </event_mention_argument>
      <event_mention_argument ROLE="Location" ID="T12">
        <charseq START="1193" END="1200">Burnley</charseq>
      </event_mention_argument>
      <event_mention_argument ROLE="Location" ID="T13">
        <charseq START="1205" END="1211">Oldham</charseq>
      </event_mention_argument>
    </event_mention>
    <event_mention ID="T16">
      <anchor>
        <charseq START="42" END="50">violence</charseq>
      </anchor>
      <event_mention_argument ROLE="Issue" ID="T17">
        <charseq START="35" END="41">racial</charseq>
      </event_mention_argument>
      <event_mention_argument ROLE="Location" ID="T18">
        <charseq START="0" END="7">British</charseq>
      </event_mention_argument>
    </event_mention>
  </event_mentions>
  <events>
    <event ID="1">
      <action_form>Political violence</action_form>
      <location>United Kingdom</location>
      <date_range>
        <start>2002-04-21</start>
        <end>2002-04-21</end>
      </date_range>
      <actors/>
      <issues>
        <issue>Against immigration</issue>
      </issues>
      <size/>
      <comment/>
      <link REFID="T1"/>
      <link REFID="T4"/>
      <link REFID="T7"/>
      <link REFID="T16"/>
    </event>
    <event ID="2">
      <action_form>Political violence</action_form>
      <location>United Kingdom</location>
      <date_range>
        <start>2001-06-01</start>
        <end>2001-06-30</end>
      </date_range>
      <actors/>
      <issues>
        <issue>Against immigration</issue>
      </issues>
      <size/>
      <comment/>
      <link REFID="T14"/>
    </event>
    <event ID="3">
      <action_form>Political violence</action_form>
      <location>United Kingdom</location>
      <date_range>
        <start>2001-06-01</start>
        <end>2001-06-30</end>
      </date_range>
      <actors/>
      <issues>
        <issue>Against immigration</issue>
      </issues>
      <size/>
      <comment/>
      <link REFID="T14"/>
    </event>
    <event ID="4">
      <action_form>Political violence</action_form>
      <location>United Kingdom</location>
      <date_range>
        <start>2001-06-01</start>
        <end>2001-06-30</end>
      </date_range>
      <actors/>
      <issues>
        <issue>Against immigration</issue>
      </issues>
      <size/>
      <comment/>
      <link REFID="T14"/>
    </event>
  </events>
</document>
