<?xml version='1.0' encoding='utf8'?>
<document PUBLICATION_DATE="2003-10-10" DOCID="AFP_ENG_20031010.0107">
  <event_mentions>
    <event_mention ID="T1">
      <anchor>
        <charseq START="20" END="25">blast</charseq>
      </anchor>
      <event_mention_argument ROLE="Location" ID="T2">
        <charseq START="64" END="70">France</charseq>
      </event_mention_argument>
    </event_mention>
    <event_mention ID="T5">
      <anchor>
        <charseq START="105" END="113">exploded</charseq>
      </anchor>
      <event_mention_argument ROLE="Date" ID="T4">
        <charseq START="120" END="126">Friday</charseq>
      </event_mention_argument>
      <event_mention_argument ROLE="Location" ID="T3">
        <charseq START="186" END="190">Nice</charseq>
      </event_mention_argument>
    </event_mention>
    <event_mention ID="T6">
      <anchor>
        <charseq START="271" END="277">device</charseq>
      </anchor>
    </event_mention>
    <event_mention ID="T7">
      <anchor>
        <charseq START="378" END="384">attack</charseq>
      </anchor>
    </event_mention>
    <event_mention ID="T8">
      <anchor>
        <charseq START="500" END="509">explosion</charseq>
      </anchor>
      <event_mention_argument ROLE="Date" ID="T9">
        <charseq START="526" END="540">around 6:00 am</charseq>
      </event_mention_argument>
      <event_mention_argument ROLE="Location" ID="T10">
        <charseq START="468" END="472">city</charseq>
      </event_mention_argument>
    </event_mention>
    <event_mention ID="T11">
      <anchor>
        <charseq START="682" END="691">explosion</charseq>
      </anchor>
    </event_mention>
    <event_mention ID="T12">
      <anchor>
        <charseq START="706" END="711">blast</charseq>
      </anchor>
    </event_mention>
    <event_mention ID="T13">
      <anchor>
        <charseq START="841" END="850">explosion</charseq>
      </anchor>
    </event_mention>
    <event_mention ID="T15">
      <anchor>
        <charseq START="1018" END="1024">device</charseq>
      </anchor>
      <event_mention_argument ROLE="Date" ID="T14">
        <charseq START="973" END="985">January 2001</charseq>
      </event_mention_argument>
    </event_mention>
    <event_mention ID="T18">
      <anchor>
        <charseq START="1330" END="1334">bomb</charseq>
      </anchor>
      <event_mention_argument ROLE="Date" ID="T16">
        <charseq START="1176" END="1189">June 26, 2002</charseq>
      </event_mention_argument>
      <event_mention_argument ROLE="Actor" ID="T17">
        <charseq START="1253" END="1287">Corsican National Liberation Front</charseq>
      </event_mention_argument>
    </event_mention>
    <event_mention ID="T19">
      <anchor>
        <charseq START="365" END="370">blast</charseq>
      </anchor>
    </event_mention>
  </event_mentions>
  <events>
    <event ID="1">
      <action_form>Gruesome violence</action_form>
      <location>France</location>
      <date_range>
        <start>2003-10-10</start>
        <end>2003-10-10</end>
      </date_range>
      <actors/>
      <issues/>
      <size/>
      <comment/>
      <link REFID="T1"/>
      <link REFID="T5"/>
      <link REFID="T6"/>
      <link REFID="T7"/>
      <link REFID="T8"/>
      <link REFID="T11"/>
      <link REFID="T12"/>
      <link REFID="T13"/>
      <link REFID="T19"/>
    </event>
    <event ID="2">
      <action_form>Political violence</action_form>
      <location>France</location>
      <date_range>
        <start>2001-01-01</start>
        <end>2001-01-31</end>
      </date_range>
      <actors/>
      <issues/>
      <size/>
      <comment/>
      <link REFID="T15"/>
    </event>
    <event ID="3">
      <action_form>Political violence</action_form>
      <location>France</location>
      <date_range>
        <start>2002-06-26</start>
        <end>2002-06-26</end>
      </date_range>
      <actors>
        <actor>Organization</actor>
      </actors>
      <issues/>
      <size/>
      <comment/>
      <link REFID="T18"/>
    </event>
  </events>
</document>
