<?xml version='1.0' encoding='utf8'?>
<document PUBLICATION_DATE="2002-04-13" DOCID="AFP_ENG_20020413.0237">
  <event_mentions>
    <event_mention ID="T1">
      <anchor>
        <charseq START="12" END="17">march</charseq>
      </anchor>
      <event_mention_argument ROLE="Issue" ID="T3">
        <charseq START="21" END="54">support of ruling Hungarian right</charseq>
      </event_mention_argument>
      <event_mention_argument ROLE="Size" ID="T2">
        <charseq START="0" END="11">1.5 million</charseq>
      </event_mention_argument>
    </event_mention>
    <event_mention ID="T7">
      <anchor>
        <charseq START="104" END="110">turned</charseq>
      </anchor>
      <event_mention_argument ROLE="Date" ID="T6">
        <charseq START="115" END="123">Saturday</charseq>
      </event_mention_argument>
      <event_mention_argument ROLE="Issue" ID="T9">
        <charseq START="127" END="173">support of Hungary's ruling conservative party</charseq>
      </event_mention_argument>
      <event_mention_argument ROLE="Location" ID="T8">
        <charseq START="138" END="145">Hungary</charseq>
      </event_mention_argument>
      <event_mention_argument ROLE="Actor" ID="T5">
        <charseq START="97" END="103">people</charseq>
      </event_mention_argument>
      <event_mention_argument ROLE="Size" ID="T4">
        <charseq START="80" END="96">Some 1.5 million</charseq>
      </event_mention_argument>
    </event_mention>
    <event_mention ID="T12">
      <anchor>
        <charseq START="461" END="467">filled</charseq>
      </anchor>
      <event_mention_argument ROLE="Location" ID="T10">
        <charseq START="475" END="483">Budapest</charseq>
      </event_mention_argument>
      <event_mention_argument ROLE="Actor" ID="T11">
        <charseq START="448" END="453">crowd</charseq>
      </event_mention_argument>
    </event_mention>
    <event_mention ID="T13">
      <anchor>
        <charseq START="889" END="894">rally</charseq>
      </anchor>
      <event_mention_argument ROLE="Issue" ID="T14">
        <charseq START="901" END="1081">two new opinion polls confirmed that the opposition Socialists, who scored a surprise victory in a first-round ballot last Sunday, remained clear favourites to win the second round</charseq>
      </event_mention_argument>
    </event_mention>
  </event_mentions>
  <events>
    <event ID="1">
      <action_form>Demonstration</action_form>
      <location>Hungary</location>
      <date_range>
        <start>2002-04-13</start>
        <end>2002-04-13</end>
      </date_range>
      <actors>
        <actor>Political party</actor>
      </actors>
      <issues/>
      <size>10,000 or more people</size>
      <comment/>
      <link REFID="T1"/>
      <link REFID="T7"/>
      <link REFID="T12"/>
      <link REFID="T13"/>
    </event>
  </events>
</document>
