<?xml version='1.0' encoding='utf8'?>
<document PUBLICATION_DATE="2006-09-22" DOCID="AFP_ENG_20060922.0309">
  <event_mentions>
    <event_mention ID="T1">
      <anchor>
        <charseq START="162" END="169">clashes</charseq>
      </anchor>
      <event_mention_argument ROLE="Location" ID="T5">
        <charseq START="91" END="98">Finnish</charseq>
      </event_mention_argument>
      <event_mention_argument ROLE="Actor" ID="T4">
        <charseq START="175" END="185">anarchists</charseq>
      </event_mention_argument>
      <event_mention_argument ROLE="Actor" ID="T3">
        <charseq START="127" END="137">protestors</charseq>
      </event_mention_argument>
    </event_mention>
    <event_mention ID="T7">
      <anchor>
        <charseq START="419" END="426">battled</charseq>
      </anchor>
      <event_mention_argument ROLE="Date" ID="T8">
        <charseq START="482" END="498">Saturday evening</charseq>
      </event_mention_argument>
      <event_mention_argument ROLE="Location" ID="T9">
        <charseq START="519" END="527">Helsinki</charseq>
      </event_mention_argument>
      <event_mention_argument ROLE="Actor" ID="T6">
        <charseq START="401" END="414">demonstrators</charseq>
      </event_mention_argument>
      <event_mention_argument ROLE="Size" ID="T2">
        <charseq START="391" END="400">Up to 200</charseq>
      </event_mention_argument>
    </event_mention>
    <event_mention ID="T10">
      <anchor>
        <charseq START="794" END="801">clashes</charseq>
      </anchor>
      <event_mention_argument ROLE="Date" ID="T11">
        <charseq START="855" END="859">2005</charseq>
      </event_mention_argument>
      <event_mention_argument ROLE="Location" ID="T13">
        <charseq START="751" END="756">China</charseq>
      </event_mention_argument>
      <event_mention_argument ROLE="Actor" ID="T12">
        <charseq START="831" END="840">residents</charseq>
      </event_mention_argument>
    </event_mention>
    <event_mention ID="T14">
      <anchor>
        <charseq START="1130" END="1138">gathered</charseq>
      </anchor>
      <event_mention_argument ROLE="Date" ID="T18">
        <charseq START="1147" END="1165">Saturday afternoon</charseq>
      </event_mention_argument>
      <event_mention_argument ROLE="Issue" ID="T16">
        <charseq START="1096" END="1114">anti-globalisation</charseq>
      </event_mention_argument>
      <event_mention_argument ROLE="Actor" ID="T17">
        <charseq START="1115" END="1125">protestors</charseq>
      </event_mention_argument>
      <event_mention_argument ROLE="Size" ID="T15">
        <charseq START="1083" END="1095">Around 2,000</charseq>
      </event_mention_argument>
    </event_mention>
  </event_mentions>
  <events>
    <event ID="1">
      <action_form>Political violence</action_form>
      <location>Finland</location>
      <date_range>
        <start>2006-09-09</start>
        <end>2006-09-09</end>
      </date_range>
      <actors>
        <actor>Left-libertarians</actor>
      </actors>
      <issues>
        <issue>Against globalization</issue>
      </issues>
      <size>100-999 people</size>
      <comment/>
      <link REFID="T1"/>
      <link REFID="T7"/>
    </event>
    <event ID="2">
      <action_form>Political violence</action_form>
      <location>Europe</location>
      <date_range>
        <start>2005-01-01</start>
        <end>2005-12-31</end>
        <approximate/>
      </date_range>
      <actors/>
      <issues/>
      <size/>
      <comment>China</comment>
      <link REFID="T10"/>
    </event>
    <event ID="3">
      <action_form>Demonstration</action_form>
      <location>Finland</location>
      <date_range>
        <start>2006-09-09</start>
        <end>2006-09-09</end>
      </date_range>
      <actors>
        <actor>Left-libertarians</actor>
      </actors>
      <issues>
        <issue>Against globalization</issue>
      </issues>
      <size>1,000-9,999 people</size>
      <comment/>
      <link REFID="T14"/>
    </event>
  </events>
</document>
