<?xml version='1.0' encoding='utf8'?>
<document PUBLICATION_DATE="2003-04-24" DOCID="AFP_ENG_20030424.0516">
  <event_mentions>
    <event_mention ID="T1">
      <anchor>
        <charseq START="348" END="354">murder</charseq>
      </anchor>
      <event_mention_argument ROLE="Actor" ID="T2">
        <charseq START="257" END="265">activist</charseq>
      </event_mention_argument>
    </event_mention>
    <event_mention ID="T3">
      <anchor>
        <charseq START="480" END="488">shooting</charseq>
      </anchor>
      <event_mention_argument ROLE="Date" ID="T4">
        <charseq START="548" END="561">May last year</charseq>
      </event_mention_argument>
      <event_mention_argument ROLE="Actor" ID="T5">
        <charseq START="449" END="462">Van der Graaf</charseq>
      </event_mention_argument>
    </event_mention>
    <event_mention ID="T6">
      <anchor>
        <charseq START="567" END="573">murder</charseq>
      </anchor>
      <event_mention_argument ROLE="Location" ID="T7">
        <charseq START="600" END="605">Dutch</charseq>
      </event_mention_argument>
    </event_mention>
    <event_mention ID="T8">
      <anchor>
        <charseq START="775" END="781">murder</charseq>
      </anchor>
    </event_mention>
    <event_mention ID="T9">
      <anchor>
        <charseq START="839" END="843">shot</charseq>
      </anchor>
      <event_mention_argument ROLE="Issue" ID="T11">
        <charseq START="867" END="957">"a threat to weaker groups in society" -- Muslims, asylum seekers, immigrants and animals.</charseq>
      </event_mention_argument>
      <event_mention_argument ROLE="Actor" ID="T10">
        <charseq START="817" END="830">Van der Graaf</charseq>
      </event_mention_argument>
    </event_mention>
  </event_mentions>
  <events>
    <event ID="1">
      <action_form>Gruesome violence</action_form>
      <location>Netherlands</location>
      <date_range>
        <start>2002-05-01</start>
        <end>2002-05-31</end>
        <approximate/>
      </date_range>
      <actors>
        <actor>Left-libertarians</actor>
      </actors>
      <issues>
        <issue>Environmental protection</issue>
        <issue>Civil rights</issue>
      </issues>
      <size>1-9 people</size>
      <comment/>
      <link REFID="T1"/>
      <link REFID="T3"/>
      <link REFID="T6"/>
      <link REFID="T8"/>
      <link REFID="T9"/>
    </event>
  </events>
</document>
