<?xml version='1.0' encoding='utf8'?>
<document PUBLICATION_DATE="2002-04-22" DOCID="AFP_ENG_20020422.0284">
  <event_mentions>
    <event_mention ID="T1">
      <anchor>
        <charseq START="2075" END="2080">riots</charseq>
      </anchor>
      <event_mention_argument ROLE="Date" ID="T2">
        <charseq START="2081" END="2092">last summer</charseq>
      </event_mention_argument>
      <event_mention_argument ROLE="Issue" ID="T5">
        <charseq START="2070" END="2074">race</charseq>
      </event_mention_argument>
      <event_mention_argument ROLE="Location" ID="T4">
        <charseq START="2054" END="2061">Burnley</charseq>
      </event_mention_argument>
      <event_mention_argument ROLE="Location" ID="T3">
        <charseq START="2043" END="2049">Oldham</charseq>
      </event_mention_argument>
    </event_mention>
  </event_mentions>
  <events>
    <event ID="1">
      <action_form>Political violence</action_form>
      <location>United Kingdom</location>
      <date_range>
        <start>2001-06-21</start>
        <end>2001-09-22</end>
      </date_range>
      <actors/>
      <issues>
        <issue>Civil rights</issue>
      </issues>
      <size/>
      <comment/>
      <link REFID="T1"/>
    </event>
    <event ID="2">
      <action_form>Political violence</action_form>
      <location>United Kingdom</location>
      <date_range>
        <start>2001-06-21</start>
        <end>2001-09-22</end>
      </date_range>
      <actors/>
      <issues>
        <issue>Civil rights</issue>
      </issues>
      <size/>
      <comment/>
      <link REFID="T1"/>
    </event>
  </events>
</document>
