<?xml version='1.0' encoding='utf8'?>
<document PUBLICATION_DATE="2003-09-15" DOCID="AFP_ENG_20030915.0432">
  <event_mentions>
    <event_mention ID="T2">
      <anchor>
        <charseq START="137" END="142">bombs</charseq>
      </anchor>
      <event_mention_argument ROLE="Date" ID="T3">
        <charseq START="116" END="122">Monday</charseq>
      </event_mention_argument>
      <event_mention_argument ROLE="Location" ID="T1">
        <charseq START="196" END="201">Derry</charseq>
      </event_mention_argument>
    </event_mention>
    <event_mention ID="T4">
      <anchor>
        <charseq START="377" END="384">devices</charseq>
      </anchor>
      <event_mention_argument ROLE="Date" ID="T5">
        <charseq START="404" END="418">Monday morning</charseq>
      </event_mention_argument>
      <event_mention_argument ROLE="Location" ID="T9">
        <charseq START="327" END="335">Limavady</charseq>
      </event_mention_argument>
      <event_mention_argument ROLE="Location" ID="T10">
        <charseq START="293" END="301">Dungiven</charseq>
      </event_mention_argument>
    </event_mention>
    <event_mention ID="T6">
      <anchor>
        <charseq START="10" END="17">planted</charseq>
      </anchor>
      <event_mention_argument ROLE="Location" ID="T7">
        <charseq START="41" END="57">Northern Ireland</charseq>
      </event_mention_argument>
    </event_mention>
    <event_mention ID="T11">
      <anchor>
        <charseq START="452" END="457">bombs</charseq>
      </anchor>
    </event_mention>
  </event_mentions>
  <events>
    <event ID="1">
      <action_form>Political violence</action_form>
      <location>United Kingdom</location>
      <date_range>
        <start>2003-09-15</start>
        <end>2003-09-15</end>
      </date_range>
      <actors/>
      <issues>
        <issue>Institutional reform</issue>
      </issues>
      <size/>
      <comment/>
      <link REFID="T2"/>
      <link REFID="T4"/>
      <link REFID="T6"/>
      <link REFID="T11"/>
    </event>
  </events>
</document>
