<?xml version='1.0' encoding='utf8'?>
<document PUBLICATION_DATE="2002-04-08" DOCID="AFP_ENG_20020408.0448">
  <event_mentions>
    <event_mention ID="T1">
      <anchor>
        <charseq START="298" END="305">attacks</charseq>
      </anchor>
    </event_mention>
    <event_mention ID="T2">
      <anchor>
        <charseq START="371" END="376">abuse</charseq>
      </anchor>
      <event_mention_argument ROLE="Issue" ID="T8">
        <charseq START="417" END="423">Jewish</charseq>
      </event_mention_argument>
    </event_mention>
    <event_mention ID="T3">
      <anchor>
        <charseq START="635" END="644">destroyed</charseq>
      </anchor>
      <event_mention_argument ROLE="Location" ID="T4">
        <charseq START="611" END="620">Marseille</charseq>
      </event_mention_argument>
    </event_mention>
    <event_mention ID="T5">
      <anchor>
        <charseq START="558" END="565">attacks</charseq>
      </anchor>
      <event_mention_argument ROLE="Date" ID="T6">
        <charseq START="522" END="531">last week</charseq>
      </event_mention_argument>
      <event_mention_argument ROLE="Issue" ID="T7">
        <charseq START="569" END="575">Jewish</charseq>
      </event_mention_argument>
    </event_mention>
    <event_mention ID="T9">
      <anchor>
        <charseq START="150" END="157">attacks</charseq>
      </anchor>
      <event_mention_argument ROLE="Date" ID="T11">
        <charseq START="121" END="130">past week</charseq>
      </event_mention_argument>
      <event_mention_argument ROLE="Issue" ID="T10">
        <charseq START="161" END="187">Jewish people and property</charseq>
      </event_mention_argument>
      <event_mention_argument ROLE="Location" ID="T12">
        <charseq START="107" END="113">France</charseq>
      </event_mention_argument>
    </event_mention>
    <event_mention ID="T13">
      <anchor>
        <charseq START="35" END="42">attacks</charseq>
      </anchor>
      <event_mention_argument ROLE="Issue" ID="T14">
        <charseq START="23" END="34">anti-Jewish</charseq>
      </event_mention_argument>
      <event_mention_argument ROLE="Location" ID="T15">
        <charseq START="0" END="6">France</charseq>
      </event_mention_argument>
    </event_mention>
    <event_mention ID="T16">
      <anchor>
        <charseq START="650" END="657">attacks</charseq>
      </anchor>
      <event_mention_argument ROLE="Location" ID="T17">
        <charseq START="699" END="705">French</charseq>
      </event_mention_argument>
    </event_mention>
  </event_mentions>
  <events>
    <event ID="1">
      <action_form>Political violence</action_form>
      <location>France</location>
      <date_range>
        <start>2002-04-01</start>
        <end>2002-04-07</end>
      </date_range>
      <actors/>
      <issues/>
      <size/>
      <comment>Issue: Anti-Semitism </comment>
      <link REFID="T1"/>
      <link REFID="T5"/>
      <link REFID="T9"/>
      <link REFID="T13"/>
      <link REFID="T16"/>
    </event>
    <event ID="2">
      <action_form>Gruesome violence</action_form>
      <location>France</location>
      <date_range>
        <start>2002-04-01</start>
        <end>2002-04-07</end>
      </date_range>
      <actors/>
      <issues/>
      <size/>
      <comment>Issue: Anti-Semitism </comment>
      <link REFID="T2"/>
      <link REFID="T5"/>
      <link REFID="T9"/>
      <link REFID="T13"/>
      <link REFID="T16"/>
    </event>
    <event ID="3">
      <action_form>Political violence</action_form>
      <location>France</location>
      <date_range>
        <start>2002-04-01</start>
        <end>2002-04-07</end>
      </date_range>
      <actors/>
      <issues/>
      <size/>
      <comment>Issue: Anti-Semitism </comment>
      <link REFID="T3"/>
      <link REFID="T5"/>
      <link REFID="T9"/>
      <link REFID="T13"/>
      <link REFID="T16"/>
    </event>
  </events>
</document>
