<?xml version='1.0' encoding='utf8'?>
<document PUBLICATION_DATE="2006-03-08" DOCID="AFP_ENG_20060308.0148">
  <event_mentions>
    <event_mention ID="T2">
      <anchor>
        <charseq START="95" END="104">detonated</charseq>
      </anchor>
      <event_mention_argument ROLE="Date" ID="T4">
        <charseq START="180" END="189">Wednesday</charseq>
      </event_mention_argument>
      <event_mention_argument ROLE="Location" ID="T3">
        <charseq START="152" END="159">Santona</charseq>
      </event_mention_argument>
      <event_mention_argument ROLE="Actor" ID="T1">
        <charseq START="91" END="94">ETA</charseq>
      </event_mention_argument>
    </event_mention>
    <event_mention ID="T7">
      <anchor>
        <charseq START="294" END="302">exploded</charseq>
      </anchor>
      <event_mention_argument ROLE="Date" ID="T5">
        <charseq START="307" END="314">8:00 am</charseq>
      </event_mention_argument>
      <event_mention_argument ROLE="Location" ID="T6">
        <charseq START="338" END="345">Santona</charseq>
      </event_mention_argument>
    </event_mention>
    <event_mention ID="T9">
      <anchor>
        <charseq START="587" END="596">explosion</charseq>
      </anchor>
      <event_mention_argument ROLE="Actor" ID="T8">
        <charseq START="574" END="577">ETA</charseq>
      </event_mention_argument>
    </event_mention>
    <event_mention ID="T10">
      <anchor>
        <charseq START="728" END="736">exploded</charseq>
      </anchor>
      <event_mention_argument ROLE="Date" ID="T11">
        <charseq START="737" END="750">Tuesday night</charseq>
      </event_mention_argument>
      <event_mention_argument ROLE="Location" ID="T12">
        <charseq START="781" END="789">Plentzia</charseq>
      </event_mention_argument>
    </event_mention>
    <event_mention ID="T13">
      <anchor>
        <charseq START="965" END="973">campaign</charseq>
      </anchor>
      <event_mention_argument ROLE="Issue" ID="T15">
        <charseq START="982" END="1066">independent Basque homeland comprising parts of northern Spain  and southwest France</charseq>
      </event_mention_argument>
      <event_mention_argument ROLE="Actor" ID="T14">
        <charseq START="941" END="944">ETA</charseq>
      </event_mention_argument>
    </event_mention>
    <event_mention ID="T17">
      <anchor>
        <charseq START="4" END="12">bombings</charseq>
      </anchor>
      <event_mention_argument ROLE="Location" ID="T18">
        <charseq START="25" END="30">Spain</charseq>
      </event_mention_argument>
      <event_mention_argument ROLE="Actor" ID="T16">
        <charseq START="0" END="3">ETA</charseq>
      </event_mention_argument>
    </event_mention>
    <event_mention ID="T19">
      <anchor>
        <charseq START="891" END="896">bombs</charseq>
      </anchor>
    </event_mention>
  </event_mentions>
  <events>
    <event ID="1">
      <action_form>Gruesome violence</action_form>
      <location>Spain</location>
      <date_range>
        <start>2006-03-08</start>
        <end>2006-03-08</end>
      </date_range>
      <actors>
        <actor>Organization</actor>
      </actors>
      <issues>
        <issue>For regionalism</issue>
      </issues>
      <size/>
      <comment/>
      <link REFID="T2"/>
      <link REFID="T7"/>
      <link REFID="T9"/>
      <link REFID="T13"/>
      <link REFID="T17"/>
    </event>
    <event ID="2">
      <action_form>Gruesome violence</action_form>
      <location>Spain</location>
      <date_range>
        <start>2006-03-07</start>
        <end>2006-03-07</end>
      </date_range>
      <actors>
        <actor>Organization</actor>
      </actors>
      <issues>
        <issue>For regionalism</issue>
      </issues>
      <size/>
      <comment/>
      <link REFID="T10"/>
      <link REFID="T13"/>
      <link REFID="T17"/>
      <link REFID="T19"/>
    </event>
  </events>
</document>
