<?xml version='1.0' encoding='utf8'?>
<document PUBLICATION_DATE="2006-03-03" DOCID="AFP_ENG_20060303.0593">
  <event_mentions>
    <event_mention ID="T1">
      <anchor>
        <charseq START="754" END="767">demonstration</charseq>
      </anchor>
      <event_mention_argument ROLE="Issue" ID="T3">
        <charseq START="794" END="825">his and  other scientists' work</charseq>
      </event_mention_argument>
      <event_mention_argument ROLE="Location" ID="T2">
        <charseq START="707" END="713">Oxford</charseq>
      </event_mention_argument>
    </event_mention>
    <event_mention ID="T4">
      <anchor>
        <charseq START="1180" END="1188">campaign</charseq>
      </anchor>
      <event_mention_argument ROLE="Date" ID="T5">
        <charseq START="1114" END="1123">July 2004</charseq>
      </event_mention_argument>
    </event_mention>
    <event_mention ID="T6">
      <anchor>
        <charseq START="1478" END="1486">Protests</charseq>
      </anchor>
      <event_mention_argument ROLE="Issue" ID="T7">
        <charseq START="1495" END="1549">laboratories and companies involved in animal  testing</charseq>
      </event_mention_argument>
      <event_mention_argument ROLE="Location" ID="T8">
        <charseq START="1587" END="1594">Britain</charseq>
      </event_mention_argument>
    </event_mention>
    <event_mention ID="T9">
      <anchor>
        <charseq START="1638" END="1647">campaigns</charseq>
      </anchor>
      <event_mention_argument ROLE="Location" ID="T11">
        <charseq START="1722" END="1731">Cambridge</charseq>
      </event_mention_argument>
      <event_mention_argument ROLE="Location" ID="T10">
        <charseq START="1765" END="1778">Staffordshire</charseq>
      </event_mention_argument>
    </event_mention>
  </event_mentions>
  <events>
    <event ID="1">
      <action_form>Demonstration</action_form>
      <location>United Kingdom</location>
      <date_range>
        <start>2006-02-27</start>
        <end>2006-03-05</end>
        <approximate/>
      </date_range>
      <actors/>
      <issues>
        <issue>Environmental protection</issue>
      </issues>
      <size/>
      <comment/>
      <link REFID="T1"/>
    </event>
    <event ID="2">
      <action_form>Protest</action_form>
      <location>United Kingdom</location>
      <date_range>
        <start>2004-07-01</start>
        <end>2004-07-31</end>
        <approximate/>
      </date_range>
      <actors/>
      <issues>
        <issue>Environmental protection</issue>
      </issues>
      <size/>
      <comment/>
      <link REFID="T4"/>
      <link REFID="T6"/>
    </event>
    <event ID="3">
      <action_form>Protest</action_form>
      <location>United Kingdom</location>
      <date_range>
        <start>2000-01-01</start>
        <end>2006-03-03</end>
        <approximate/>
      </date_range>
      <actors/>
      <issues>
        <issue>Environmental protection</issue>
      </issues>
      <size/>
      <comment/>
      <link REFID="T6"/>
      <link REFID="T9"/>
    </event>
    <event ID="4">
      <action_form>Protest</action_form>
      <location>United Kingdom</location>
      <date_range>
        <start>2000-01-01</start>
        <end>2006-03-03</end>
        <approximate/>
      </date_range>
      <actors/>
      <issues>
        <issue>Environmental protection</issue>
      </issues>
      <size/>
      <comment/>
      <link REFID="T9"/>
      <link REFID="T6"/>
    </event>
  </events>
</document>
