<?xml version='1.0' encoding='utf8'?>
<document PUBLICATION_DATE="2006-10-02" DOCID="AFP_ENG_20061002.0314">
  <event_mentions>
    <event_mention ID="T1">
      <anchor>
        <charseq START="134" END="140">letter</charseq>
      </anchor>
      <event_mention_argument ROLE="Date" ID="T3">
        <charseq START="163" END="169">Monday</charseq>
      </event_mention_argument>
      <event_mention_argument ROLE="Issue" ID="T6">
        <charseq START="182" END="300">support for Robert Redeker, the teacher who is in hiding after  receiving death threats for an article attacking Islam</charseq>
      </event_mention_argument>
      <event_mention_argument ROLE="Actor" ID="T5">
        <charseq START="102" END="114">philosophers</charseq>
      </event_mention_argument>
    </event_mention>
    <event_mention ID="T2">
      <anchor>
        <charseq START="262" END="269">threats</charseq>
      </anchor>
      <event_mention_argument ROLE="Issue" ID="T7">
        <charseq START="285" END="300">attacking Islam</charseq>
      </event_mention_argument>
      <event_mention_argument ROLE="Location" ID="T4">
        <charseq START="82" END="88">France</charseq>
      </event_mention_argument>
    </event_mention>
    <event_mention ID="T9">
      <anchor>
        <charseq START="393" END="398">urged</charseq>
      </anchor>
      <event_mention_argument ROLE="Issue" ID="T12">
        <charseq START="416" END="470">to  defray Redeker's expenses while he is under threat</charseq>
      </event_mention_argument>
      <event_mention_argument ROLE="Actor" ID="T8">
        <charseq START="306" END="313">writers</charseq>
      </event_mention_argument>
    </event_mention>
    <event_mention ID="T10">
      <anchor>
        <charseq START="464" END="470">threat</charseq>
      </anchor>
      <event_mention_argument ROLE="Location" ID="T11">
        <charseq START="403" END="409">French</charseq>
      </event_mention_argument>
    </event_mention>
    <event_mention ID="T13">
      <anchor>
        <charseq START="753" END="760">threats</charseq>
      </anchor>
      <event_mention_argument ROLE="Date" ID="T14">
        <charseq START="769" END="781">September 19</charseq>
      </event_mention_argument>
      <event_mention_argument ROLE="Issue" ID="T15">
        <charseq START="765" END="824">his September 19 article in the right-wing daily Le  Figaro</charseq>
      </event_mention_argument>
    </event_mention>
    <event_mention ID="T16">
      <anchor>
        <charseq START="1117" END="1123">letter</charseq>
      </anchor>
    </event_mention>
    <event_mention ID="T17">
      <anchor>
        <charseq START="1369" END="1376">hounded</charseq>
      </anchor>
      <event_mention_argument ROLE="Issue" ID="T20">
        <charseq START="1409" END="1444">over his book "The  Satanic Verses"</charseq>
      </event_mention_argument>
      <event_mention_argument ROLE="Location" ID="T19">
        <charseq START="1337" END="1344">British</charseq>
      </event_mention_argument>
    </event_mention>
    <event_mention ID="T18">
      <anchor>
        <charseq START="1493" END="1499">killed</charseq>
      </anchor>
      <event_mention_argument ROLE="Date" ID="T22">
        <charseq START="1529" END="1533">2004</charseq>
      </event_mention_argument>
      <event_mention_argument ROLE="Location" ID="T21">
        <charseq START="1516" END="1525">Amsterdam</charseq>
      </event_mention_argument>
    </event_mention>
    <event_mention ID="T23">
      <anchor>
        <charseq START="20" END="24">back</charseq>
      </anchor>
      <event_mention_argument ROLE="Issue" ID="T26">
        <charseq START="25" END="62">teacher in hiding after Islam article</charseq>
      </event_mention_argument>
      <event_mention_argument ROLE="Location" ID="T25">
        <charseq START="0" END="6">French</charseq>
      </event_mention_argument>
      <event_mention_argument ROLE="Actor" ID="T24">
        <charseq START="7" END="19">philosophers</charseq>
      </event_mention_argument>
    </event_mention>
  </event_mentions>
  <events>
    <event ID="1">
      <action_form>Petition</action_form>
      <location>France</location>
      <date_range>
        <start>2006-10-02</start>
        <end>2006-10-02</end>
      </date_range>
      <actors>
        <actor>Intellectuals</actor>
      </actors>
      <issues>
        <issue>Civil rights</issue>
      </issues>
      <size/>
      <comment/>
      <link REFID="T1"/>
      <link REFID="T9"/>
      <link REFID="T16"/>
      <link REFID="T23"/>
    </event>
    <event ID="2">
      <action_form>Political violence</action_form>
      <location>France</location>
      <date_range>
        <start>2006-09-19</start>
        <end>2006-10-02</end>
        <approximate/>
      </date_range>
      <actors>
        <actor>Religious groups / fundamentalists</actor>
      </actors>
      <issues/>
      <size/>
      <comment/>
      <link REFID="T2"/>
      <link REFID="T10"/>
      <link REFID="T13"/>
    </event>
    <event ID="3">
      <action_form>Political violence</action_form>
      <location>United Kingdom</location>
      <date_range>
        <start>2000-01-01</start>
        <end>2015-12-31</end>
        <approximate/>
      </date_range>
      <actors>
        <actor>Religious groups / fundamentalists</actor>
      </actors>
      <issues/>
      <size/>
      <comment/>
      <link REFID="T17"/>
    </event>
    <event ID="4">
      <action_form>Gruesome violence</action_form>
      <location>Netherlands</location>
      <date_range>
        <start>2004-01-01</start>
        <end>2004-12-31</end>
        <approximate/>
      </date_range>
      <actors>
        <actor>Religious groups / fundamentalists</actor>
      </actors>
      <issues/>
      <size/>
      <comment/>
      <link REFID="T18"/>
    </event>
  </events>
</document>
