<?xml version='1.0' encoding='utf8'?>
<document PUBLICATION_DATE="2006-09-23" DOCID="AFP_ENG_20060923.0442">
  <event_mentions>
    <event_mention ID="T3">
      <anchor>
        <charseq START="272" END="277">march</charseq>
      </anchor>
      <event_mention_argument ROLE="Date" ID="T4">
        <charseq START="278" END="286">Saturday</charseq>
      </event_mention_argument>
      <event_mention_argument ROLE="Issue" ID="T5">
        <charseq START="353" END="402">British policy over Iraq, Afghanistan and Israel.</charseq>
      </event_mention_argument>
      <event_mention_argument ROLE="Location" ID="T9">
        <charseq START="353" END="360">British</charseq>
      </event_mention_argument>
      <event_mention_argument ROLE="Actor" ID="T2">
        <charseq START="206" END="212">people</charseq>
      </event_mention_argument>
      <event_mention_argument ROLE="Size" ID="T1">
        <charseq START="184" END="201">Tens of thousands</charseq>
      </event_mention_argument>
    </event_mention>
    <event_mention ID="T6">
      <anchor>
        <charseq START="33" END="40">protest</charseq>
      </anchor>
      <event_mention_argument ROLE="Issue" ID="T7">
        <charseq START="46" END="69">British foreign  policy</charseq>
      </event_mention_argument>
      <event_mention_argument ROLE="Location" ID="T10">
        <charseq START="46" END="53">British</charseq>
      </event_mention_argument>
      <event_mention_argument ROLE="Size" ID="T8">
        <charseq START="28" END="32">mass</charseq>
      </event_mention_argument>
    </event_mention>
    <event_mention ID="T11">
      <anchor>
        <charseq START="430" END="435">event</charseq>
      </anchor>
      <event_mention_argument ROLE="Location" ID="T12">
        <charseq START="487" END="494">Britain</charseq>
      </event_mention_argument>
      <event_mention_argument ROLE="Actor" ID="T13">
        <charseq START="403" END="413">Organisers</charseq>
      </event_mention_argument>
      <event_mention_argument ROLE="Actor" ID="T14">
        <charseq START="530" END="536">people</charseq>
      </event_mention_argument>
    </event_mention>
    <event_mention ID="T15">
      <anchor>
        <charseq START="629" END="634">march</charseq>
      </anchor>
      <event_mention_argument ROLE="Location" ID="T16">
        <charseq START="562" END="572">Manchester</charseq>
      </event_mention_argument>
    </event_mention>
    <event_mention ID="T17">
      <anchor>
        <charseq START="892" END="899">protest</charseq>
      </anchor>
      <event_mention_argument ROLE="Actor" ID="T18">
        <charseq START="913" END="925">left-wingers</charseq>
      </event_mention_argument>
      <event_mention_argument ROLE="Actor" ID="T19">
        <charseq START="944" END="952">lawmaker</charseq>
      </event_mention_argument>
    </event_mention>
    <event_mention ID="T20">
      <anchor>
        <charseq START="2086" END="2090">rang</charseq>
      </anchor>
      <event_mention_argument ROLE="Location" ID="T21">
        <charseq START="2132" END="2142">Manchester</charseq>
      </event_mention_argument>
    </event_mention>
    <event_mention ID="T22">
      <anchor>
        <charseq START="2808" END="2813">event</charseq>
      </anchor>
      <event_mention_argument ROLE="Actor" ID="T23">
        <charseq START="2760" END="2783">Stop the War  Coalition</charseq>
      </event_mention_argument>
    </event_mention>
    <event_mention ID="T24">
      <anchor>
        <charseq START="2855" END="2863">protests</charseq>
      </anchor>
    </event_mention>
  </event_mentions>
  <events>
    <event ID="1">
      <action_form>Demonstration</action_form>
      <location>United Kingdom</location>
      <date_range>
        <start>2006-09-23</start>
        <end>2006-09-23</end>
      </date_range>
      <actors>
        <actor>Left-libertarians</actor>
      </actors>
      <issues>
        <issue>For peace</issue>
      </issues>
      <size>10,000 or more people</size>
      <comment/>
      <link REFID="T3"/>
      <link REFID="T6"/>
      <link REFID="T11"/>
      <link REFID="T15"/>
      <link REFID="T17"/>
      <link REFID="T20"/>
      <link REFID="T22"/>
      <link REFID="T24"/>
    </event>
  </events>
</document>
