<?xml version='1.0' encoding='utf8'?>
<document PUBLICATION_DATE="2005-09-05" DOCID="AFP_ENG_20050905.0322">
  <event_mentions>
    <event_mention ID="T2">
      <anchor>
        <charseq START="3517" END="3525">petition</charseq>
      </anchor>
      <event_mention_argument ROLE="Issue" ID="T4">
        <charseq START="3567" END="3708">ban a  yet-to-debut reality show where style-challenged straight men will  get a makeover by five experts whose credentials include being gay</charseq>
      </event_mention_argument>
      <event_mention_argument ROLE="Location" ID="T3">
        <charseq START="3533" END="3541">Portugal</charseq>
      </event_mention_argument>
      <event_mention_argument ROLE="Actor" ID="T1">
        <charseq START="3461" END="3475">National Front</charseq>
      </event_mention_argument>
    </event_mention>
  </event_mentions>
  <events>
    <event ID="1">
      <action_form>Petition</action_form>
      <location>Portugal</location>
      <date_range>
        <start>2005-09-05</start>
        <end>2005-09-11</end>
        <approximate/>
      </date_range>
      <actors>
        <actor>Extreme-right supporters</actor>
      </actors>
      <issues>
        <issue>Civil rights</issue>
      </issues>
      <size/>
      <comment/>
      <link REFID="T2"/>
    </event>
  </events>
</document>
