<?xml version='1.0' encoding='utf8'?>
<document PUBLICATION_DATE="2005-09-22" DOCID="AFP_ENG_20050922.0091">
  <event_mentions>
    <event_mention ID="T1">
      <anchor>
        <charseq START="5" END="11">threat</charseq>
      </anchor>
      <event_mention_argument ROLE="Location" ID="T2">
        <charseq START="33" END="41">Budapest</charseq>
      </event_mention_argument>
    </event_mention>
    <event_mention ID="T3">
      <anchor>
        <charseq START="81" END="87">threat</charseq>
      </anchor>
      <event_mention_argument ROLE="Date" ID="T5">
        <charseq START="146" END="154">Thursday</charseq>
      </event_mention_argument>
      <event_mention_argument ROLE="Location" ID="T4">
        <charseq START="120" END="128">Budapest</charseq>
      </event_mention_argument>
    </event_mention>
    <event_mention ID="T6">
      <anchor>
        <charseq START="441" END="448">threats</charseq>
      </anchor>
    </event_mention>
    <event_mention ID="T7">
      <anchor>
        <charseq START="562" END="569">threats</charseq>
      </anchor>
    </event_mention>
  </event_mentions>
  <events>
    <event ID="1">
      <action_form>Gruesome violence</action_form>
      <location>Hungary</location>
      <date_range>
        <start>2005-09-22</start>
        <end>2005-09-22</end>
      </date_range>
      <actors/>
      <issues/>
      <size/>
      <comment/>
      <link REFID="T1"/>
      <link REFID="T3"/>
      <link REFID="T6"/>
      <link REFID="T7"/>
    </event>
  </events>
</document>
