<?xml version='1.0' encoding='utf8'?>
<document PUBLICATION_DATE="2003-10-16" DOCID="AFP_ENG_20031016.0355">
  <event_mentions>
    <event_mention ID="T1">
      <anchor>
        <charseq START="65" END="70">blast</charseq>
      </anchor>
      <event_mention_argument ROLE="Location" ID="T2">
        <charseq START="54" END="59">Paris</charseq>
      </event_mention_argument>
    </event_mention>
    <event_mention ID="T3">
      <anchor>
        <charseq START="134" END="139">blast</charseq>
      </anchor>
      <event_mention_argument ROLE="Date" ID="T5">
        <charseq START="181" END="190">last week</charseq>
      </event_mention_argument>
      <event_mention_argument ROLE="Location" ID="T4">
        <charseq START="164" END="169">Paris</charseq>
      </event_mention_argument>
    </event_mention>
    <event_mention ID="T6">
      <anchor>
        <charseq START="317" END="323">attack</charseq>
      </anchor>
    </event_mention>
    <event_mention ID="T9">
      <anchor>
        <charseq START="636" END="641">blast</charseq>
      </anchor>
      <event_mention_argument ROLE="Date" ID="T11">
        <charseq START="623" END="635">Friday night</charseq>
      </event_mention_argument>
      <event_mention_argument ROLE="Actor" ID="T8">
        <charseq START="542" END="576">Corsican National Liberation Front</charseq>
      </event_mention_argument>
    </event_mention>
    <event_mention ID="T12">
      <anchor>
        <charseq START="1195" END="1207">assassinated</charseq>
      </anchor>
      <event_mention_argument ROLE="Date" ID="T14">
        <charseq START="1148" END="1152">1998</charseq>
      </event_mention_argument>
      <event_mention_argument ROLE="Location" ID="T13">
        <charseq START="1243" END="1250">Ajaccio</charseq>
      </event_mention_argument>
    </event_mention>
  </event_mentions>
  <events>
    <event ID="1">
      <action_form>Gruesome violence</action_form>
      <location>France</location>
      <date_range>
        <start>2003-10-10</start>
        <end>2003-10-10</end>
      </date_range>
      <actors>
        <actor>Organization</actor>
      </actors>
      <issues>
        <issue>For regionalism</issue>
      </issues>
      <size/>
      <comment/>
      <link REFID="T1"/>
      <link REFID="T3"/>
      <link REFID="T6"/>
      <link REFID="T9"/>
    </event>
    <event ID="2">
      <action_form>Gruesome violence</action_form>
      <location>France</location>
      <date_range>
        <start>1998-01-01</start>
        <end>1998-12-31</end>
      </date_range>
      <actors>
        <actor>Organization</actor>
      </actors>
      <issues>
        <issue>For regionalism</issue>
      </issues>
      <size/>
      <comment/>
      <link REFID="T12"/>
    </event>
  </events>
</document>
