<?xml version='1.0' encoding='utf8'?>
<document PUBLICATION_DATE="2002-04-27" DOCID="AFP_ENG_20020427.0377">
  <event_mentions>
    <event_mention ID="T3">
      <anchor>
        <charseq START="114" END="123">protested</charseq>
      </anchor>
      <event_mention_argument ROLE="Date" ID="T5">
        <charseq START="133" END="141">Saturday</charseq>
      </event_mention_argument>
      <event_mention_argument ROLE="Issue" ID="T6">
        <charseq START="144" END="214">decision to suspend public access to communist-era secret police files</charseq>
      </event_mention_argument>
      <event_mention_argument ROLE="Location" ID="T4">
        <charseq START="127" END="132">Sofia</charseq>
      </event_mention_argument>
      <event_mention_argument ROLE="Actor" ID="T2">
        <charseq START="100" END="113">demonstrators</charseq>
      </event_mention_argument>
      <event_mention_argument ROLE="Size" ID="T1">
        <charseq START="89" END="99">Some 5,000</charseq>
      </event_mention_argument>
    </event_mention>
    <event_mention ID="T7">
      <anchor>
        <charseq START="656" END="662">called</charseq>
      </anchor>
      <event_mention_argument ROLE="Actor" ID="T8">
        <charseq START="645" END="655">protestors</charseq>
      </event_mention_argument>
    </event_mention>
    <event_mention ID="T10">
      <anchor>
        <charseq START="10" END="17">protest</charseq>
      </anchor>
      <event_mention_argument ROLE="Issue" ID="T12">
        <charseq START="18" END="66">closure of Bulgaria's communist-era police files</charseq>
      </event_mention_argument>
      <event_mention_argument ROLE="Location" ID="T11">
        <charseq START="29" END="37">Bulgaria</charseq>
      </event_mention_argument>
      <event_mention_argument ROLE="Size" ID="T9">
        <charseq START="0" END="9">Thousands</charseq>
      </event_mention_argument>
    </event_mention>
  </event_mentions>
  <events>
    <event ID="1">
      <action_form>Demonstration</action_form>
      <location>Bulgaria</location>
      <date_range>
        <start>2002-04-27</start>
        <end>2002-04-27</end>
      </date_range>
      <actors/>
      <issues>
        <issue>Civil rights</issue>
      </issues>
      <size>1,000-9,999 people</size>
      <comment/>
      <link REFID="T3"/>
      <link REFID="T7"/>
      <link REFID="T10"/>
    </event>
  </events>
</document>
