<?xml version='1.0' encoding='utf8'?>
<document PUBLICATION_DATE="2006-10-09" DOCID="AFP_ENG_20061009.0392">
  <event_mentions>
    <event_mention ID="T1">
      <anchor>
        <charseq START="2022" END="2027">threw</charseq>
      </anchor>
      <event_mention_argument ROLE="Date" ID="T3">
        <charseq START="2064" END="2070">Monday</charseq>
      </event_mention_argument>
      <event_mention_argument ROLE="Issue" ID="T4">
        <charseq START="2071" END="2162">in memory of the hundreds of workers who die each year in the  largely unregulated industry</charseq>
      </event_mention_argument>
      <event_mention_argument ROLE="Location" ID="T2">
        <charseq START="2041" END="2047">London</charseq>
      </event_mention_argument>
      <event_mention_argument ROLE="Actor" ID="T5">
        <charseq START="2011" END="2021">delegation</charseq>
      </event_mention_argument>
    </event_mention>
  </event_mentions>
  <events>
    <event ID="1">
      <action_form>Demonstration</action_form>
      <location>United Kingdom</location>
      <date_range>
        <start>2006-10-09</start>
        <end>2006-10-09</end>
      </date_range>
      <actors>
        <actor>Trade union</actor>
        <actor>Occupational group</actor>
      </actors>
      <issues>
        <issue>For labour rights</issue>
      </issues>
      <size/>
      <comment/>
      <link REFID="T1"/>
    </event>
  </events>
</document>
