<?xml version='1.0' encoding='utf8'?>
<document PUBLICATION_DATE="2003-10-15" DOCID="AFP_ENG_20031015.0115">
  <event_mentions>
    <event_mention ID="T1">
      <anchor>
        <charseq START="44" END="51">protest</charseq>
      </anchor>
      <event_mention_argument ROLE="Issue" ID="T3">
        <charseq START="39" END="43">Iraq</charseq>
      </event_mention_argument>
      <event_mention_argument ROLE="Location" ID="T4">
        <charseq START="0" END="7">British</charseq>
      </event_mention_argument>
      <event_mention_argument ROLE="Actor" ID="T2">
        <charseq START="20" END="25">boxer</charseq>
      </event_mention_argument>
    </event_mention>
    <event_mention ID="T5">
      <anchor>
        <charseq START="213" END="220">protest</charseq>
      </anchor>
      <event_mention_argument ROLE="Issue" ID="T8">
        <charseq START="251" END="259">Iraq war</charseq>
      </event_mention_argument>
      <event_mention_argument ROLE="Location" ID="T7">
        <charseq START="224" END="238">Downing Street</charseq>
      </event_mention_argument>
      <event_mention_argument ROLE="Actor" ID="T9">
        <charseq START="110" END="122">Chris Eubank</charseq>
      </event_mention_argument>
      <event_mention_argument ROLE="Size" ID="T6">
        <charseq START="205" END="212">one-man</charseq>
      </event_mention_argument>
    </event_mention>
    <event_mention ID="T11">
      <anchor>
        <charseq START="464" END="469">block</charseq>
      </anchor>
      <event_mention_argument ROLE="Date" ID="T13">
        <charseq START="304" END="311">Tuesday</charseq>
      </event_mention_argument>
      <event_mention_argument ROLE="Issue" ID="T10">
        <charseq START="379" END="428">"Tony Blair military occupation causes terrorism"</charseq>
      </event_mention_argument>
      <event_mention_argument ROLE="Location" ID="T12">
        <charseq START="483" END="497">Downing Street</charseq>
      </event_mention_argument>
      <event_mention_argument ROLE="Actor" ID="T14">
        <charseq START="284" END="290">Eubank</charseq>
      </event_mention_argument>
    </event_mention>
    <event_mention ID="T15">
      <anchor>
        <charseq START="601" END="609">incident</charseq>
      </anchor>
      <event_mention_argument ROLE="Actor" ID="T16">
        <charseq START="573" END="579">Eubank</charseq>
      </event_mention_argument>
    </event_mention>
  </event_mentions>
  <events>
    <event ID="1">
      <action_form>Occupation / Blockade</action_form>
      <location>United Kingdom</location>
      <date_range>
        <start>2003-10-14</start>
        <end>2003-10-14</end>
      </date_range>
      <actors>
        <actor>Intellectuals</actor>
      </actors>
      <issues>
        <issue>For peace</issue>
      </issues>
      <size>1-9 people</size>
      <comment/>
      <link REFID="T1"/>
      <link REFID="T5"/>
      <link REFID="T11"/>
      <link REFID="T15"/>
    </event>
  </events>
</document>
