<?xml version='1.0' encoding='utf8'?>
<document PUBLICATION_DATE="2003-03-27" DOCID="AFP_ENG_20030327.0111">
  <event_mentions>
    <event_mention ID="T1">
      <anchor>
        <charseq START="158" END="165">killing</charseq>
      </anchor>
      <event_mention_argument ROLE="Date" ID="T3">
        <charseq START="204" END="213">last year</charseq>
      </event_mention_argument>
      <event_mention_argument ROLE="Location" ID="T2">
        <charseq START="166" END="171">Dutch</charseq>
      </event_mention_argument>
      <event_mention_argument ROLE="Actor" ID="T4">
        <charseq START="107" END="127">Volkert van der Graa</charseq>
      </event_mention_argument>
    </event_mention>
    <event_mention ID="T5">
      <anchor>
        <charseq START="421" END="434">assassination</charseq>
      </anchor>
      <event_mention_argument ROLE="Location" ID="T6">
        <charseq START="569" END="584">the Netherlands</charseq>
      </event_mention_argument>
    </event_mention>
  </event_mentions>
  <events>
    <event ID="1">
      <action_form>Gruesome violence</action_form>
      <location>Netherlands</location>
      <date_range>
        <start>2002-05-06</start>
        <end>2002-05-06</end>
      </date_range>
      <actors/>
      <issues/>
      <size>1-9 people</size>
      <comment/>
      <link REFID="T1"/>
      <link REFID="T5"/>
    </event>
  </events>
</document>
