<?xml version='1.0' encoding='utf8'?>
<document PUBLICATION_DATE="2006-09-13" DOCID="AFP_ENG_20060913.0260">
  <event_mentions>
    <event_mention ID="T1">
      <anchor>
        <charseq START="229" END="236">threats</charseq>
      </anchor>
      <event_mention_argument ROLE="Location" ID="T3">
        <charseq START="170" END="176">Madrid</charseq>
      </event_mention_argument>
      <event_mention_argument ROLE="Actor" ID="T2">
        <charseq START="261" END="267">groups</charseq>
      </event_mention_argument>
    </event_mention>
    <event_mention ID="T4">
      <anchor>
        <charseq START="800" END="807">threats</charseq>
      </anchor>
    </event_mention>
    <event_mention ID="T5">
      <anchor>
        <charseq START="1752" END="1764">demonstrated</charseq>
      </anchor>
      <event_mention_argument ROLE="Date" ID="T6">
        <charseq START="1768" END="1776">February</charseq>
      </event_mention_argument>
      <event_mention_argument ROLE="Issue" ID="T9">
        <charseq START="1846" END="1910">"Revelation", a  biting satire about the Roman Catholic religion</charseq>
      </event_mention_argument>
      <event_mention_argument ROLE="Location" ID="T7">
        <charseq START="1798" END="1804">Madrid</charseq>
      </event_mention_argument>
      <event_mention_argument ROLE="Actor" ID="T8">
        <charseq START="1741" END="1746">group</charseq>
      </event_mention_argument>
    </event_mention>
    <event_mention ID="T11">
      <anchor>
        <charseq START="1996" END="1999">lit</charseq>
      </anchor>
      <event_mention_argument ROLE="Actor" ID="T10">
        <charseq START="1989" END="1995">person</charseq>
      </event_mention_argument>
    </event_mention>
    <event_mention ID="T12">
      <anchor>
        <charseq START="2107" END="2115">incident</charseq>
      </anchor>
    </event_mention>
    <event_mention ID="T13">
      <anchor>
        <charseq START="40" END="47">threats</charseq>
      </anchor>
      <event_mention_argument ROLE="Location" ID="T14">
        <charseq START="0" END="7">Spanish</charseq>
      </event_mention_argument>
    </event_mention>
  </event_mentions>
  <events>
    <event ID="1">
      <action_form>Political violence</action_form>
      <location>Spain</location>
      <date_range>
        <start>2006-09-11</start>
        <end>2006-09-17</end>
        <approximate/>
      </date_range>
      <actors>
        <actor>Extreme-right supporters</actor>
      </actors>
      <issues/>
      <size/>
      <comment/>
      <link REFID="T1"/>
      <link REFID="T4"/>
      <link REFID="T13"/>
    </event>
    <event ID="2">
      <action_form>Demonstration</action_form>
      <location>Spain</location>
      <date_range>
        <start>2006-02-01</start>
        <end>2006-02-28</end>
        <approximate/>
      </date_range>
      <actors>
        <actor>Extreme-right supporters</actor>
      </actors>
      <issues/>
      <size/>
      <comment/>
      <link REFID="T5"/>
    </event>
    <event ID="3">
      <action_form>Gruesome violence</action_form>
      <location>Spain</location>
      <date_range>
        <start>2006-02-01</start>
        <end>2006-02-28</end>
        <approximate/>
      </date_range>
      <actors/>
      <issues/>
      <size>1-9 people</size>
      <comment/>
      <link REFID="T11"/>
      <link REFID="T12"/>
    </event>
  </events>
</document>
