<?xml version='1.0' encoding='utf8'?>
<document PUBLICATION_DATE="2006-04-20" DOCID="AFP_ENG_20060420.0481">
  <event_mentions>
    <event_mention ID="T1">
      <anchor>
        <charseq START="2867" END="2872">march</charseq>
      </anchor>
      <event_mention_argument ROLE="Date" ID="T2">
        <charseq START="2877" END="2881">1996</charseq>
      </event_mention_argument>
      <event_mention_argument ROLE="Issue" ID="T6">
        <charseq START="2941" END="2953">Dutroux case</charseq>
      </event_mention_argument>
      <event_mention_argument ROLE="Location" ID="T3">
        <charseq START="2836" END="2843">Belgium</charseq>
      </event_mention_argument>
      <event_mention_argument ROLE="Actor" ID="T5">
        <charseq START="2893" END="2899">people</charseq>
      </event_mention_argument>
      <event_mention_argument ROLE="Size" ID="T4">
        <charseq START="2885" END="2892">300,000</charseq>
      </event_mention_argument>
    </event_mention>
  </event_mentions>
  <events>
    <event ID="1">
      <action_form>Demonstration</action_form>
      <location>Belgium</location>
      <date_range>
        <start>1996-01-01</start>
        <end>1996-12-31</end>
        <approximate/>
      </date_range>
      <actors/>
      <issues/>
      <size>10,000 or more people</size>
      <comment/>
      <link REFID="T1"/>
    </event>
  </events>
</document>
