<?xml version='1.0' encoding='utf8'?>
<document PUBLICATION_DATE="2003-10-29" DOCID="AFP_ENG_20031029.0488">
  <event_mentions>
    <event_mention ID="T1">
      <anchor>
        <charseq START="893" END="900">protest</charseq>
      </anchor>
      <event_mention_argument ROLE="Date" ID="T2">
        <charseq START="901" END="915">late Wednesday</charseq>
      </event_mention_argument>
      <event_mention_argument ROLE="Issue" ID="T6">
        <charseq START="799" END="823">self-rule for the island</charseq>
      </event_mention_argument>
      <event_mention_argument ROLE="Issue" ID="T7">
        <charseq START="987" END="1018">Sarkozy's "repressive" policies</charseq>
      </event_mention_argument>
      <event_mention_argument ROLE="Location" ID="T3">
        <charseq START="967" END="974">Ajaccio</charseq>
      </event_mention_argument>
      <event_mention_argument ROLE="Actor" ID="T5">
        <charseq START="780" END="786">groups</charseq>
      </event_mention_argument>
      <event_mention_argument ROLE="Actor" ID="T4">
        <charseq START="768" END="775">parties</charseq>
      </event_mention_argument>
    </event_mention>
    <event_mention ID="T13">
      <anchor>
        <charseq START="1129" END="1133">bomb</charseq>
      </anchor>
      <event_mention_argument ROLE="Date" ID="T12">
        <charseq START="1113" END="1125">Sunday night</charseq>
      </event_mention_argument>
      <event_mention_argument ROLE="Location" ID="T14">
        <charseq START="1185" END="1192">Corsica</charseq>
      </event_mention_argument>
    </event_mention>
    <event_mention ID="T15">
      <anchor>
        <charseq START="1220" END="1226">rocket</charseq>
      </anchor>
      <event_mention_argument ROLE="Date" ID="T16">
        <charseq START="1198" END="1208">day before</charseq>
      </event_mention_argument>
      <event_mention_argument ROLE="Location" ID="T24">
        <charseq START="1259" END="1266">Ajaccio</charseq>
      </event_mention_argument>
    </event_mention>
    <event_mention ID="T8">
      <anchor>
        <charseq START="1371" END="1380">destroyed</charseq>
      </anchor>
      <event_mention_argument ROLE="Location" ID="T9">
        <charseq START="1347" END="1353">Aleria</charseq>
      </event_mention_argument>
    </event_mention>
    <event_mention ID="T11">
      <anchor>
        <charseq START="1388" END="1392">acts</charseq>
      </anchor>
      <event_mention_argument ROLE="Location" ID="T10">
        <charseq START="1489" END="1493">Nice</charseq>
      </event_mention_argument>
      <event_mention_argument ROLE="Actor" ID="T17">
        <charseq START="1577" END="1630">Corsican National Liberation Front-Combattants' Union</charseq>
      </event_mention_argument>
    </event_mention>
    <event_mention ID="T18">
      <anchor>
        <charseq START="1947" END="1960">assassinating</charseq>
      </anchor>
      <event_mention_argument ROLE="Date" ID="T19">
        <charseq START="1983" END="1987">1998</charseq>
      </event_mention_argument>
      <event_mention_argument ROLE="Location" ID="T20">
        <charseq START="1961" END="1968">Corsica</charseq>
      </event_mention_argument>
    </event_mention>
    <event_mention ID="T21">
      <anchor>
        <charseq START="3091" END="3097">gunned</charseq>
      </anchor>
      <event_mention_argument ROLE="Date" ID="T23">
        <charseq START="3106" END="3110">1998</charseq>
      </event_mention_argument>
      <event_mention_argument ROLE="Location" ID="T22">
        <charseq START="3043" END="3050">Ajaccio</charseq>
      </event_mention_argument>
    </event_mention>
    <event_mention ID="T25">
      <anchor>
        <charseq START="1020" END="1027">Attacks</charseq>
      </anchor>
    </event_mention>
    <event_mention ID="T26">
      <anchor>
        <charseq START="1032" END="1041">vandalism</charseq>
      </anchor>
      <event_mention_argument ROLE="Location" ID="T27">
        <charseq START="1075" END="1081">island</charseq>
      </event_mention_argument>
      <event_mention_argument ROLE="Location" ID="T28">
        <charseq START="1093" END="1099">French</charseq>
      </event_mention_argument>
    </event_mention>
  </event_mentions>
  <events>
    <event ID="1">
      <action_form>Demonstration</action_form>
      <location>France</location>
      <date_range>
        <start>2003-10-22</start>
        <end>2003-10-22</end>
      </date_range>
      <actors>
        <actor>Organization</actor>
        <actor>Political party</actor>
      </actors>
      <issues>
        <issue>For regionalism</issue>
      </issues>
      <size/>
      <comment/>
      <link REFID="T1"/>
    </event>
    <event ID="2">
      <action_form>Political violence</action_form>
      <location>France</location>
      <date_range>
        <start>2003-10-26</start>
        <end>2003-10-26</end>
      </date_range>
      <actors/>
      <issues>
        <issue>For regionalism</issue>
      </issues>
      <size/>
      <comment/>
      <link REFID="T8"/>
      <link REFID="T26"/>
      <link REFID="T11"/>
    </event>
    <event ID="3">
      <action_form>Political violence</action_form>
      <location>France</location>
      <date_range>
        <start>2003-10-25</start>
        <end>2003-10-25</end>
      </date_range>
      <actors/>
      <issues>
        <issue>For regionalism</issue>
      </issues>
      <size/>
      <comment/>
      <link REFID="T13"/>
      <link REFID="T25"/>
      <link REFID="T11"/>
    </event>
    <event ID="4">
      <action_form>Political violence</action_form>
      <location>France</location>
      <date_range>
        <start>2003-10-20</start>
        <end>2003-10-26</end>
        <approximate/>
      </date_range>
      <actors/>
      <issues>
        <issue>For regionalism</issue>
      </issues>
      <size/>
      <comment/>
      <link REFID="T15"/>
      <link REFID="T25"/>
      <link REFID="T11"/>
    </event>
    <event ID="5">
      <action_form>Political violence</action_form>
      <location>France</location>
      <date_range>
        <start>2003-10-20</start>
        <end>2003-10-26</end>
        <approximate/>
      </date_range>
      <actors>
        <actor>Organization</actor>
      </actors>
      <issues>
        <issue>For regionalism</issue>
      </issues>
      <size/>
      <comment/>
      <link REFID="T11"/>
    </event>
    <event ID="6">
      <action_form>Gruesome violence</action_form>
      <location>France</location>
      <date_range>
        <start>1998-01-01</start>
        <end>1998-12-31</end>
        <approximate/>
      </date_range>
      <actors/>
      <issues>
        <issue>For regionalism</issue>
      </issues>
      <size/>
      <comment/>
      <link REFID="T18"/>
      <link REFID="T21"/>
    </event>
  </events>
</document>
