<?xml version='1.0' encoding='utf8'?>
<document PUBLICATION_DATE="2006-10-25" DOCID="AFP_ENG_20061025.0616">
  <event_mentions>
    <event_mention ID="T1">
      <anchor>
        <charseq START="99" END="104">riots</charseq>
      </anchor>
    </event_mention>
    <event_mention ID="T3">
      <anchor>
        <charseq START="185" END="192">brought</charseq>
      </anchor>
      <event_mention_argument ROLE="Date" ID="T4">
        <charseq START="264" END="273">Wednesday</charseq>
      </event_mention_argument>
      <event_mention_argument ROLE="Location" ID="T2">
        <charseq START="119" END="125">France</charseq>
      </event_mention_argument>
      <event_mention_argument ROLE="Actor" ID="T5">
        <charseq START="129" END="134">group</charseq>
      </event_mention_argument>
    </event_mention>
    <event_mention ID="T6">
      <anchor>
        <charseq START="337" END="344">marched</charseq>
      </anchor>
      <event_mention_argument ROLE="Location" ID="T10">
        <charseq START="377" END="382">Paris</charseq>
      </event_mention_argument>
      <event_mention_argument ROLE="Actor" ID="T7">
        <charseq START="324" END="330">youths</charseq>
      </event_mention_argument>
      <event_mention_argument ROLE="Actor" ID="T8">
        <charseq START="299" END="310">politicians</charseq>
      </event_mention_argument>
      <event_mention_argument ROLE="Actor" ID="T12">
        <charseq START="435" END="444">AC le Feu</charseq>
      </event_mention_argument>
      <event_mention_argument ROLE="Size" ID="T9">
        <charseq START="275" END="290">Several hundred</charseq>
      </event_mention_argument>
    </event_mention>
    <event_mention ID="T11">
      <anchor>
        <charseq START="389" END="402">demonstration</charseq>
      </anchor>
    </event_mention>
    <event_mention ID="T13">
      <anchor>
        <charseq START="486" END="491">riots</charseq>
      </anchor>
      <event_mention_argument ROLE="Location" ID="T14">
        <charseq START="459" END="475">Clichy-sous-Bois</charseq>
      </event_mention_argument>
    </event_mention>
    <event_mention ID="T15">
      <anchor>
        <charseq START="1136" END="1143">rioting</charseq>
      </anchor>
      <event_mention_argument ROLE="Issue" ID="T20">
        <charseq START="1182" END="1290">he accidental  deaths of two teenagers who hid from police in an electrical  sub-station in Clichy-sous-Bois</charseq>
      </event_mention_argument>
      <event_mention_argument ROLE="Location" ID="T16">
        <charseq START="1162" END="1168">France</charseq>
      </event_mention_argument>
    </event_mention>
    <event_mention ID="T17">
      <anchor>
        <charseq START="20" END="26">brings</charseq>
      </anchor>
      <event_mention_argument ROLE="Location" ID="T19">
        <charseq START="0" END="6">French</charseq>
      </event_mention_argument>
      <event_mention_argument ROLE="Actor" ID="T18">
        <charseq START="14" END="19">group</charseq>
      </event_mention_argument>
    </event_mention>
  </event_mentions>
  <events>
    <event ID="1">
      <action_form>Demonstration</action_form>
      <location>France</location>
      <date_range>
        <start>2006-10-25</start>
        <end>2006-10-25</end>
      </date_range>
      <actors>
        <actor>Organization</actor>
        <actor>Students</actor>
      </actors>
      <issues/>
      <size>100-999 people</size>
      <comment/>
      <link REFID="T1"/>
      <link REFID="T13"/>
      <link REFID="T15"/>
    </event>
    <event ID="2">
      <action_form>Political violence</action_form>
      <location>France</location>
      <date_range>
        <start>2005-10-27</start>
        <end>2005-11-17</end>
        <approximate/>
      </date_range>
      <actors/>
      <issues/>
      <size/>
      <comment/>
      <link REFID="T3"/>
      <link REFID="T6"/>
      <link REFID="T11"/>
      <link REFID="T17"/>
    </event>
  </events>
</document>
