<?xml version='1.0' encoding='utf8'?>
<document PUBLICATION_DATE="2006-04-12" DOCID="AFP_ENG_20060412.0402">
  <event_mentions>
    <event_mention ID="T1">
      <anchor>
        <charseq START="243" END="249">threat</charseq>
      </anchor>
      <event_mention_argument ROLE="Date" ID="T2">
        <charseq START="209" END="218">Wednesday</charseq>
      </event_mention_argument>
      <event_mention_argument ROLE="Location" ID="T3">
        <charseq START="176" END="185">Prestwick</charseq>
      </event_mention_argument>
    </event_mention>
    <event_mention ID="T4">
      <anchor>
        <charseq START="561" END="565">bomb</charseq>
      </anchor>
    </event_mention>
    <event_mention ID="T5">
      <anchor>
        <charseq START="0" END="4">Bomb</charseq>
      </anchor>
      <event_mention_argument ROLE="Location" ID="T6">
        <charseq START="36" END="44">Scotland</charseq>
      </event_mention_argument>
    </event_mention>
  </event_mentions>
  <events>
    <event ID="1">
      <action_form>Political violence</action_form>
      <location>United Kingdom</location>
      <date_range>
        <start>2006-04-12</start>
        <end>2006-04-12</end>
      </date_range>
      <actors/>
      <issues/>
      <size/>
      <comment/>
      <link REFID="T1"/>
      <link REFID="T4"/>
      <link REFID="T5"/>
    </event>
  </events>
</document>
