<?xml version='1.0' encoding='utf8'?>
<document PUBLICATION_DATE="2005-10-31" DOCID="AFP_ENG_20051031.0067">
  <event_mentions>
    <event_mention ID="T1">
      <anchor>
        <charseq START="203" END="210">clashed</charseq>
      </anchor>
      <event_mention_argument ROLE="Date" ID="T4">
        <charseq START="248" END="269">fourth straight night</charseq>
      </event_mention_argument>
      <event_mention_argument ROLE="Location" ID="T3">
        <charseq START="228" END="233">Paris</charseq>
      </event_mention_argument>
      <event_mention_argument ROLE="Actor" ID="T2">
        <charseq START="216" END="222">youths</charseq>
      </event_mention_argument>
    </event_mention>
    <event_mention ID="T5">
      <anchor>
        <charseq START="412" END="419">erupted</charseq>
      </anchor>
      <event_mention_argument ROLE="Date" ID="T6">
        <charseq START="420" END="439">late Thursday night</charseq>
      </event_mention_argument>
    </event_mention>
    <event_mention ID="T7">
      <anchor>
        <charseq START="526" END="533">rioting</charseq>
      </anchor>
    </event_mention>
    <event_mention ID="T8">
      <anchor>
        <charseq START="836" END="843">rioting</charseq>
      </anchor>
      <event_mention_argument ROLE="Location" ID="T9">
        <charseq START="875" END="891">Clichy-sous-Bois</charseq>
      </event_mention_argument>
    </event_mention>
    <event_mention ID="T10">
      <anchor>
        <charseq START="1014" END="1022">rampages</charseq>
      </anchor>
    </event_mention>
    <event_mention ID="T11">
      <anchor>
        <charseq START="1148" END="1155">rioting</charseq>
      </anchor>
    </event_mention>
    <event_mention ID="T12">
      <anchor>
        <charseq START="1245" END="1251">unrest</charseq>
      </anchor>
      <event_mention_argument ROLE="Issue" ID="T13">
        <charseq START="1282" END="1335">two teenagers, aged 15  and 17, died by electrocution</charseq>
      </event_mention_argument>
    </event_mention>
    <event_mention ID="T14">
      <anchor>
        <charseq START="1596" END="1601">march</charseq>
      </anchor>
      <event_mention_argument ROLE="Date" ID="T17">
        <charseq START="1603" END="1611">Saturday</charseq>
      </event_mention_argument>
      <event_mention_argument ROLE="Issue" ID="T18">
        <charseq START="1615" END="1638">memory of the teenagers</charseq>
      </event_mention_argument>
      <event_mention_argument ROLE="Actor" ID="T16">
        <charseq START="1570" END="1579">residents</charseq>
      </event_mention_argument>
      <event_mention_argument ROLE="Size" ID="T15">
        <charseq START="1545" END="1553">Hundreds</charseq>
      </event_mention_argument>
    </event_mention>
    <event_mention ID="T19">
      <anchor>
        <charseq START="1996" END="2003">clashes</charseq>
      </anchor>
      <event_mention_argument ROLE="Actor" ID="T20">
        <charseq START="2016" END="2022">youths</charseq>
      </event_mention_argument>
    </event_mention>
    <event_mention ID="T21">
      <anchor>
        <charseq START="3288" END="3296">violence</charseq>
      </anchor>
    </event_mention>
    <event_mention ID="T22">
      <anchor>
        <charseq START="3341" END="3346">riots</charseq>
      </anchor>
    </event_mention>
    <event_mention ID="T23">
      <anchor>
        <charseq START="3602" END="3610">violence</charseq>
      </anchor>
    </event_mention>
    <event_mention ID="T24">
      <anchor>
        <charseq START="3648" END="3653">riots</charseq>
      </anchor>
    </event_mention>
  </event_mentions>
  <events>
    <event ID="1">
      <action_form>Political violence</action_form>
      <location>France</location>
      <date_range>
        <start>2005-10-27</start>
        <end>2005-10-30</end>
      </date_range>
      <actors/>
      <issues/>
      <size/>
      <comment/>
      <link REFID="T1"/>
      <link REFID="T5"/>
      <link REFID="T7"/>
      <link REFID="T8"/>
      <link REFID="T10"/>
      <link REFID="T11"/>
      <link REFID="T12"/>
      <link REFID="T19"/>
      <link REFID="T21"/>
      <link REFID="T22"/>
      <link REFID="T23"/>
      <link REFID="T24"/>
    </event>
    <event ID="2">
      <action_form>Demonstration</action_form>
      <location>France</location>
      <date_range>
        <start>2005-10-29</start>
        <end>2005-10-29</end>
      </date_range>
      <actors/>
      <issues/>
      <size>100-999 people</size>
      <comment/>
      <link REFID="T14"/>
    </event>
  </events>
</document>
