<?xml version='1.0' encoding='utf8'?>
<document PUBLICATION_DATE="2005-09-22" DOCID="AFP_ENG_20050922.0352">
  <event_mentions>
    <event_mention ID="T1">
      <anchor>
        <charseq START="7" END="11">bomb</charseq>
      </anchor>
      <event_mention_argument ROLE="Location" ID="T2">
        <charseq START="0" END="6">London</charseq>
      </event_mention_argument>
    </event_mention>
    <event_mention ID="T5">
      <anchor>
        <charseq START="147" END="154">attacks</charseq>
      </anchor>
      <event_mention_argument ROLE="Date" ID="T3">
        <charseq START="127" END="134">July 21</charseq>
      </event_mention_argument>
      <event_mention_argument ROLE="Location" ID="T4">
        <charseq START="135" END="141">London</charseq>
      </event_mention_argument>
    </event_mention>
  </event_mentions>
  <events>
    <event ID="1">
      <action_form>Gruesome violence</action_form>
      <location>United Kingdom</location>
      <date_range>
        <start>2005-07-21</start>
        <end>2005-07-21</end>
      </date_range>
      <actors/>
      <issues/>
      <size/>
      <comment/>
      <link REFID="T1"/>
      <link REFID="T5"/>
    </event>
  </events>
</document>
