<?xml version='1.0' encoding='utf8'?>
<document PUBLICATION_DATE="2005-09-09" DOCID="AFP_ENG_20050909.0377">
  <event_mentions>
    <event_mention ID="T1">
      <anchor>
        <charseq START="83" END="89">strike</charseq>
      </anchor>
      <event_mention_argument ROLE="Issue" ID="T3">
        <charseq START="101" END="118">fearing job  cuts</charseq>
      </event_mention_argument>
      <event_mention_argument ROLE="Location" ID="T4">
        <charseq START="152" END="158">Poland</charseq>
      </event_mention_argument>
      <event_mention_argument ROLE="Actor" ID="T2">
        <charseq START="93" END="100">workers</charseq>
      </event_mention_argument>
    </event_mention>
    <event_mention ID="T5">
      <anchor>
        <charseq START="666" END="672">strike</charseq>
      </anchor>
    </event_mention>
    <event_mention ID="T6">
      <anchor>
        <charseq START="743" END="749">strike</charseq>
      </anchor>
      <event_mention_argument ROLE="Actor" ID="T8">
        <charseq START="714" END="721">workers</charseq>
      </event_mention_argument>
      <event_mention_argument ROLE="Size" ID="T7">
        <charseq START="708" END="713">Eight</charseq>
      </event_mention_argument>
    </event_mention>
    <event_mention ID="T9">
      <anchor>
        <charseq START="826" END="833">protest</charseq>
      </anchor>
      <event_mention_argument ROLE="Date" ID="T12">
        <charseq START="753" END="759">Friday</charseq>
      </event_mention_argument>
      <event_mention_argument ROLE="Actor" ID="T11">
        <charseq START="777" END="786">employees</charseq>
      </event_mention_argument>
      <event_mention_argument ROLE="Size" ID="T10">
        <charseq START="766" END="769">150</charseq>
      </event_mention_argument>
    </event_mention>
    <event_mention ID="T14">
      <anchor>
        <charseq START="1357" END="1363">strike</charseq>
      </anchor>
      <event_mention_argument ROLE="Date" ID="T15">
        <charseq START="1374" END="1383">August 31</charseq>
      </event_mention_argument>
    </event_mention>
    <event_mention ID="T16">
      <anchor>
        <charseq START="25" END="31">strike</charseq>
      </anchor>
      <event_mention_argument ROLE="Location" ID="T17">
        <charseq START="35" END="41">Polish</charseq>
      </event_mention_argument>
    </event_mention>
  </event_mentions>
  <events>
    <event ID="1">
      <action_form>Self-inflicted violence</action_form>
      <location>Poland</location>
      <date_range>
        <start>2005-08-31</start>
        <end>2005-09-09</end>
      </date_range>
      <actors>
        <actor>Occupational group</actor>
      </actors>
      <issues>
        <issue>For labour rights</issue>
      </issues>
      <size>1-9 people</size>
      <comment/>
      <link REFID="T1"/>
      <link REFID="T5"/>
      <link REFID="T6"/>
      <link REFID="T14"/>
      <link REFID="T16"/>
    </event>
    <event ID="2">
      <action_form>Demonstration</action_form>
      <location>Poland</location>
      <date_range>
        <start>2005-09-09</start>
        <end>2005-09-09</end>
      </date_range>
      <actors>
        <actor>Occupational group</actor>
      </actors>
      <issues>
        <issue>For labour rights</issue>
      </issues>
      <size>100-999 people</size>
      <comment/>
      <link REFID="T9"/>
    </event>
  </events>
</document>
