<?xml version='1.0' encoding='utf8'?>
<document PUBLICATION_DATE="2006-03-23" DOCID="AFP_ENG_20060323.0692">
  <event_mentions>
    <event_mention ID="T1">
      <anchor>
        <charseq START="235" END="240">march</charseq>
      </anchor>
      <event_mention_argument ROLE="Issue" ID="T6">
        <charseq START="246" END="273">a  controversial labour law</charseq>
      </event_mention_argument>
    </event_mention>
    <event_mention ID="T2">
      <anchor>
        <charseq START="163" END="170">erupted</charseq>
      </anchor>
      <event_mention_argument ROLE="Date" ID="T4">
        <charseq START="195" END="203">Thursday</charseq>
      </event_mention_argument>
      <event_mention_argument ROLE="Location" ID="T3">
        <charseq START="182" END="187">Paris</charseq>
      </event_mention_argument>
      <event_mention_argument ROLE="Actor" ID="T5">
        <charseq START="207" END="214">rioters</charseq>
      </event_mention_argument>
    </event_mention>
    <event_mention ID="T7">
      <anchor>
        <charseq START="275" END="282">hurling</charseq>
      </anchor>
    </event_mention>
    <event_mention ID="T8">
      <anchor>
        <charseq START="316" END="324">lighting</charseq>
      </anchor>
    </event_mention>
    <event_mention ID="T10">
      <anchor>
        <charseq START="502" END="516">demonstrations</charseq>
      </anchor>
      <event_mention_argument ROLE="Actor" ID="T9">
        <charseq START="460" END="468">students</charseq>
      </event_mention_argument>
    </event_mention>
    <event_mention ID="T11">
      <anchor>
        <charseq START="818" END="825">attacks</charseq>
      </anchor>
      <event_mention_argument ROLE="Date" ID="T13">
        <charseq START="740" END="748">Thursday</charseq>
      </event_mention_argument>
      <event_mention_argument ROLE="Location" ID="T12">
        <charseq START="733" END="739">France</charseq>
      </event_mention_argument>
      <event_mention_argument ROLE="Actor" ID="T14">
        <charseq START="700" END="706">people</charseq>
      </event_mention_argument>
    </event_mention>
    <event_mention ID="T15">
      <anchor>
        <charseq START="910" END="916">hurled</charseq>
      </anchor>
      <event_mention_argument ROLE="Location" ID="T19">
        <charseq START="849" END="854">Paris</charseq>
      </event_mention_argument>
      <event_mention_argument ROLE="Actor" ID="T18">
        <charseq START="902" END="908">youths</charseq>
      </event_mention_argument>
    </event_mention>
    <event_mention ID="T16">
      <anchor>
        <charseq START="930" END="937">smashed</charseq>
      </anchor>
    </event_mention>
    <event_mention ID="T17">
      <anchor>
        <charseq START="955" END="958">set</charseq>
      </anchor>
    </event_mention>
    <event_mention ID="T20">
      <anchor>
        <charseq START="1060" END="1065">march</charseq>
      </anchor>
    </event_mention>
    <event_mention ID="T22">
      <anchor>
        <charseq START="1067" END="1072">threw</charseq>
      </anchor>
      <event_mention_argument ROLE="Actor" ID="T21">
        <charseq START="1003" END="1009">youths</charseq>
      </event_mention_argument>
    </event_mention>
    <event_mention ID="T23">
      <anchor>
        <charseq START="1368" END="1381">demonstration</charseq>
      </anchor>
      <event_mention_argument ROLE="Location" ID="T24">
        <charseq START="1341" END="1346">Paris</charseq>
      </event_mention_argument>
      <event_mention_argument ROLE="Actor" ID="T25">
        <charseq START="1328" END="1333">youth</charseq>
      </event_mention_argument>
    </event_mention>
    <event_mention ID="T26">
      <anchor>
        <charseq START="1513" END="1521">protests</charseq>
      </anchor>
      <event_mention_argument ROLE="Actor" ID="T28">
        <charseq START="1468" END="1474">people</charseq>
      </event_mention_argument>
      <event_mention_argument ROLE="Size" ID="T27">
        <charseq START="1455" END="1467">Some 220,000</charseq>
      </event_mention_argument>
    </event_mention>
    <event_mention ID="T29">
      <anchor>
        <charseq START="1572" END="1579">Clashes</charseq>
      </anchor>
      <event_mention_argument ROLE="Location" ID="T30">
        <charseq START="1656" END="1665">Marseille</charseq>
      </event_mention_argument>
      <event_mention_argument ROLE="Location" ID="T32">
        <charseq START="1681" END="1687">Rennes</charseq>
      </event_mention_argument>
      <event_mention_argument ROLE="Location" ID="T37">
        <charseq START="1765" END="1780">Rueil-Malmaison</charseq>
      </event_mention_argument>
      <event_mention_argument ROLE="Location" ID="T33">
        <charseq START="1689" END="1697">Grenoble</charseq>
      </event_mention_argument>
      <event_mention_argument ROLE="Location" ID="T34">
        <charseq START="1703" END="1707">Lyon</charseq>
      </event_mention_argument>
      <event_mention_argument ROLE="Location" ID="T35">
        <charseq START="1734" END="1750">Savigny-sur-Orge</charseq>
      </event_mention_argument>
      <event_mention_argument ROLE="Location" ID="T36">
        <charseq START="1752" END="1759">Creteil</charseq>
      </event_mention_argument>
      <event_mention_argument ROLE="Actor" ID="T31">
        <charseq START="1615" END="1625">protesters</charseq>
      </event_mention_argument>
    </event_mention>
    <event_mention ID="T38">
      <anchor>
        <charseq START="1987" END="1995">Protests</charseq>
      </anchor>
      <event_mention_argument ROLE="Issue" ID="T39">
        <charseq START="2004" END="2063">the government's contested First Employment  Contract (CPE)</charseq>
      </event_mention_argument>
    </event_mention>
    <event_mention ID="T40">
      <anchor>
        <charseq START="2141" END="2155">demonstrations</charseq>
      </anchor>
    </event_mention>
    <event_mention ID="T41">
      <anchor>
        <charseq START="2160" END="2167">marches</charseq>
      </anchor>
    </event_mention>
    <event_mention ID="T42">
      <anchor>
        <charseq START="2249" END="2261">disturbances</charseq>
      </anchor>
    </event_mention>
    <event_mention ID="T43">
      <anchor>
        <charseq START="3551" END="3556">riots</charseq>
      </anchor>
      <event_mention_argument ROLE="Date" ID="T44">
        <charseq START="3539" END="3548">last year</charseq>
      </event_mention_argument>
      <event_mention_argument ROLE="Location" ID="T45">
        <charseq START="3420" END="3426">France</charseq>
      </event_mention_argument>
    </event_mention>
    <event_mention ID="T46">
      <anchor>
        <charseq START="3806" END="3814">protests</charseq>
      </anchor>
    </event_mention>
    <event_mention ID="T47">
      <anchor>
        <charseq START="9" END="14">rocks</charseq>
      </anchor>
      <event_mention_argument ROLE="Location" ID="T48">
        <charseq START="15" END="20">Paris</charseq>
      </event_mention_argument>
    </event_mention>
  </event_mentions>
  <events>
    <event ID="1">
      <action_form>Demonstration</action_form>
      <location>France</location>
      <date_range>
        <start>2006-03-23</start>
        <end>2006-03-23</end>
      </date_range>
      <actors>
        <actor>Students</actor>
      </actors>
      <issues>
        <issue>For labour rights</issue>
      </issues>
      <size>10,000 or more people</size>
      <comment/>
      <link REFID="T1"/>
      <link REFID="T10"/>
      <link REFID="T20"/>
      <link REFID="T23"/>
      <link REFID="T26"/>
      <link REFID="T38"/>
      <link REFID="T40"/>
      <link REFID="T41"/>
      <link REFID="T46"/>
    </event>
    <event ID="2">
      <action_form>Political violence</action_form>
      <location>France</location>
      <date_range>
        <start>2006-03-23</start>
        <end>2006-03-23</end>
      </date_range>
      <actors>
        <actor>Students</actor>
      </actors>
      <issues/>
      <size/>
      <comment/>
      <link REFID="T2"/>
      <link REFID="T7"/>
      <link REFID="T8"/>
      <link REFID="T11"/>
      <link REFID="T15"/>
      <link REFID="T16"/>
      <link REFID="T17"/>
      <link REFID="T22"/>
      <link REFID="T42"/>
      <link REFID="T47"/>
    </event>
    <event ID="3">
      <action_form>Political violence</action_form>
      <location>France</location>
      <date_range>
        <start>2006-03-23</start>
        <end>2006-03-23</end>
      </date_range>
      <actors>
        <actor>Students</actor>
      </actors>
      <issues/>
      <size/>
      <comment/>
      <link REFID="T29"/>
      <link REFID="T11"/>
      <link REFID="T42"/>
    </event>
    <event ID="4">
      <action_form>Political violence</action_form>
      <location>France</location>
      <date_range>
        <start>2006-03-23</start>
        <end>2006-03-23</end>
      </date_range>
      <actors>
        <actor>Students</actor>
      </actors>
      <issues/>
      <size/>
      <comment/>
      <link REFID="T29"/>
      <link REFID="T11"/>
      <link REFID="T42"/>
    </event>
    <event ID="5">
      <action_form>Political violence</action_form>
      <location>France</location>
      <date_range>
        <start>2006-03-23</start>
        <end>2006-03-23</end>
      </date_range>
      <actors>
        <actor>Students</actor>
      </actors>
      <issues/>
      <size/>
      <comment/>
      <link REFID="T29"/>
      <link REFID="T11"/>
      <link REFID="T42"/>
    </event>
    <event ID="6">
      <action_form>Political violence</action_form>
      <location>France</location>
      <date_range>
        <start>2006-03-23</start>
        <end>2006-03-23</end>
      </date_range>
      <actors>
        <actor>Students</actor>
      </actors>
      <issues/>
      <size/>
      <comment/>
      <link REFID="T29"/>
      <link REFID="T11"/>
      <link REFID="T42"/>
    </event>
    <event ID="7">
      <action_form>Political violence</action_form>
      <location>France</location>
      <date_range>
        <start>2006-03-23</start>
        <end>2006-03-23</end>
      </date_range>
      <actors>
        <actor>Students</actor>
      </actors>
      <issues/>
      <size/>
      <comment/>
      <link REFID="T29"/>
      <link REFID="T11"/>
      <link REFID="T42"/>
    </event>
    <event ID="8">
      <action_form>Political violence</action_form>
      <location>France</location>
      <date_range>
        <start>2006-03-23</start>
        <end>2006-03-23</end>
      </date_range>
      <actors>
        <actor>Students</actor>
      </actors>
      <issues/>
      <size/>
      <comment/>
      <link REFID="T29"/>
      <link REFID="T11"/>
      <link REFID="T42"/>
    </event>
    <event ID="9">
      <action_form>Political violence</action_form>
      <location>France</location>
      <date_range>
        <start>2006-03-23</start>
        <end>2006-03-23</end>
      </date_range>
      <actors>
        <actor>Students</actor>
      </actors>
      <issues/>
      <size/>
      <comment/>
      <link REFID="T29"/>
      <link REFID="T11"/>
      <link REFID="T42"/>
    </event>
    <event ID="10">
      <action_form>Political violence</action_form>
      <location>France</location>
      <date_range>
        <start>2005-03-23</start>
        <end>2006-03-23</end>
        <approximate/>
      </date_range>
      <actors/>
      <issues/>
      <size/>
      <comment/>
      <link REFID="T43"/>
    </event>
  </events>
</document>
