<?xml version='1.0' encoding='utf8'?>
<document PUBLICATION_DATE="2002-04-16" DOCID="AFP_ENG_20020416.0228">
  <event_mentions>
    <event_mention ID="T3">
      <anchor>
        <charseq START="29" END="33">demo</charseq>
      </anchor>
      <event_mention_argument ROLE="Location" ID="T2">
        <charseq START="20" END="28">Florence</charseq>
      </event_mention_argument>
      <event_mention_argument ROLE="Size" ID="T1">
        <charseq START="0" END="16">At least 300,000</charseq>
      </event_mention_argument>
    </event_mention>
    <event_mention ID="T4">
      <anchor>
        <charseq START="46" END="52">strike</charseq>
      </anchor>
      <event_mention_argument ROLE="Location" ID="T5">
        <charseq START="38" END="45">general</charseq>
      </event_mention_argument>
    </event_mention>
    <event_mention ID="T8">
      <anchor>
        <charseq START="190" END="197">protest</charseq>
      </anchor>
      <event_mention_argument ROLE="Date" ID="T9">
        <charseq START="203" END="210">Tuesday</charseq>
      </event_mention_argument>
      <event_mention_argument ROLE="Actor" ID="T7">
        <charseq START="161" END="167">people</charseq>
      </event_mention_argument>
      <event_mention_argument ROLE="Size" ID="T6">
        <charseq START="144" END="160">At least 300,000</charseq>
      </event_mention_argument>
    </event_mention>
    <event_mention ID="T12">
      <anchor>
        <charseq START="278" END="284">strike</charseq>
      </anchor>
      <event_mention_argument ROLE="Issue" ID="T10">
        <charseq START="219" END="244">government labour reforms</charseq>
      </event_mention_argument>
      <event_mention_argument ROLE="Location" ID="T11">
        <charseq START="256" END="261">Italy</charseq>
      </event_mention_argument>
    </event_mention>
    <event_mention ID="T13">
      <anchor>
        <charseq START="351" END="358">protest</charseq>
      </anchor>
      <event_mention_argument ROLE="Issue" ID="T14">
        <charseq START="409" END="428">against the reforms</charseq>
      </event_mention_argument>
      <event_mention_argument ROLE="Location" ID="T52">
        <charseq START="402" END="408">cities</charseq>
      </event_mention_argument>
      <event_mention_argument ROLE="Actor" ID="T16">
        <charseq START="333" END="343">organisers</charseq>
      </event_mention_argument>
      <event_mention_argument ROLE="Actor" ID="T15">
        <charseq START="444" END="449">crowd</charseq>
      </event_mention_argument>
    </event_mention>
    <event_mention ID="T18">
      <anchor>
        <charseq START="618" END="623">awash</charseq>
      </anchor>
      <event_mention_argument ROLE="Location" ID="T19">
        <charseq START="609" END="613">city</charseq>
      </event_mention_argument>
      <event_mention_argument ROLE="Actor" ID="T17">
        <charseq START="643" END="651">strikers</charseq>
      </event_mention_argument>
    </event_mention>
    <event_mention ID="T20">
      <anchor>
        <charseq START="720" END="724">shut</charseq>
      </anchor>
      <event_mention_argument ROLE="Location" ID="T28">
        <charseq START="747" END="753">centre</charseq>
      </event_mention_argument>
    </event_mention>
    <event_mention ID="T21">
      <anchor>
        <charseq START="926" END="932">strike</charseq>
      </anchor>
      <event_mention_argument ROLE="Location" ID="T26">
        <charseq START="1015" END="1022">Tuscany</charseq>
      </event_mention_argument>
      <event_mention_argument ROLE="Actor" ID="T23">
        <charseq START="938" END="942">CGIL</charseq>
      </event_mention_argument>
      <event_mention_argument ROLE="Actor" ID="T24">
        <charseq START="944" END="948">CISL</charseq>
      </event_mention_argument>
      <event_mention_argument ROLE="Actor" ID="T25">
        <charseq START="953" END="956">UIL</charseq>
      </event_mention_argument>
      <event_mention_argument ROLE="Actor" ID="T22">
        <charseq START="984" END="991">workers</charseq>
      </event_mention_argument>
    </event_mention>
    <event_mention ID="T27">
      <anchor>
        <charseq START="1060" END="1066">strike</charseq>
      </anchor>
    </event_mention>
    <event_mention ID="T29">
      <anchor>
        <charseq START="1086" END="1099">demonstration</charseq>
      </anchor>
      <event_mention_argument ROLE="Location" ID="T30">
        <charseq START="1077" END="1085">Florence</charseq>
      </event_mention_argument>
    </event_mention>
    <event_mention ID="T33">
      <anchor>
        <charseq START="1193" END="1206">demonstrating</charseq>
      </anchor>
      <event_mention_argument ROLE="Location" ID="T34">
        <charseq START="1235" END="1240">Milan</charseq>
      </event_mention_argument>
      <event_mention_argument ROLE="Location" ID="T35">
        <charseq START="1242" END="1247">Turin</charseq>
      </event_mention_argument>
      <event_mention_argument ROLE="Location" ID="T36">
        <charseq START="1252" END="1256">Rome</charseq>
      </event_mention_argument>
      <event_mention_argument ROLE="Actor" ID="T32">
        <charseq START="1176" END="1182">people</charseq>
      </event_mention_argument>
      <event_mention_argument ROLE="Size" ID="T31">
        <charseq START="1151" END="1172">hundreds of thousands</charseq>
      </event_mention_argument>
    </event_mention>
    <event_mention ID="T38">
      <anchor>
        <charseq START="1368" END="1373">rally</charseq>
      </anchor>
      <event_mention_argument ROLE="Issue" ID="T39">
        <charseq START="1386" END="1404">government reforms</charseq>
      </event_mention_argument>
      <event_mention_argument ROLE="Location" ID="T37">
        <charseq START="1261" END="1266">Turin</charseq>
      </event_mention_argument>
      <event_mention_argument ROLE="Actor" ID="T41">
        <charseq START="1317" END="1327">organisers</charseq>
      </event_mention_argument>
      <event_mention_argument ROLE="Size" ID="T40">
        <charseq START="1336" END="1343">150,000</charseq>
      </event_mention_argument>
    </event_mention>
    <event_mention ID="T46">
      <anchor>
        <charseq START="1478" END="1488">protesting</charseq>
      </anchor>
      <event_mention_argument ROLE="Location" ID="T49">
        <charseq START="1601" END="1608">Bologna</charseq>
      </event_mention_argument>
      <event_mention_argument ROLE="Location" ID="T51">
        <charseq START="1645" END="1649">Rome</charseq>
      </event_mention_argument>
      <event_mention_argument ROLE="Actor" ID="T44">
        <charseq START="1466" END="1472">people</charseq>
      </event_mention_argument>
      <event_mention_argument ROLE="Actor" ID="T42">
        <charseq START="1443" END="1449">unions</charseq>
      </event_mention_argument>
      <event_mention_argument ROLE="Size" ID="T43">
        <charseq START="1458" END="1465">200,000</charseq>
      </event_mention_argument>
      <event_mention_argument ROLE="Size" ID="T48">
        <charseq START="1580" END="1597">more than 200,000</charseq>
      </event_mention_argument>
      <event_mention_argument ROLE="Size" ID="T50">
        <charseq START="1614" END="1641">between 150,000 and 200,000</charseq>
      </event_mention_argument>
    </event_mention>
    <event_mention ID="T47">
      <anchor>
        <charseq START="1568" END="1574">strike</charseq>
      </anchor>
      <event_mention_argument ROLE="Location" ID="T45">
        <charseq START="1513" END="1518">Milan</charseq>
      </event_mention_argument>
    </event_mention>
  </event_mentions>
  <events>
    <event ID="1">
      <action_form>Demonstration</action_form>
      <location>Italy</location>
      <date_range>
        <start>2002-04-16</start>
        <end>2002-04-16</end>
      </date_range>
      <actors>
        <actor>Trade union</actor>
        <actor>Occupational group</actor>
      </actors>
      <issues>
        <issue>For labour rights</issue>
      </issues>
      <size>10,000 or more people</size>
      <comment/>
      <link REFID="T3"/>
      <link REFID="T8"/>
      <link REFID="T13"/>
      <link REFID="T18"/>
      <link REFID="T29"/>
    </event>
    <event ID="2">
      <action_form>Strike</action_form>
      <location>Italy</location>
      <date_range>
        <start>2002-04-16</start>
        <end>2002-04-16</end>
      </date_range>
      <actors>
        <actor>Trade union</actor>
        <actor>Occupational group</actor>
      </actors>
      <issues>
        <issue>For labour rights</issue>
      </issues>
      <size/>
      <comment/>
      <link REFID="T4"/>
      <link REFID="T12"/>
      <link REFID="T47"/>
      <link REFID="T21"/>
      <link REFID="T27"/>
      <link REFID="T20"/>
    </event>
    <event ID="3">
      <action_form>Strike</action_form>
      <location>Italy</location>
      <date_range>
        <start>2002-04-16</start>
        <end>2002-04-16</end>
      </date_range>
      <actors>
        <actor>Trade union</actor>
        <actor>Occupational group</actor>
      </actors>
      <issues>
        <issue>For labour rights</issue>
      </issues>
      <size/>
      <comment/>
      <link REFID="T21"/>
      <link REFID="T27"/>
      <link REFID="T20"/>
    </event>
    <event ID="4">
      <action_form>Demonstration</action_form>
      <location>Italy</location>
      <date_range>
        <start>2002-04-16</start>
        <end>2002-04-16</end>
      </date_range>
      <actors>
        <actor>Trade union</actor>
        <actor>Occupational group</actor>
      </actors>
      <issues>
        <issue>For labour rights</issue>
      </issues>
      <size>10,000 or more people</size>
      <comment/>
      <link REFID="T33"/>
      <link REFID="T46"/>
      <link REFID="T13"/>
    </event>
    <event ID="5">
      <action_form>Demonstration</action_form>
      <location>Italy</location>
      <date_range>
        <start>2002-04-16</start>
        <end>2002-04-16</end>
      </date_range>
      <actors>
        <actor>Trade union</actor>
        <actor>Occupational group</actor>
      </actors>
      <issues>
        <issue>For labour rights</issue>
      </issues>
      <size>10,000 or more people</size>
      <comment/>
      <link REFID="T33"/>
      <link REFID="T38"/>
      <link REFID="T13"/>
    </event>
    <event ID="6">
      <action_form>Demonstration</action_form>
      <location>Italy</location>
      <date_range>
        <start>2002-04-16</start>
        <end>2002-04-16</end>
      </date_range>
      <actors>
        <actor>Trade union</actor>
        <actor>Occupational group</actor>
      </actors>
      <issues>
        <issue>For labour rights</issue>
      </issues>
      <size>10,000 or more people</size>
      <comment/>
      <link REFID="T33"/>
      <link REFID="T46"/>
      <link REFID="T13"/>
    </event>
    <event ID="7">
      <action_form>Demonstration</action_form>
      <location>Italy</location>
      <date_range>
        <start>2002-04-16</start>
        <end>2002-04-16</end>
      </date_range>
      <actors>
        <actor>Trade union</actor>
        <actor>Occupational group</actor>
      </actors>
      <issues>
        <issue>For labour rights</issue>
      </issues>
      <size>10,000 or more people</size>
      <comment/>
      <link REFID="T46"/>
      <link REFID="T13"/>
    </event>
  </events>
</document>
