<?xml version='1.0' encoding='utf8'?>
<document PUBLICATION_DATE="2005-09-02" DOCID="AFP_ENG_20050902.0610">
  <event_mentions>
    <event_mention ID="T3">
      <anchor>
        <charseq START="221" END="227">strike</charseq>
      </anchor>
      <event_mention_argument ROLE="Size" ID="T1">
        <charseq START="192" END="196">nine</charseq>
      </event_mention_argument>
    </event_mention>
    <event_mention ID="T7">
      <anchor>
        <charseq START="274" END="278">went</charseq>
      </anchor>
      <event_mention_argument ROLE="Location" ID="T4">
        <charseq START="85" END="91">Poland</charseq>
      </event_mention_argument>
      <event_mention_argument ROLE="Actor" ID="T2">
        <charseq START="198" END="205">workers</charseq>
      </event_mention_argument>
      <event_mention_argument ROLE="Size" ID="T6">
        <charseq START="232" END="234">80</charseq>
      </event_mention_argument>
    </event_mention>
    <event_mention ID="T5">
      <anchor>
        <charseq START="346" END="352">action</charseq>
      </anchor>
      <event_mention_argument ROLE="Date" ID="T8">
        <charseq START="356" END="365">Wednesday</charseq>
      </event_mention_argument>
      <event_mention_argument ROLE="Issue" ID="T11">
        <charseq START="434" END="527">a  proposed restructuring plan which would see nearly half of the  factory's workers laid off</charseq>
      </event_mention_argument>
      <event_mention_argument ROLE="Location" ID="T9">
        <charseq START="388" END="394">Poznan</charseq>
      </event_mention_argument>
      <event_mention_argument ROLE="Actor" ID="T10">
        <charseq START="325" END="333">strikers</charseq>
      </event_mention_argument>
    </event_mention>
    <event_mention ID="T12">
      <anchor>
        <charseq START="7" END="13">strike</charseq>
      </anchor>
      <event_mention_argument ROLE="Location" ID="T13">
        <charseq START="19" END="25">Polish</charseq>
      </event_mention_argument>
    </event_mention>
  </event_mentions>
  <events>
    <event ID="1">
      <action_form>Self-inflicted violence</action_form>
      <location>Poland</location>
      <date_range>
        <start>2005-08-31</start>
        <end>2005-09-02</end>
      </date_range>
      <actors>
        <actor>Occupational group</actor>
      </actors>
      <issues>
        <issue>For labour rights</issue>
      </issues>
      <size>1-9 people</size>
      <comment/>
      <link REFID="T3"/>
      <link REFID="T5"/>
      <link REFID="T12"/>
    </event>
    <event ID="2">
      <action_form>Strike</action_form>
      <location>Poland</location>
      <date_range>
        <start>2005-08-31</start>
        <end>2005-09-02</end>
        <approximate/>
      </date_range>
      <actors>
        <actor>Occupational group</actor>
      </actors>
      <issues>
        <issue>For labour rights</issue>
      </issues>
      <size>50-99 people</size>
      <comment/>
      <link REFID="T7"/>
    </event>
  </events>
</document>
