<?xml version='1.0' encoding='utf8'?>
<document PUBLICATION_DATE="2005-10-22" DOCID="AFP_ENG_20051022.0382">
  <event_mentions>
    <event_mention ID="T1">
      <anchor>
        <charseq START="270" END="275">riots</charseq>
      </anchor>
      <event_mention_argument ROLE="Issue" ID="T3">
        <charseq START="290" END="324">allegations a black girl was raped</charseq>
      </event_mention_argument>
    </event_mention>
    <event_mention ID="T4">
      <anchor>
        <charseq START="463" END="469">pelted</charseq>
      </anchor>
      <event_mention_argument ROLE="Actor" ID="T5">
        <charseq START="458" END="462">mobs</charseq>
      </event_mention_argument>
    </event_mention>
    <event_mention ID="T6">
      <anchor>
        <charseq START="404" END="412">violence</charseq>
      </anchor>
      <event_mention_argument ROLE="Date" ID="T8">
        <charseq START="443" END="456">20 years  ago</charseq>
      </event_mention_argument>
      <event_mention_argument ROLE="Location" ID="T7">
        <charseq START="425" END="437">Lozzels Road</charseq>
      </event_mention_argument>
    </event_mention>
    <event_mention ID="T9">
      <anchor>
        <charseq START="512" END="519">smashed</charseq>
      </anchor>
    </event_mention>
    <event_mention ID="T10">
      <anchor>
        <charseq START="611" END="618">torched</charseq>
      </anchor>
    </event_mention>
    <event_mention ID="T11">
      <anchor>
        <charseq START="1257" END="1262">riots</charseq>
      </anchor>
    </event_mention>
    <event_mention ID="T12">
      <anchor>
        <charseq START="1625" END="1632">erupted</charseq>
      </anchor>
      <event_mention_argument ROLE="Date" ID="T13">
        <charseq START="1633" END="1646">around 6 p.m.</charseq>
      </event_mention_argument>
    </event_mention>
    <event_mention ID="T14">
      <anchor>
        <charseq START="1726" END="1733">erupted</charseq>
      </anchor>
    </event_mention>
    <event_mention ID="T17">
      <anchor>
        <charseq START="1810" END="1818">throwing</charseq>
      </anchor>
      <event_mention_argument ROLE="Actor" ID="T16">
        <charseq START="1797" END="1803">youths</charseq>
      </event_mention_argument>
      <event_mention_argument ROLE="Size" ID="T15">
        <charseq START="1781" END="1789">up to 30</charseq>
      </event_mention_argument>
    </event_mention>
    <event_mention ID="T18">
      <anchor>
        <charseq START="1964" END="1973">attacking</charseq>
      </anchor>
      <event_mention_argument ROLE="Actor" ID="T19">
        <charseq START="1957" END="1963">Asians</charseq>
      </event_mention_argument>
    </event_mention>
    <event_mention ID="T20">
      <anchor>
        <charseq START="2454" END="2461">chasing</charseq>
      </anchor>
      <event_mention_argument ROLE="Actor" ID="T21">
        <charseq START="2449" END="2453">guys</charseq>
      </event_mention_argument>
    </event_mention>
    <event_mention ID="T22">
      <anchor>
        <charseq START="2750" END="2758">petition</charseq>
      </anchor>
      <event_mention_argument ROLE="Issue" ID="T25">
        <charseq START="2772" END="2794">"justice" for the girl</charseq>
      </event_mention_argument>
      <event_mention_argument ROLE="Actor" ID="T24">
        <charseq START="2717" END="2723">people</charseq>
      </event_mention_argument>
      <event_mention_argument ROLE="Size" ID="T23">
        <charseq START="2704" END="2716">Almost 1,000</charseq>
      </event_mention_argument>
    </event_mention>
    <event_mention ID="T26">
      <anchor>
        <charseq START="2799" END="2807">protests</charseq>
      </anchor>
      <event_mention_argument ROLE="Date" ID="T29">
        <charseq START="2881" END="2890">past week</charseq>
      </event_mention_argument>
      <event_mention_argument ROLE="Actor" ID="T28">
        <charseq START="2844" END="2850">people</charseq>
      </event_mention_argument>
      <event_mention_argument ROLE="Size" ID="T27">
        <charseq START="2829" END="2843">more  than 100</charseq>
      </event_mention_argument>
    </event_mention>
    <event_mention ID="T30">
      <anchor>
        <charseq START="2896" END="2903">rioting</charseq>
      </anchor>
    </event_mention>
    <event_mention ID="T33">
      <anchor>
        <charseq START="3003" END="3009">unrest</charseq>
      </anchor>
      <event_mention_argument ROLE="Date" ID="T31">
        <charseq START="3013" END="3028">September  1985</charseq>
      </event_mention_argument>
      <event_mention_argument ROLE="Issue" ID="T34">
        <charseq START="3030" END="3107">following the arrest of a black man after a police stop and  search operation</charseq>
      </event_mention_argument>
      <event_mention_argument ROLE="Location" ID="T32">
        <charseq START="2920" END="2927">Lozells</charseq>
      </event_mention_argument>
    </event_mention>
    <event_mention ID="T35">
      <anchor>
        <charseq START="3163" END="3171">attacked</charseq>
      </anchor>
      <event_mention_argument ROLE="Location" ID="T37">
        <charseq START="3242" END="3249">Lozells</charseq>
      </event_mention_argument>
      <event_mention_argument ROLE="Actor" ID="T36">
        <charseq START="3186" END="3192">youths</charseq>
      </event_mention_argument>
    </event_mention>
    <event_mention ID="T38">
      <anchor>
        <charseq START="3374" END="3382">violence</charseq>
      </anchor>
      <event_mention_argument ROLE="Location" ID="T39">
        <charseq START="3336" END="3348">Lozells Road</charseq>
      </event_mention_argument>
    </event_mention>
    <event_mention ID="T40">
      <anchor>
        <charseq START="178" END="185">stabbed</charseq>
      </anchor>
      <event_mention_argument ROLE="Location" ID="T2">
        <charseq START="254" END="264">Birmingham</charseq>
      </event_mention_argument>
    </event_mention>
    <event_mention ID="T41">
      <anchor>
        <charseq START="4" END="10">killed</charseq>
      </anchor>
      <event_mention_argument ROLE="Location" ID="T42">
        <charseq START="62" END="69">English</charseq>
      </event_mention_argument>
    </event_mention>
    <event_mention ID="T43">
      <anchor>
        <charseq START="679" END="685">wounds</charseq>
      </anchor>
    </event_mention>
    <event_mention ID="T44">
      <anchor>
        <charseq START="726" END="732">wounds</charseq>
      </anchor>
    </event_mention>
    <event_mention ID="T45">
      <anchor>
        <charseq START="764" END="771">injured</charseq>
      </anchor>
    </event_mention>
    <event_mention ID="T46">
      <anchor>
        <charseq START="829" END="833">shot</charseq>
      </anchor>
    </event_mention>
  </event_mentions>
  <events>
    <event ID="1">
      <action_form>Political violence</action_form>
      <location>United Kingdom</location>
      <date_range>
        <start>2005-10-22</start>
        <end>2005-10-22</end>
      </date_range>
      <actors/>
      <issues/>
      <size>10-49 people</size>
      <comment/>
      <link REFID="T1"/>
      <link REFID="T4"/>
      <link REFID="T9"/>
      <link REFID="T10"/>
      <link REFID="T11"/>
      <link REFID="T12"/>
      <link REFID="T14"/>
      <link REFID="T17"/>
      <link REFID="T18"/>
      <link REFID="T20"/>
      <link REFID="T30"/>
      <link REFID="T35"/>
      <link REFID="T38"/>
    </event>
    <event ID="2">
      <action_form>Political violence</action_form>
      <location>United Kingdom</location>
      <date_range>
        <start>1985-09-01</start>
        <end>1985-09-30</end>
        <approximate/>
      </date_range>
      <actors/>
      <issues/>
      <size/>
      <comment/>
      <link REFID="T6"/>
      <link REFID="T33"/>
    </event>
    <event ID="3">
      <action_form>Petition</action_form>
      <location>United Kingdom</location>
      <date_range>
        <start>2005-10-17</start>
        <end>2005-10-23</end>
        <approximate/>
      </date_range>
      <actors/>
      <issues/>
      <size>1,000-9,999 people</size>
      <comment/>
      <link REFID="T22"/>
    </event>
    <event ID="4">
      <action_form>Gruesome violence</action_form>
      <location>United Kingdom</location>
      <date_range>
        <start>2005-10-22</start>
        <end>2005-10-22</end>
        <approximate/>
      </date_range>
      <actors/>
      <issues/>
      <size/>
      <comment/>
      <link REFID="T26"/>
    </event>
    <event ID="5">
      <action_form>Gruesome violence</action_form>
      <location>United Kingdom</location>
      <date_range>
        <start>2005-10-22</start>
        <end>2005-10-22</end>
      </date_range>
      <actors/>
      <issues/>
      <size/>
      <comment/>
      <link REFID="T40"/>
      <link REFID="T41"/>
      <link REFID="T43"/>
      <link REFID="T44"/>
      <link REFID="T45"/>
      <link REFID="T46"/>
    </event>
  </events>
</document>
