<?xml version='1.0' encoding='utf8'?>
<document PUBLICATION_DATE="2005-10-25" DOCID="AFP_ENG_20051025.0270">
  <event_mentions>
    <event_mention ID="T1">
      <anchor>
        <charseq START="25" END="32">protest</charseq>
      </anchor>
      <event_mention_argument ROLE="Issue" ID="T2">
        <charseq START="43" END="54">drought aid</charseq>
      </event_mention_argument>
      <event_mention_argument ROLE="Location" ID="T4">
        <charseq START="0" END="10">Portuguese</charseq>
      </event_mention_argument>
      <event_mention_argument ROLE="Actor" ID="T3">
        <charseq START="11" END="18">farmers</charseq>
      </event_mention_argument>
    </event_mention>
    <event_mention ID="T8">
      <anchor>
        <charseq START="99" END="105">headed</charseq>
      </anchor>
      <event_mention_argument ROLE="Date" ID="T5">
        <charseq START="107" END="114">Tuesday</charseq>
      </event_mention_argument>
      <event_mention_argument ROLE="Issue" ID="T9">
        <charseq START="161" END="227">more help in  dealing with the country's worst drought in 60 years</charseq>
      </event_mention_argument>
      <event_mention_argument ROLE="Location" ID="T7">
        <charseq START="144" END="150">Lisbon</charseq>
      </event_mention_argument>
      <event_mention_argument ROLE="Actor" ID="T6">
        <charseq START="70" END="77">Farmers</charseq>
      </event_mention_argument>
    </event_mention>
    <event_mention ID="T10">
      <anchor>
        <charseq START="760" END="765">rally</charseq>
      </anchor>
      <event_mention_argument ROLE="Date" ID="T12">
        <charseq START="789" END="797">11:00 am</charseq>
      </event_mention_argument>
      <event_mention_argument ROLE="Location" ID="T11">
        <charseq START="720" END="730">Portuguese</charseq>
      </event_mention_argument>
      <event_mention_argument ROLE="Actor" ID="T13">
        <charseq START="625" END="632">Farmers</charseq>
      </event_mention_argument>
    </event_mention>
    <event_mention ID="T19">
      <anchor>
        <charseq START="1685" END="1694">protested</charseq>
      </anchor>
      <event_mention_argument ROLE="Date" ID="T14">
        <charseq START="1633" END="1642">September</charseq>
      </event_mention_argument>
      <event_mention_argument ROLE="Issue" ID="T18">
        <charseq START="1796" END="1815">over the same issue</charseq>
      </event_mention_argument>
      <event_mention_argument ROLE="Location" ID="T17">
        <charseq START="1728" END="1732">Beja</charseq>
      </event_mention_argument>
      <event_mention_argument ROLE="Actor" ID="T16">
        <charseq START="1656" END="1663">farmers</charseq>
      </event_mention_argument>
      <event_mention_argument ROLE="Size" ID="T15">
        <charseq START="1644" END="1652">hundreds</charseq>
      </event_mention_argument>
    </event_mention>
    <event_mention ID="T20">
      <anchor>
        <charseq START="440" END="453">demonstration</charseq>
      </anchor>
      <event_mention_argument ROLE="Issue" ID="T22">
        <charseq START="233" END="240">drought</charseq>
      </event_mention_argument>
      <event_mention_argument ROLE="Location" ID="T21">
        <charseq START="345" END="355">Portuguese</charseq>
      </event_mention_argument>
      <event_mention_argument ROLE="Actor" ID="T23">
        <charseq START="409" END="416">farmers</charseq>
      </event_mention_argument>
    </event_mention>
  </event_mentions>
  <events>
    <event ID="1">
      <action_form>Demonstration</action_form>
      <location>Portugal</location>
      <date_range>
        <start>2005-10-25</start>
        <end>2005-10-25</end>
      </date_range>
      <actors>
        <actor>Farmers</actor>
      </actors>
      <issues/>
      <size/>
      <comment/>
      <link REFID="T1"/>
      <link REFID="T8"/>
      <link REFID="T10"/>
      <link REFID="T20"/>
    </event>
    <event ID="2">
      <action_form>Demonstration</action_form>
      <location>Portugal</location>
      <date_range>
        <start>2005-09-01</start>
        <end>2005-09-30</end>
        <approximate/>
      </date_range>
      <actors>
        <actor>Farmers</actor>
      </actors>
      <issues/>
      <size>100-999 people</size>
      <comment/>
      <link REFID="T19"/>
    </event>
  </events>
</document>
