<?xml version='1.0' encoding='utf8'?>
<document PUBLICATION_DATE="2006-10-07" DOCID="AFP_ENG_20061007.0217">
  <event_mentions>
    <event_mention ID="T1">
      <anchor>
        <charseq START="160" END="165">rally</charseq>
      </anchor>
      <event_mention_argument ROLE="Date" ID="T5">
        <charseq START="190" END="198">Saturday</charseq>
      </event_mention_argument>
      <event_mention_argument ROLE="Issue" ID="T6">
        <charseq START="99" END="150">ouster of Hungarian Prime Minister Ferenc Gyurcsany</charseq>
      </event_mention_argument>
      <event_mention_argument ROLE="Actor" ID="T3">
        <charseq START="78" END="84">people</charseq>
      </event_mention_argument>
      <event_mention_argument ROLE="Size" ID="T2">
        <charseq START="65" END="77">About 15,000</charseq>
      </event_mention_argument>
    </event_mention>
    <event_mention ID="T7">
      <anchor>
        <charseq START="321" END="328">protest</charseq>
      </anchor>
      <event_mention_argument ROLE="Actor" ID="T8">
        <charseq START="270" END="275">crowd</charseq>
      </event_mention_argument>
    </event_mention>
    <event_mention ID="T9">
      <anchor>
        <charseq START="568" END="575">protest</charseq>
      </anchor>
      <event_mention_argument ROLE="Date" ID="T22">
        <charseq START="421" END="427">Friday</charseq>
      </event_mention_argument>
      <event_mention_argument ROLE="Issue" ID="T10">
        <charseq START="552" END="567">anti-government</charseq>
      </event_mention_argument>
      <event_mention_argument ROLE="Actor" ID="T12">
        <charseq START="599" END="605">people</charseq>
      </event_mention_argument>
      <event_mention_argument ROLE="Size" ID="T11">
        <charseq START="586" END="597">some 50,000</charseq>
      </event_mention_argument>
    </event_mention>
    <event_mention ID="T13">
      <anchor>
        <charseq START="256" END="264">protests</charseq>
      </anchor>
      <event_mention_argument ROLE="Location" ID="T4">
        <charseq START="109" END="118">Hungarian</charseq>
      </event_mention_argument>
    </event_mention>
    <event_mention ID="T14">
      <anchor>
        <charseq START="428" END="442">demonstrations</charseq>
      </anchor>
    </event_mention>
    <event_mention ID="T15">
      <anchor>
        <charseq START="934" END="948">demonstrations</charseq>
      </anchor>
    </event_mention>
    <event_mention ID="T16">
      <anchor>
        <charseq START="1004" END="1011">rioting</charseq>
      </anchor>
      <event_mention_argument ROLE="Location" ID="T17">
        <charseq START="1012" END="1019">Hungary</charseq>
      </event_mention_argument>
    </event_mention>
    <event_mention ID="T18">
      <anchor>
        <charseq START="7" END="11">call</charseq>
      </anchor>
      <event_mention_argument ROLE="Issue" ID="T21">
        <charseq START="16" END="42">Hungarian premier's ouster</charseq>
      </event_mention_argument>
      <event_mention_argument ROLE="Location" ID="T20">
        <charseq START="16" END="25">Hungarian</charseq>
      </event_mention_argument>
      <event_mention_argument ROLE="Size" ID="T19">
        <charseq START="0" END="6">15,000</charseq>
      </event_mention_argument>
    </event_mention>
  </event_mentions>
  <events>
    <event ID="1">
      <action_form>Demonstration</action_form>
      <location>Hungary</location>
      <date_range>
        <start>2006-10-07</start>
        <end>2006-10-07</end>
      </date_range>
      <actors/>
      <issues/>
      <size>10,000 or more people</size>
      <comment/>
      <link REFID="T1"/>
      <link REFID="T7"/>
      <link REFID="T13"/>
      <link REFID="T14"/>
      <link REFID="T15"/>
      <link REFID="T18"/>
    </event>
    <event ID="2">
      <action_form>Demonstration</action_form>
      <location>Hungary</location>
      <date_range>
        <start>2006-10-06</start>
        <end>2006-10-06</end>
      </date_range>
      <actors/>
      <issues/>
      <size>10,000 or more people</size>
      <comment/>
      <link REFID="T9"/>
      <link REFID="T13"/>
      <link REFID="T14"/>
      <link REFID="T15"/>
    </event>
    <event ID="3">
      <action_form>Political violence</action_form>
      <location>Hungary</location>
      <date_range>
        <start>2006-09-17</start>
        <end>2006-10-07</end>
        <approximate/>
      </date_range>
      <actors/>
      <issues/>
      <size/>
      <comment/>
      <link REFID="T16"/>
    </event>
  </events>
</document>
