<?xml version='1.0' encoding='utf8'?>
<document PUBLICATION_DATE="2003-04-17" DOCID="AFP_ENG_20030417.0767">
  <event_mentions>
    <event_mention ID="T1">
      <anchor>
        <charseq START="222" END="231">protested</charseq>
      </anchor>
      <event_mention_argument ROLE="Date" ID="T5">
        <charseq START="330" END="336">Friday</charseq>
      </event_mention_argument>
      <event_mention_argument ROLE="Issue" ID="T4">
        <charseq START="238" END="260">deportation from Franc</charseq>
      </event_mention_argument>
      <event_mention_argument ROLE="Location" ID="T2">
        <charseq START="112" END="117">Paris</charseq>
      </event_mention_argument>
      <event_mention_argument ROLE="Actor" ID="T3">
        <charseq START="201" END="211">immigrants</charseq>
      </event_mention_argument>
    </event_mention>
    <event_mention ID="T6">
      <anchor>
        <charseq START="29" END="34">force</charseq>
      </anchor>
      <event_mention_argument ROLE="Location" ID="T8">
        <charseq START="56" END="61">Paris</charseq>
      </event_mention_argument>
      <event_mention_argument ROLE="Actor" ID="T7">
        <charseq START="18" END="28">immigrants</charseq>
      </event_mention_argument>
    </event_mention>
    <event_mention ID="T9">
      <anchor>
        <charseq START="478" END="487">hindering</charseq>
      </anchor>
      <event_mention_argument ROLE="Actor" ID="T10">
        <charseq START="355" END="365">passengers</charseq>
      </event_mention_argument>
      <event_mention_argument ROLE="Size" ID="T11">
        <charseq START="338" END="343">Three</charseq>
      </event_mention_argument>
    </event_mention>
    <event_mention ID="T12">
      <anchor>
        <charseq START="798" END="806">incident</charseq>
      </anchor>
    </event_mention>
    <event_mention ID="T13">
      <anchor>
        <charseq START="1299" END="1307">shouting</charseq>
      </anchor>
      <event_mention_argument ROLE="Actor" ID="T16">
        <charseq START="1273" END="1282">deportees</charseq>
      </event_mention_argument>
    </event_mention>
    <event_mention ID="T14">
      <anchor>
        <charseq START="1309" END="1315">crying</charseq>
      </anchor>
    </event_mention>
    <event_mention ID="T15">
      <anchor>
        <charseq START="1317" END="1324">arguing</charseq>
      </anchor>
    </event_mention>
    <event_mention ID="T17">
      <anchor>
        <charseq START="1707" END="1714">opposed</charseq>
      </anchor>
      <event_mention_argument ROLE="Issue" ID="T18">
        <charseq START="1719" END="1737">forced embarkation</charseq>
      </event_mention_argument>
      <event_mention_argument ROLE="Actor" ID="T19">
        <charseq START="1696" END="1706">passengers</charseq>
      </event_mention_argument>
      <event_mention_argument ROLE="Actor" ID="T20">
        <charseq START="1754" END="1764">immigrants</charseq>
      </event_mention_argument>
    </event_mention>
  </event_mentions>
  <events>
    <event ID="1">
      <action_form>Occupation / Blockade</action_form>
      <location>France</location>
      <date_range>
        <start>2003-04-17</start>
        <end>2003-04-17</end>
      </date_range>
      <actors>
        <actor>Migrants / foreigners / refugees</actor>
      </actors>
      <issues>
        <issue>For immigration</issue>
      </issues>
      <size>1-9 people</size>
      <comment/>
      <link REFID="T1"/>
      <link REFID="T6"/>
      <link REFID="T9"/>
      <link REFID="T12"/>
      <link REFID="T13"/>
      <link REFID="T14"/>
      <link REFID="T15"/>
      <link REFID="T17"/>
    </event>
  </events>
</document>
