<?xml version='1.0' encoding='utf8'?>
<document PUBLICATION_DATE="2005-09-08" DOCID="AFP_ENG_20050908.0331">
  <event_mentions>
    <event_mention ID="T1">
      <anchor>
        <charseq START="2583" END="2589">strike</charseq>
      </anchor>
      <event_mention_argument ROLE="Date" ID="T3">
        <charseq START="2609" END="2612">May</charseq>
      </event_mention_argument>
      <event_mention_argument ROLE="Issue" ID="T4">
        <charseq START="2633" END="2687">the alleged mistreatment he has suffered in Maghaberry</charseq>
      </event_mention_argument>
      <event_mention_argument ROLE="Actor" ID="T2">
        <charseq START="2555" END="2562">Boutrab</charseq>
      </event_mention_argument>
    </event_mention>
  </event_mentions>
  <events>
    <event ID="1">
      <action_form>Self-inflicted violence</action_form>
      <location>United Kingdom</location>
      <date_range>
        <start>2005-05-01</start>
        <end>2005-05-31</end>
        <approximate/>
      </date_range>
      <actors/>
      <issues>
        <issue>Civil rights</issue>
      </issues>
      <size>1-9 people</size>
      <comment/>
      <link REFID="T1"/>
    </event>
  </events>
</document>
