<?xml version='1.0' encoding='utf8'?>
<document PUBLICATION_DATE="2005-09-12" DOCID="AFP_ENG_20050912.0457">
  <event_mentions>
    <event_mention ID="T2">
      <anchor>
        <charseq START="280" END="287">hurling</charseq>
      </anchor>
      <event_mention_argument ROLE="Location" ID="T3">
        <charseq START="156" END="172">Northern Ireland</charseq>
      </event_mention_argument>
      <event_mention_argument ROLE="Actor" ID="T1">
        <charseq START="272" END="279">rioters</charseq>
      </event_mention_argument>
    </event_mention>
    <event_mention ID="T4">
      <anchor>
        <charseq START="385" END="392">clashes</charseq>
      </anchor>
      <event_mention_argument ROLE="Date" ID="T5">
        <charseq START="401" END="409">Saturday</charseq>
      </event_mention_argument>
      <event_mention_argument ROLE="Issue" ID="T6">
        <charseq START="415" END="462">a ban on a parade through  Roman Catholic areas</charseq>
      </event_mention_argument>
      <event_mention_argument ROLE="Actor" ID="T7">
        <charseq START="504" END="515">Protestants</charseq>
      </event_mention_argument>
    </event_mention>
    <event_mention ID="T8">
      <anchor>
        <charseq START="864" END="871">rioting</charseq>
      </anchor>
      <event_mention_argument ROLE="Date" ID="T10">
        <charseq START="848" END="860">second night</charseq>
      </event_mention_argument>
      <event_mention_argument ROLE="Location" ID="T9">
        <charseq START="785" END="801">Northern Ireland</charseq>
      </event_mention_argument>
    </event_mention>
    <event_mention ID="T11">
      <anchor>
        <charseq START="1221" END="1225">hail</charseq>
      </anchor>
      <event_mention_argument ROLE="Date" ID="T12">
        <charseq START="1189" END="1196">weekend</charseq>
      </event_mention_argument>
    </event_mention>
    <event_mention ID="T13">
      <anchor>
        <charseq START="1425" END="1433">attacked</charseq>
      </anchor>
      <event_mention_argument ROLE="Date" ID="T16">
        <charseq START="1382" END="1388">Sunday</charseq>
      </event_mention_argument>
      <event_mention_argument ROLE="Location" ID="T17">
        <charseq START="1471" END="1475">city</charseq>
      </event_mention_argument>
      <event_mention_argument ROLE="Actor" ID="T14">
        <charseq START="1413" END="1424">Protestants</charseq>
      </event_mention_argument>
      <event_mention_argument ROLE="Size" ID="T15">
        <charseq START="1398" END="1411">more than 700</charseq>
      </event_mention_argument>
    </event_mention>
    <event_mention ID="T18">
      <anchor>
        <charseq START="1521" END="1524">set</charseq>
      </anchor>
    </event_mention>
    <event_mention ID="T20">
      <anchor>
        <charseq START="1579" END="1586">clashes</charseq>
      </anchor>
      <event_mention_argument ROLE="Date" ID="T19">
        <charseq START="1532" END="1544">Sunday night</charseq>
      </event_mention_argument>
      <event_mention_argument ROLE="Location" ID="T22">
        <charseq START="1677" END="1684">capital</charseq>
      </event_mention_argument>
      <event_mention_argument ROLE="Actor" ID="T21">
        <charseq START="1606" END="1612">youths</charseq>
      </event_mention_argument>
    </event_mention>
    <event_mention ID="T24">
      <anchor>
        <charseq START="1737" END="1745">hijacked</charseq>
      </anchor>
      <event_mention_argument ROLE="Location" ID="T23">
        <charseq START="1718" END="1725">Belfast</charseq>
      </event_mention_argument>
      <event_mention_argument ROLE="Actor" ID="T26">
        <charseq START="1875" END="1882">rioters</charseq>
      </event_mention_argument>
    </event_mention>
    <event_mention ID="T25">
      <anchor>
        <charseq START="1865" END="1871">attack</charseq>
      </anchor>
    </event_mention>
    <event_mention ID="T29">
      <anchor>
        <charseq START="2667" END="2672">riots</charseq>
      </anchor>
      <event_mention_argument ROLE="Location" ID="T31">
        <charseq START="2556" END="2572">Northern Ireland</charseq>
      </event_mention_argument>
    </event_mention>
    <event_mention ID="T32">
      <anchor>
        <charseq START="2848" END="2854">parade</charseq>
      </anchor>
      <event_mention_argument ROLE="Date" ID="T33">
        <charseq START="2820" END="2828">Saturday</charseq>
      </event_mention_argument>
      <event_mention_argument ROLE="Location" ID="T34">
        <charseq START="2897" END="2913">Northern Ireland</charseq>
      </event_mention_argument>
      <event_mention_argument ROLE="Actor" ID="T35">
        <charseq START="2995" END="3007">Orange Order</charseq>
      </event_mention_argument>
    </event_mention>
    <event_mention ID="T36">
      <anchor>
        <charseq START="3112" END="3117">march</charseq>
      </anchor>
      <event_mention_argument ROLE="Location" ID="T38">
        <charseq START="3048" END="3064">Northern Ireland</charseq>
      </event_mention_argument>
      <event_mention_argument ROLE="Actor" ID="T37">
        <charseq START="3009" END="3017">Marchers</charseq>
      </event_mention_argument>
    </event_mention>
  </event_mentions>
  <events>
    <event ID="1">
      <action_form>Political violence</action_form>
      <location>United Kingdom</location>
      <date_range>
        <start>2005-09-10</start>
        <end>2005-09-11</end>
      </date_range>
      <actors>
        <actor>Religious groups / fundamentalists</actor>
      </actors>
      <issues/>
      <size>100-999 people</size>
      <comment/>
      <link REFID="T2"/>
      <link REFID="T4"/>
      <link REFID="T8"/>
      <link REFID="T13"/>
      <link REFID="T11"/>
      <link REFID="T18"/>
      <link REFID="T20"/>
      <link REFID="T24"/>
      <link REFID="T25"/>
      <link REFID="T29"/>
    </event>
    <event ID="2">
      <action_form>Demonstration</action_form>
      <location>United Kingdom</location>
      <date_range>
        <start>2005-09-10</start>
        <end>2005-09-10</end>
      </date_range>
      <actors>
        <actor>Religious groups / fundamentalists</actor>
      </actors>
      <issues/>
      <size/>
      <comment/>
      <link REFID="T32"/>
      <link REFID="T36"/>
    </event>
  </events>
</document>
