<?xml version='1.0' encoding='utf8'?>
<document PUBLICATION_DATE="2003-04-24" DOCID="AFP_ENG_20030424.0241">
  <event_mentions>
    <event_mention ID="T1">
      <anchor>
        <charseq START="0" END="8">Scuffles</charseq>
      </anchor>
    </event_mention>
    <event_mention ID="T2">
      <anchor>
        <charseq START="12" END="16">demo</charseq>
      </anchor>
      <event_mention_argument ROLE="Issue" ID="T4">
        <charseq START="25" END="29">Cuba</charseq>
      </event_mention_argument>
      <event_mention_argument ROLE="Location" ID="T3">
        <charseq START="32" END="37">Paris</charseq>
      </event_mention_argument>
    </event_mention>
    <event_mention ID="T5">
      <anchor>
        <charseq START="158" END="166">gathered</charseq>
      </anchor>
      <event_mention_argument ROLE="Issue" ID="T12">
        <charseq START="197" END="259">recent wave of prison sentences passed on political dissidents</charseq>
      </event_mention_argument>
    </event_mention>
    <event_mention ID="T6">
      <anchor>
        <charseq START="118" END="123">blows</charseq>
      </anchor>
      <event_mention_argument ROLE="Date" ID="T11">
        <charseq START="167" END="175">Thursday</charseq>
      </event_mention_argument>
      <event_mention_argument ROLE="Location" ID="T9">
        <charseq START="102" END="107">Paris</charseq>
      </event_mention_argument>
      <event_mention_argument ROLE="Actor" ID="T8">
        <charseq START="68" END="77">Employees</charseq>
      </event_mention_argument>
      <event_mention_argument ROLE="Actor" ID="T7">
        <charseq START="140" END="153">demonstrators</charseq>
      </event_mention_argument>
      <event_mention_argument ROLE="Size" ID="T10">
        <charseq START="129" END="136">a group</charseq>
      </event_mention_argument>
    </event_mention>
    <event_mention ID="T13">
      <anchor>
        <charseq START="358" END="366">scuffles</charseq>
      </anchor>
      <event_mention_argument ROLE="Actor" ID="T15">
        <charseq START="261" END="266">Staff</charseq>
      </event_mention_argument>
    </event_mention>
    <event_mention ID="T17">
      <anchor>
        <charseq START="303" END="311">attached</charseq>
      </anchor>
      <event_mention_argument ROLE="Actor" ID="T16">
        <charseq START="319" END="329">protesters</charseq>
      </event_mention_argument>
      <event_mention_argument ROLE="Actor" ID="T14">
        <charseq START="421" END="446">Reporters Without Borders</charseq>
      </event_mention_argument>
    </event_mention>
    <event_mention ID="T18">
      <anchor>
        <charseq START="523" END="536">demonstration</charseq>
      </anchor>
    </event_mention>
  </event_mentions>
  <events>
    <event ID="1">
      <action_form>Political violence</action_form>
      <location>France</location>
      <date_range>
        <start>2003-04-24</start>
        <end>2003-04-24</end>
      </date_range>
      <actors>
        <actor>Organization</actor>
      </actors>
      <issues>
        <issue>Civil rights</issue>
      </issues>
      <size>10-49 people</size>
      <comment/>
      <link REFID="T1"/>
      <link REFID="T6"/>
      <link REFID="T13"/>
    </event>
    <event ID="2">
      <action_form>Demonstration</action_form>
      <location>France</location>
      <date_range>
        <start>2003-04-24</start>
        <end>2003-04-24</end>
      </date_range>
      <actors>
        <actor>Organization</actor>
      </actors>
      <issues>
        <issue>Civil rights</issue>
      </issues>
      <size>10-49 people</size>
      <comment/>
      <link REFID="T2"/>
      <link REFID="T5"/>
      <link REFID="T17"/>
      <link REFID="T18"/>
    </event>
  </events>
</document>
