<?xml version='1.0' encoding='utf8'?>
<document PUBLICATION_DATE="2005-10-13" DOCID="AFP_ENG_20051013.0371">
  <event_mentions>
    <event_mention ID="T2">
      <anchor>
        <charseq START="267" END="273">strike</charseq>
      </anchor>
      <event_mention_argument ROLE="Date" ID="T1">
        <charseq START="260" END="266">24-day</charseq>
      </event_mention_argument>
      <event_mention_argument ROLE="Issue" ID="T5">
        <charseq START="309" END="346">state-owned  operator's privatisation</charseq>
      </event_mention_argument>
      <event_mention_argument ROLE="Location" ID="T4">
        <charseq START="166" END="172">France</charseq>
      </event_mention_argument>
      <event_mention_argument ROLE="Actor" ID="T3">
        <charseq START="156" END="162">Seamen</charseq>
      </event_mention_argument>
    </event_mention>
    <event_mention ID="T6">
      <anchor>
        <charseq START="551" END="557">strike</charseq>
      </anchor>
      <event_mention_argument ROLE="Date" ID="T7">
        <charseq START="572" END="584">September 20</charseq>
      </event_mention_argument>
      <event_mention_argument ROLE="Issue" ID="T8">
        <charseq START="605" END="659">government plans to sell the SNCM to private investors</charseq>
      </event_mention_argument>
    </event_mention>
    <event_mention ID="T9">
      <anchor>
        <charseq START="817" END="826">hijacking</charseq>
      </anchor>
      <event_mention_argument ROLE="Date" ID="T11">
        <charseq START="862" END="874">September 27</charseq>
      </event_mention_argument>
      <event_mention_argument ROLE="Location" ID="T12">
        <charseq START="793" END="800">Corsica</charseq>
      </event_mention_argument>
      <event_mention_argument ROLE="Actor" ID="T10">
        <charseq START="830" END="837">workers</charseq>
      </event_mention_argument>
    </event_mention>
    <event_mention ID="T13">
      <anchor>
        <charseq START="947" END="954">strikes</charseq>
      </anchor>
      <event_mention_argument ROLE="Date" ID="T15">
        <charseq START="1020" END="1029">two weeks</charseq>
      </event_mention_argument>
      <event_mention_argument ROLE="Location" ID="T14">
        <charseq START="982" END="991">Marseille</charseq>
      </event_mention_argument>
    </event_mention>
    <event_mention ID="T16">
      <anchor>
        <charseq START="1358" END="1364">strike</charseq>
      </anchor>
      <event_mention_argument ROLE="Actor" ID="T17">
        <charseq START="1316" END="1322">seamen</charseq>
      </event_mention_argument>
    </event_mention>
    <event_mention ID="T18">
      <anchor>
        <charseq START="2940" END="2947">strikes</charseq>
      </anchor>
    </event_mention>
  </event_mentions>
  <events>
    <event ID="1">
      <action_form>Strike</action_form>
      <location>France</location>
      <date_range>
        <start>2005-09-20</start>
        <end>2005-10-13</end>
      </date_range>
      <actors>
        <actor>Trade union</actor>
        <actor>Occupational group</actor>
      </actors>
      <issues>
        <issue>For labour rights</issue>
      </issues>
      <size/>
      <comment/>
      <link REFID="T2"/>
      <link REFID="T6"/>
      <link REFID="T16"/>
      <link REFID="T18"/>
    </event>
    <event ID="2">
      <action_form>Occupation / Blockade</action_form>
      <location>France</location>
      <date_range>
        <start>2005-09-27</start>
        <end>2005-09-27</end>
      </date_range>
      <actors>
        <actor>Trade union</actor>
        <actor>Occupational group</actor>
      </actors>
      <issues>
        <issue>For labour rights</issue>
      </issues>
      <size/>
      <comment/>
      <link REFID="T9"/>
    </event>
    <event ID="3">
      <action_form>Strike</action_form>
      <location>France</location>
      <date_range>
        <start>2005-10-01</start>
        <end>2005-10-13</end>
        <approximate/>
      </date_range>
      <actors>
        <actor>Trade union</actor>
        <actor>Occupational group</actor>
      </actors>
      <issues>
        <issue>For labour rights</issue>
      </issues>
      <size/>
      <comment/>
      <link REFID="T13"/>
    </event>
  </events>
</document>
