<?xml version='1.0' encoding='utf8'?>
<document PUBLICATION_DATE="2003-04-30" DOCID="AFP_ENG_20030430.0427">
  <event_mentions>
    <event_mention ID="T1">
      <anchor>
        <charseq START="195" END="203">protests</charseq>
      </anchor>
      <event_mention_argument ROLE="Date" ID="T3">
        <charseq START="167" END="176">Wednesday</charseq>
      </event_mention_argument>
      <event_mention_argument ROLE="Issue" ID="T4">
        <charseq START="182" END="194">human rights</charseq>
      </event_mention_argument>
      <event_mention_argument ROLE="Location" ID="T2">
        <charseq START="157" END="163">London</charseq>
      </event_mention_argument>
    </event_mention>
    <event_mention ID="T5">
      <anchor>
        <charseq START="38" END="46">protests</charseq>
      </anchor>
      <event_mention_argument ROLE="Issue" ID="T7">
        <charseq START="0" END="11">North Korea</charseq>
      </event_mention_argument>
      <event_mention_argument ROLE="Location" ID="T6">
        <charseq START="18" END="24">London</charseq>
      </event_mention_argument>
    </event_mention>
    <event_mention ID="T9">
      <anchor>
        <charseq START="951" END="958">chanted</charseq>
      </anchor>
      <event_mention_argument ROLE="Issue" ID="T11">
        <charseq START="997" END="1030">North Korea's human rights record</charseq>
      </event_mention_argument>
      <event_mention_argument ROLE="Actor" ID="T8">
        <charseq START="920" END="950">Christian Solidarity Worldwide</charseq>
      </event_mention_argument>
    </event_mention>
    <event_mention ID="T10">
      <anchor>
        <charseq START="971" END="976">waved</charseq>
      </anchor>
    </event_mention>
    <event_mention ID="T12">
      <anchor>
        <charseq START="1249" END="1256">dropped</charseq>
      </anchor>
      <event_mention_argument ROLE="Issue" ID="T13">
        <charseq START="1032" END="1210">"We wish to register our profound concern at the mistreatment of North Koreans and to assure you that we will be watching the human rights situation in North Korea very closely,"</charseq>
      </event_mention_argument>
      <event_mention_argument ROLE="Actor" ID="T14">
        <charseq START="1215" END="1220">group</charseq>
      </event_mention_argument>
    </event_mention>
    <event_mention ID="T15">
      <anchor>
        <charseq START="2538" END="2549">demonstrate</charseq>
      </anchor>
      <event_mention_argument ROLE="Issue" ID="T18">
        <charseq START="2581" END="2615">Pyongyang's prohibition of dissent</charseq>
      </event_mention_argument>
      <event_mention_argument ROLE="Issue" ID="T17">
        <charseq START="2499" END="2511">Human rights</charseq>
      </event_mention_argument>
      <event_mention_argument ROLE="Actor" ID="T16">
        <charseq START="2512" END="2521">activists</charseq>
      </event_mention_argument>
    </event_mention>
  </event_mentions>
  <events>
    <event ID="1">
      <action_form>Demonstration</action_form>
      <location>United Kingdom</location>
      <date_range>
        <start>2003-04-30</start>
        <end>2003-04-30</end>
      </date_range>
      <actors>
        <actor>Left-libertarians</actor>
      </actors>
      <issues>
        <issue>For human rights</issue>
      </issues>
      <size>10-49 people</size>
      <comment/>
      <link REFID="T1"/>
      <link REFID="T5"/>
      <link REFID="T9"/>
      <link REFID="T10"/>
      <link REFID="T12"/>
      <link REFID="T15"/>
    </event>
  </events>
</document>
