<?xml version='1.0' encoding='utf8'?>
<document PUBLICATION_DATE="2006-09-23" DOCID="AFP_ENG_20060923.0438">
  <event_mentions>
    <event_mention ID="T1">
      <anchor>
        <charseq START="1758" END="1764">staged</charseq>
      </anchor>
      <event_mention_argument ROLE="Issue" ID="T2">
        <charseq START="1777" END="1786">gay pride</charseq>
      </event_mention_argument>
      <event_mention_argument ROLE="Location" ID="T3">
        <charseq START="1663" END="1670">Latvian</charseq>
      </event_mention_argument>
      <event_mention_argument ROLE="Actor" ID="T6">
        <charseq START="1700" END="1710">supporters</charseq>
      </event_mention_argument>
      <event_mention_argument ROLE="Actor" ID="T5">
        <charseq START="1680" END="1688">lesbians</charseq>
      </event_mention_argument>
      <event_mention_argument ROLE="Actor" ID="T4">
        <charseq START="1671" END="1675">gays</charseq>
      </event_mention_argument>
    </event_mention>
    <event_mention ID="T7">
      <anchor>
        <charseq START="1828" END="1834">abused</charseq>
      </anchor>
    </event_mention>
    <event_mention ID="T8">
      <anchor>
        <charseq START="1839" END="1845">pelted</charseq>
      </anchor>
      <event_mention_argument ROLE="Issue" ID="T10">
        <charseq START="1874" END="1882">anti-gay</charseq>
      </event_mention_argument>
      <event_mention_argument ROLE="Actor" ID="T9">
        <charseq START="1883" END="1889">groups</charseq>
      </event_mention_argument>
    </event_mention>
  </event_mentions>
  <events>
    <event ID="1">
      <action_form>Demonstration</action_form>
      <location>Latvia</location>
      <date_range>
        <start>2006-07-01</start>
        <end>2006-07-21</end>
        <approximate/>
      </date_range>
      <actors>
        <actor>Left-libertarians</actor>
      </actors>
      <issues>
        <issue>For cultural liberalism</issue>
      </issues>
      <size/>
      <comment/>
      <link REFID="T1"/>
    </event>
    <event ID="2">
      <action_form>Political violence</action_form>
      <location>Latvia</location>
      <date_range>
        <start>2006-07-01</start>
        <end>2006-07-21</end>
        <approximate/>
      </date_range>
      <actors/>
      <issues>
        <issue>Against cultural liberalism</issue>
      </issues>
      <size/>
      <comment/>
      <link REFID="T7"/>
      <link REFID="T8"/>
    </event>
  </events>
</document>
