<?xml version='1.0' encoding='utf8'?>
<document PUBLICATION_DATE="2006-09-25" DOCID="AFP_ENG_20060925.0137">
  <event_mentions>
    <event_mention ID="T1">
      <anchor>
        <charseq START="208" END="219">demonstrate</charseq>
      </anchor>
      <event_mention_argument ROLE="Date" ID="T8">
        <charseq START="195" END="203">Saturday</charseq>
      </event_mention_argument>
      <event_mention_argument ROLE="Issue" ID="T9">
        <charseq START="228" END="295">the government's severe crackdown on squats and  illegal immigrants</charseq>
      </event_mention_argument>
      <event_mention_argument ROLE="Location" ID="T7">
        <charseq START="186" END="191">Paris</charseq>
      </event_mention_argument>
      <event_mention_argument ROLE="Actor" ID="T5">
        <charseq START="176" END="182">people</charseq>
      </event_mention_argument>
      <event_mention_argument ROLE="Actor" ID="T4">
        <charseq START="141" END="152">politicians</charseq>
      </event_mention_argument>
      <event_mention_argument ROLE="Actor" ID="T3">
        <charseq START="129" END="135">actors</charseq>
      </event_mention_argument>
      <event_mention_argument ROLE="Size" ID="T6">
        <charseq START="160" END="175">more than 1,000</charseq>
      </event_mention_argument>
      <event_mention_argument ROLE="Size" ID="T2">
        <charseq START="103" END="110">Several</charseq>
      </event_mention_argument>
    </event_mention>
    <event_mention ID="T10">
      <anchor>
        <charseq START="0" END="4">Demo</charseq>
      </anchor>
      <event_mention_argument ROLE="Issue" ID="T12">
        <charseq START="22" END="70">squat shutdown, expulsion of illegal  immigrants</charseq>
      </event_mention_argument>
      <event_mention_argument ROLE="Location" ID="T11">
        <charseq START="8" END="13">Paris</charseq>
      </event_mention_argument>
    </event_mention>
    <event_mention ID="T13">
      <anchor>
        <charseq START="368" END="373">cried</charseq>
      </anchor>
      <event_mention_argument ROLE="Issue" ID="T16">
        <charseq START="297" END="356">"What do we want? Residency papers! For who? For everyone!"</charseq>
      </event_mention_argument>
      <event_mention_argument ROLE="Location" ID="T15">
        <charseq START="413" END="420">capital</charseq>
      </event_mention_argument>
      <event_mention_argument ROLE="Actor" ID="T14">
        <charseq START="362" END="367">crowd</charseq>
      </event_mention_argument>
    </event_mention>
    <event_mention ID="T17">
      <anchor>
        <charseq START="452" END="458">turned</charseq>
      </anchor>
      <event_mention_argument ROLE="Actor" ID="T22">
        <charseq START="670" END="679">candidate</charseq>
      </event_mention_argument>
      <event_mention_argument ROLE="Actor" ID="T18">
        <charseq START="497" END="506">actresses</charseq>
      </event_mention_argument>
      <event_mention_argument ROLE="Actor" ID="T19">
        <charseq START="545" END="553">comedian</charseq>
      </event_mention_argument>
      <event_mention_argument ROLE="Actor" ID="T21">
        <charseq START="613" END="623">figurehead</charseq>
      </event_mention_argument>
      <event_mention_argument ROLE="Actor" ID="T20">
        <charseq START="576" END="582">deputy</charseq>
      </event_mention_argument>
      <event_mention_argument ROLE="Size" ID="T23">
        <charseq START="422" END="430">A number</charseq>
      </event_mention_argument>
    </event_mention>
    <event_mention ID="T24">
      <anchor>
        <charseq START="707" END="714">marched</charseq>
      </anchor>
      <event_mention_argument ROLE="Issue" ID="T26">
        <charseq START="728" END="878">immigrants without valid residency  papers and hundreds of people who last month were forcibly thrown  out of France's biggest squat located in Cachan</charseq>
      </event_mention_argument>
      <event_mention_argument ROLE="Location" ID="T25">
        <charseq START="904" END="909">Paris</charseq>
      </event_mention_argument>
    </event_mention>
    <event_mention ID="T27">
      <anchor>
        <charseq START="1060" END="1066">strike</charseq>
      </anchor>
      <event_mention_argument ROLE="Issue" ID="T29">
        <charseq START="911" END="985">"We ask for hope to live freely. We are fed up of hiding like  murderers,"</charseq>
      </event_mention_argument>
      <event_mention_argument ROLE="Actor" ID="T28">
        <charseq START="1011" END="1025">squat-dwellers</charseq>
      </event_mention_argument>
    </event_mention>
    <event_mention ID="T33">
      <anchor>
        <charseq START="1154" END="1162">gathered</charseq>
      </anchor>
      <event_mention_argument ROLE="Issue" ID="T34">
        <charseq START="1237" END="1287">six immigrants who are threatened with deportation</charseq>
      </event_mention_argument>
      <event_mention_argument ROLE="Location" ID="T30">
        <charseq START="1128" END="1136">Toulouse</charseq>
      </event_mention_argument>
      <event_mention_argument ROLE="Actor" ID="T32">
        <charseq START="1147" END="1153">people</charseq>
      </event_mention_argument>
      <event_mention_argument ROLE="Size" ID="T31">
        <charseq START="1138" END="1146">about 50</charseq>
      </event_mention_argument>
    </event_mention>
  </event_mentions>
  <events>
    <event ID="1">
      <action_form>Demonstration</action_form>
      <location>France</location>
      <date_range>
        <start>2006-09-09</start>
        <end>2006-09-09</end>
      </date_range>
      <actors>
        <actor>Left-libertarians</actor>
        <actor>Intellectuals</actor>
      </actors>
      <issues>
        <issue>For immigration</issue>
        <issue>For cultural liberalism</issue>
      </issues>
      <size>1,000-9,999 people</size>
      <comment/>
      <link REFID="T1"/>
      <link REFID="T10"/>
      <link REFID="T13"/>
      <link REFID="T17"/>
      <link REFID="T24"/>
    </event>
    <event ID="2">
      <action_form>Self-inflicted violence</action_form>
      <location>France</location>
      <date_range>
        <start>2006-08-23</start>
        <end>2006-09-09</end>
      </date_range>
      <actors>
        <actor>Left-libertarians</actor>
      </actors>
      <issues>
        <issue>For cultural liberalism</issue>
      </issues>
      <size>1-9 people</size>
      <comment/>
      <link REFID="T27"/>
    </event>
    <event ID="3">
      <action_form>Demonstration</action_form>
      <location>France</location>
      <date_range>
        <start>2006-09-09</start>
        <end>2006-09-09</end>
      </date_range>
      <actors>
        <actor>Left-libertarians</actor>
      </actors>
      <issues>
        <issue>For immigration</issue>
      </issues>
      <size>10-49 people</size>
      <comment/>
      <link REFID="T33"/>
    </event>
  </events>
</document>
