<?xml version='1.0' encoding='utf8'?>
<document PUBLICATION_DATE="2006-10-04" DOCID="AFP_ENG_20061004.0376">
  <event_mentions>
    <event_mention ID="T1">
      <anchor>
        <charseq START="164" END="170">strike</charseq>
      </anchor>
      <event_mention_argument ROLE="Issue" ID="T3">
        <charseq START="101" END="140">renewal  of their collective bargaining</charseq>
      </event_mention_argument>
      <event_mention_argument ROLE="Location" ID="T4">
        <charseq START="71" END="78">Italian</charseq>
      </event_mention_argument>
      <event_mention_argument ROLE="Actor" ID="T2">
        <charseq START="79" END="90">journalists</charseq>
      </event_mention_argument>
    </event_mention>
    <event_mention ID="T5">
      <anchor>
        <charseq START="517" END="525">stoppage</charseq>
      </anchor>
      <event_mention_argument ROLE="Date" ID="T6">
        <charseq START="526" END="535">last week</charseq>
      </event_mention_argument>
    </event_mention>
    <event_mention ID="T7">
      <anchor>
        <charseq START="36" END="42">strike</charseq>
      </anchor>
      <event_mention_argument ROLE="Location" ID="T8">
        <charseq START="0" END="7">Italian</charseq>
      </event_mention_argument>
      <event_mention_argument ROLE="Actor" ID="T9">
        <charseq START="8" END="19">journalists</charseq>
      </event_mention_argument>
    </event_mention>
  </event_mentions>
  <events>
    <event ID="1">
      <action_form>Strike</action_form>
      <location>Italy</location>
      <date_range>
        <start>2006-09-25</start>
        <end>2006-10-01</end>
        <approximate/>
      </date_range>
      <actors>
        <actor>Occupational group</actor>
      </actors>
      <issues>
        <issue>For labour rights</issue>
      </issues>
      <size/>
      <comment/>
      <link REFID="T1"/>
      <link REFID="T5"/>
      <link REFID="T7"/>
    </event>
  </events>
</document>
