<?xml version='1.0' encoding='utf8'?>
<document PUBLICATION_DATE="2002-04-07" DOCID="AFP_ENG_20020407.0387">
  <event_mentions>
    <event_mention ID="T1">
      <anchor>
        <charseq START="92" END="99">marched</charseq>
      </anchor>
      <event_mention_argument ROLE="Date" ID="T3">
        <charseq START="114" END="120">Sunday</charseq>
      </event_mention_argument>
      <event_mention_argument ROLE="Issue" ID="T6">
        <charseq START="121" END="190">to show their anger at a spate of attacks on Jewish targets in France</charseq>
      </event_mention_argument>
      <event_mention_argument ROLE="Issue" ID="T7">
        <charseq START="195" END="258">support for Israel in the bloody conflict with the Palestinians</charseq>
      </event_mention_argument>
      <event_mention_argument ROLE="Location" ID="T2">
        <charseq START="108" END="113">Paris</charseq>
      </event_mention_argument>
      <event_mention_argument ROLE="Actor" ID="T5">
        <charseq START="87" END="91">Jews</charseq>
      </event_mention_argument>
      <event_mention_argument ROLE="Size" ID="T4">
        <charseq START="59" END="76">Tens of thousands</charseq>
      </event_mention_argument>
    </event_mention>
    <event_mention ID="T8">
      <anchor>
        <charseq START="409" END="414">moved</charseq>
      </anchor>
      <event_mention_argument ROLE="Issue" ID="T9">
        <charseq START="284" END="358">"With Israel for Peace and Security. Against Terrorism and Anti-Semitism,"</charseq>
      </event_mention_argument>
      <event_mention_argument ROLE="Location" ID="T12">
        <charseq START="484" END="492">Bastille</charseq>
      </event_mention_argument>
      <event_mention_argument ROLE="Size" ID="T10">
        <charseq START="399" END="405">53,000</charseq>
      </event_mention_argument>
    </event_mention>
    <event_mention ID="T11">
      <anchor>
        <charseq START="522" END="530">chanting</charseq>
      </anchor>
    </event_mention>
    <event_mention ID="T13">
      <anchor>
        <charseq START="616" END="623">stabbed</charseq>
      </anchor>
      <event_mention_argument ROLE="Issue" ID="T15">
        <charseq START="689" END="749">to attack supporters of the Israeli peace movement Peace Now</charseq>
      </event_mention_argument>
      <event_mention_argument ROLE="Actor" ID="T14">
        <charseq START="661" END="673">demonstrator</charseq>
      </event_mention_argument>
    </event_mention>
    <event_mention ID="T17">
      <anchor>
        <charseq START="780" END="793">demonstration</charseq>
      </anchor>
      <event_mention_argument ROLE="Actor" ID="T16">
        <charseq START="740" END="749">Peace Now</charseq>
      </event_mention_argument>
    </event_mention>
    <event_mention ID="T18">
      <anchor>
        <charseq START="814" END="819">march</charseq>
      </anchor>
    </event_mention>
    <event_mention ID="T19">
      <anchor>
        <charseq START="858" END="871">demonstration</charseq>
      </anchor>
    </event_mention>
    <event_mention ID="T22">
      <anchor>
        <charseq START="937" END="942">flung</charseq>
      </anchor>
      <event_mention_argument ROLE="Location" ID="T20">
        <charseq START="896" END="906">Marseilles</charseq>
      </event_mention_argument>
      <event_mention_argument ROLE="Actor" ID="T21">
        <charseq START="931" END="936">Arabs</charseq>
      </event_mention_argument>
    </event_mention>
    <event_mention ID="T23">
      <anchor>
        <charseq START="959" END="969">procession</charseq>
      </anchor>
    </event_mention>
    <event_mention ID="T24">
      <anchor>
        <charseq START="974" END="981">chanted</charseq>
      </anchor>
    </event_mention>
    <event_mention ID="T27">
      <anchor>
        <charseq START="1042" END="1046">bore</charseq>
      </anchor>
      <event_mention_argument ROLE="Issue" ID="T29">
        <charseq START="1059" END="1112">victims of the Palestinian suicide bombings in Israel</charseq>
      </event_mention_argument>
      <event_mention_argument ROLE="Location" ID="T26">
        <charseq START="1025" END="1030">Paris</charseq>
      </event_mention_argument>
      <event_mention_argument ROLE="Actor" ID="T25">
        <charseq START="1031" END="1041">protesters</charseq>
      </event_mention_argument>
    </event_mention>
    <event_mention ID="T28">
      <anchor>
        <charseq START="1118" END="1123">waved</charseq>
      </anchor>
    </event_mention>
    <event_mention ID="T30">
      <anchor>
        <charseq START="1643" END="1648">march</charseq>
      </anchor>
      <event_mention_argument ROLE="Issue" ID="T32">
        <charseq START="1458" END="1578">"An attack on a synagogue has got to be recognised as an act of terrorism. Anti-Semitism is the beginning of terrorism,"</charseq>
      </event_mention_argument>
      <event_mention_argument ROLE="Location" ID="T31">
        <charseq START="1617" END="1622">Paris</charseq>
      </event_mention_argument>
    </event_mention>
    <event_mention ID="T33">
      <anchor>
        <charseq START="1654" END="1659">march</charseq>
      </anchor>
      <event_mention_argument ROLE="Location" ID="T34">
        <charseq START="1691" END="1697">French</charseq>
      </event_mention_argument>
    </event_mention>
    <event_mention ID="T35">
      <anchor>
        <charseq START="1766" END="1771">march</charseq>
      </anchor>
      <event_mention_argument ROLE="Issue" ID="T38">
        <charseq START="1860" END="1904">to condemn Israel's assault on the West Bank</charseq>
      </event_mention_argument>
      <event_mention_argument ROLE="Location" ID="T36">
        <charseq START="1791" END="1798">capital</charseq>
      </event_mention_argument>
      <event_mention_argument ROLE="Size" ID="T37">
        <charseq START="1731" END="1740">thousands</charseq>
      </event_mention_argument>
    </event_mention>
    <event_mention ID="T40">
      <anchor>
        <charseq START="2011" END="2018">protest</charseq>
      </anchor>
      <event_mention_argument ROLE="Actor" ID="T39">
        <charseq START="1910" END="1965">Representative Council of Jewish Institutions in France</charseq>
      </event_mention_argument>
    </event_mention>
    <event_mention ID="T41">
      <anchor>
        <charseq START="2046" END="2053">attacks</charseq>
      </anchor>
      <event_mention_argument ROLE="Date" ID="T43">
        <charseq START="2025" END="2037">last weekend</charseq>
      </event_mention_argument>
      <event_mention_argument ROLE="Location" ID="T42">
        <charseq START="2099" END="2108">Marseille</charseq>
      </event_mention_argument>
    </event_mention>
    <event_mention ID="T44">
      <anchor>
        <charseq START="2147" END="2154">Attacks</charseq>
      </anchor>
    </event_mention>
    <event_mention ID="T45">
      <anchor>
        <charseq START="2292" END="2295">hit</charseq>
      </anchor>
      <event_mention_argument ROLE="Date" ID="T47">
        <charseq START="2319" END="2337">overnight Saturday</charseq>
      </event_mention_argument>
      <event_mention_argument ROLE="Location" ID="T46">
        <charseq START="2281" END="2287">Epinay</charseq>
      </event_mention_argument>
    </event_mention>
    <event_mention ID="T48">
      <anchor>
        <charseq START="2398" END="2401">set</charseq>
      </anchor>
    </event_mention>
    <event_mention ID="T49">
      <anchor>
        <charseq START="2515" END="2522">attacks</charseq>
      </anchor>
      <event_mention_argument ROLE="Location" ID="T50">
        <charseq START="2466" END="2472">France</charseq>
      </event_mention_argument>
    </event_mention>
    <event_mention ID="T51">
      <anchor>
        <charseq START="2826" END="2833">attacks</charseq>
      </anchor>
      <event_mention_argument ROLE="Location" ID="T52">
        <charseq START="2837" END="2843">France</charseq>
      </event_mention_argument>
    </event_mention>
    <event_mention ID="T54">
      <anchor>
        <charseq START="2965" END="2978">demonstration</charseq>
      </anchor>
      <event_mention_argument ROLE="Date" ID="T57">
        <charseq START="3022" END="3028">Sunday</charseq>
      </event_mention_argument>
      <event_mention_argument ROLE="Actor" ID="T55">
        <charseq START="3006" END="3015">Peace Now</charseq>
      </event_mention_argument>
      <event_mention_argument ROLE="Actor" ID="T53">
        <charseq START="2940" END="2944">Jews</charseq>
      </event_mention_argument>
      <event_mention_argument ROLE="Size" ID="T56">
        <charseq START="2914" END="2929">Several hundred</charseq>
      </event_mention_argument>
    </event_mention>
    <event_mention ID="T58">
      <anchor>
        <charseq START="3074" END="3087">demonstration</charseq>
      </anchor>
      <event_mention_argument ROLE="Issue" ID="T59">
        <charseq START="3110" END="3123">anti-Semitism</charseq>
      </event_mention_argument>
    </event_mention>
    <event_mention ID="T60">
      <anchor>
        <charseq START="3297" END="3311">demonstrations</charseq>
      </anchor>
      <event_mention_argument ROLE="Issue" ID="T63">
        <charseq START="3352" END="3408">solidarity with Israelis, and that the attacks in France</charseq>
      </event_mention_argument>
      <event_mention_argument ROLE="Location" ID="T62">
        <charseq START="3317" END="3323">French</charseq>
      </event_mention_argument>
      <event_mention_argument ROLE="Actor" ID="T61">
        <charseq START="3324" END="3328">Jews</charseq>
      </event_mention_argument>
    </event_mention>
    <event_mention ID="T64">
      <anchor>
        <charseq START="30" END="33">dem</charseq>
      </anchor>
      <event_mention_argument ROLE="Issue" ID="T66">
        <charseq START="23" END="29">Jewish</charseq>
      </event_mention_argument>
      <event_mention_argument ROLE="Size" ID="T65">
        <charseq START="0" END="9">Thousands</charseq>
      </event_mention_argument>
    </event_mention>
    <event_mention ID="T67">
      <anchor>
        <charseq START="155" END="162">attacks</charseq>
      </anchor>
      <event_mention_argument ROLE="Location" ID="T68">
        <charseq START="184" END="190">France</charseq>
      </event_mention_argument>
    </event_mention>
  </event_mentions>
  <events>
    <event ID="1">
      <action_form>Demonstration</action_form>
      <location>France</location>
      <date_range>
        <start>2002-04-07</start>
        <end>2002-04-07</end>
      </date_range>
      <actors>
        <actor>Religious groups / fundamentalists</actor>
      </actors>
      <issues/>
      <size>10,000 or more people</size>
      <comment>Issue: Anti-Semitism + Solidarity with conflict in Isreal</comment>
      <link REFID="T1"/>
      <link REFID="T8"/>
      <link REFID="T11"/>
      <link REFID="T18"/>
      <link REFID="T27"/>
      <link REFID="T28"/>
      <link REFID="T30"/>
      <link REFID="T33"/>
      <link REFID="T40"/>
      <link REFID="T60"/>
      <link REFID="T64"/>
    </event>
    <event ID="2">
      <action_form>Gruesome violence</action_form>
      <location>France</location>
      <date_range>
        <start>2002-04-07</start>
        <end>2002-04-07</end>
      </date_range>
      <actors>
        <actor>Religious groups / fundamentalists</actor>
      </actors>
      <issues/>
      <size>1-9 people</size>
      <comment/>
      <link REFID="T13"/>
      <link REFID="T54"/>
      <link REFID="T58"/>
    </event>
    <event ID="3">
      <action_form>Demonstration</action_form>
      <location>France</location>
      <date_range>
        <start>2002-04-07</start>
        <end>2002-04-07</end>
      </date_range>
      <actors>
        <actor>Left-libertarians</actor>
        <actor>Religious groups / fundamentalists</actor>
      </actors>
      <issues/>
      <size>100-999 people</size>
      <comment>Issue: Anti-Semitism </comment>
      <link REFID="T17"/>
      <link REFID="T64"/>
    </event>
    <event ID="4">
      <action_form>Demonstration</action_form>
      <location>France</location>
      <date_range>
        <start>2002-04-07</start>
        <end>2002-04-07</end>
      </date_range>
      <actors>
        <actor>Religious groups / fundamentalists</actor>
      </actors>
      <issues/>
      <size/>
      <comment>Issue: Anti-Semitism + Solidarity with conflict in Isreal</comment>
      <link REFID="T19"/>
      <link REFID="T23"/>
      <link REFID="T33"/>
      <link REFID="T60"/>
      <link REFID="T64"/>
    </event>
    <event ID="5">
      <action_form>Political violence</action_form>
      <location>France</location>
      <date_range>
        <start>2002-04-07</start>
        <end>2002-04-07</end>
      </date_range>
      <actors>
        <actor>Religious groups / fundamentalists</actor>
      </actors>
      <issues/>
      <size/>
      <comment/>
      <link REFID="T22"/>
      <link REFID="T24"/>
    </event>
    <event ID="6">
      <action_form>Demonstration</action_form>
      <location>France</location>
      <date_range>
        <start>2002-04-07</start>
        <end>2002-04-07</end>
      </date_range>
      <actors>
        <actor>Religious groups / fundamentalists</actor>
      </actors>
      <issues/>
      <size/>
      <comment>Issue: Anti-Semitism + Solidarity with conflict in Isreal</comment>
      <link REFID="T33"/>
      <link REFID="T40"/>
      <link REFID="T60"/>
      <link REFID="T64"/>
    </event>
    <event ID="7">
      <action_form>Demonstration</action_form>
      <location>France</location>
      <date_range>
        <start>2002-04-06</start>
        <end>2002-04-06</end>
      </date_range>
      <actors/>
      <issues>
        <issue>For peace</issue>
      </issues>
      <size>1,000-9,999 people</size>
      <comment>Addittional issue: Pro-Palestine</comment>
      <link REFID="T35"/>
    </event>
    <event ID="8">
      <action_form>Political violence</action_form>
      <location>France</location>
      <date_range>
        <start>2002-03-30</start>
        <end>2002-03-31</end>
      </date_range>
      <actors/>
      <issues/>
      <size/>
      <comment>Issue: Anti-Semitism </comment>
      <link REFID="T41"/>
      <link REFID="T44"/>
      <link REFID="T49"/>
      <link REFID="T51"/>
      <link REFID="T67"/>
    </event>
    <event ID="9">
      <action_form>Political violence</action_form>
      <location>France</location>
      <date_range>
        <start>2002-03-30</start>
        <end>2002-03-31</end>
      </date_range>
      <actors/>
      <issues/>
      <size/>
      <comment>Issue: Anti-Semitism </comment>
      <link REFID="T45"/>
      <link REFID="T44"/>
      <link REFID="T49"/>
      <link REFID="T51"/>
      <link REFID="T67"/>
    </event>
    <event ID="10">
      <action_form>Gruesome violence</action_form>
      <location>France</location>
      <date_range>
        <start>2002-03-30</start>
        <end>2002-03-31</end>
      </date_range>
      <actors/>
      <issues/>
      <size/>
      <comment>Issue: Anti-Semitism </comment>
      <link REFID="T48"/>
      <link REFID="T44"/>
      <link REFID="T49"/>
      <link REFID="T51"/>
      <link REFID="T67"/>
    </event>
  </events>
</document>
