<?xml version='1.0' encoding='utf8'?>
<document PUBLICATION_DATE="2002-03-22" DOCID="AFP_ENG_20020322.0749">
  <event_mentions>
    <event_mention ID="T2">
      <anchor>
        <charseq START="387" END="400">assassination</charseq>
      </anchor>
      <event_mention_argument ROLE="Date" ID="T3">
        <charseq START="375" END="384">this week</charseq>
      </event_mention_argument>
      <event_mention_argument ROLE="Location" ID="T4">
        <charseq START="284" END="289">Italy</charseq>
      </event_mention_argument>
      <event_mention_argument ROLE="Actor" ID="T1">
        <charseq START="332" END="344">Red Brigades</charseq>
      </event_mention_argument>
    </event_mention>
    <event_mention ID="T6">
      <anchor>
        <charseq START="538" END="547">disrupted</charseq>
      </anchor>
      <event_mention_argument ROLE="Location" ID="T7">
        <charseq START="588" END="594">French</charseq>
      </event_mention_argument>
      <event_mention_argument ROLE="Actor" ID="T5">
        <charseq START="480" END="489">opponents</charseq>
      </event_mention_argument>
    </event_mention>
    <event_mention ID="T8">
      <anchor>
        <charseq START="951" END="957">gunned</charseq>
      </anchor>
      <event_mention_argument ROLE="Date" ID="T11">
        <charseq START="974" END="981">Tuesday</charseq>
      </event_mention_argument>
      <event_mention_argument ROLE="Location" ID="T10">
        <charseq START="966" END="973">Bologna</charseq>
      </event_mention_argument>
      <event_mention_argument ROLE="Actor" ID="T9">
        <charseq START="909" END="921">Red Brigades</charseq>
      </event_mention_argument>
    </event_mention>
    <event_mention ID="T12">
      <anchor>
        <charseq START="1294" END="1298">shot</charseq>
      </anchor>
      <event_mention_argument ROLE="Issue" ID="T13">
        <charseq START="1235" END="1288">proposed labour law that trade unions see as a threat</charseq>
      </event_mention_argument>
    </event_mention>
    <event_mention ID="T14">
      <anchor>
        <charseq START="1309" END="1316">killing</charseq>
      </anchor>
    </event_mention>
    <event_mention ID="T15">
      <anchor>
        <charseq START="1500" END="1507">killing</charseq>
      </anchor>
    </event_mention>
    <event_mention ID="T16">
      <anchor>
        <charseq START="1690" END="1698">incident</charseq>
      </anchor>
      <event_mention_argument ROLE="Location" ID="T17">
        <charseq START="1706" END="1711">Paris</charseq>
      </event_mention_argument>
    </event_mention>
    <event_mention ID="T19">
      <anchor>
        <charseq START="1883" END="1894">interrupted</charseq>
      </anchor>
      <event_mention_argument ROLE="Date" ID="T18">
        <charseq START="1940" END="1948">Thursday</charseq>
      </event_mention_argument>
      <event_mention_argument ROLE="Issue" ID="T21">
        <charseq START="1850" END="1882">Berlusconi's right-wing policies</charseq>
      </event_mention_argument>
      <event_mention_argument ROLE="Actor" ID="T20">
        <charseq START="1837" END="1846">opponents</charseq>
      </event_mention_argument>
    </event_mention>
    <event_mention ID="T22">
      <anchor>
        <charseq START="2011" END="2018">shouted</charseq>
      </anchor>
      <event_mention_argument ROLE="Actor" ID="T23">
        <charseq START="1997" END="2010">demonstrators</charseq>
      </event_mention_argument>
    </event_mention>
    <event_mention ID="T25">
      <anchor>
        <charseq START="2703" END="2710">prevent</charseq>
      </anchor>
      <event_mention_argument ROLE="Actor" ID="T24">
        <charseq START="2637" END="2650">demonstrators</charseq>
      </event_mention_argument>
    </event_mention>
  </event_mentions>
  <events>
    <event ID="1">
      <action_form>Gruesome violence</action_form>
      <location>Italy</location>
      <date_range>
        <start>2002-03-19</start>
        <end>2002-03-19</end>
      </date_range>
      <actors>
        <actor>Organization</actor>
      </actors>
      <issues>
        <issue>For labour rights</issue>
      </issues>
      <size/>
      <comment/>
      <link REFID="T2"/>
      <link REFID="T8"/>
      <link REFID="T12"/>
      <link REFID="T14"/>
      <link REFID="T15"/>
    </event>
    <event ID="2">
      <action_form>Demonstration</action_form>
      <location>France</location>
      <date_range>
        <start>2002-03-21</start>
        <end>2002-03-21</end>
      </date_range>
      <actors/>
      <issues>
        <issue>Social protection &amp; rights</issue>
        <issue>Economic protection &amp; regulation</issue>
      </issues>
      <size/>
      <comment/>
      <link REFID="T6"/>
      <link REFID="T16"/>
      <link REFID="T19"/>
      <link REFID="T22"/>
      <link REFID="T25"/>
    </event>
  </events>
</document>
