<?xml version='1.0' encoding='utf8'?>
<document PUBLICATION_DATE="2006-10-07" DOCID="AFP_ENG_20061007.0079">
  <event_mentions>
    <event_mention ID="T1">
      <anchor>
        <charseq START="36" END="50">demonstrations</charseq>
      </anchor>
      <event_mention_argument ROLE="Location" ID="T2">
        <charseq START="0" END="6">Polish</charseq>
      </event_mention_argument>
    </event_mention>
    <event_mention ID="T4">
      <anchor>
        <charseq START="124" END="138">demonstrations</charseq>
      </anchor>
      <event_mention_argument ROLE="Date" ID="T3">
        <charseq START="104" END="112">Saturday</charseq>
      </event_mention_argument>
      <event_mention_argument ROLE="Location" ID="T5">
        <charseq START="264" END="270">Warsaw</charseq>
      </event_mention_argument>
      <event_mention_argument ROLE="Actor" ID="T6">
        <charseq START="150" END="157">members</charseq>
      </event_mention_argument>
    </event_mention>
    <event_mention ID="T8">
      <anchor>
        <charseq START="394" END="407">demonstration</charseq>
      </anchor>
      <event_mention_argument ROLE="Date" ID="T9">
        <charseq START="428" END="432">noon</charseq>
      </event_mention_argument>
      <event_mention_argument ROLE="Issue" ID="T10">
        <charseq START="445" END="486">to buttress its call for early  elections</charseq>
      </event_mention_argument>
      <event_mention_argument ROLE="Location" ID="T12">
        <charseq START="286" END="293">country</charseq>
      </event_mention_argument>
      <event_mention_argument ROLE="Actor" ID="T11">
        <charseq START="378" END="388">supporters</charseq>
      </event_mention_argument>
      <event_mention_argument ROLE="Actor" ID="T7">
        <charseq START="322" END="336">Civic Platform</charseq>
      </event_mention_argument>
    </event_mention>
    <event_mention ID="T13">
      <anchor>
        <charseq START="1068" END="1081">demonstration</charseq>
      </anchor>
      <event_mention_argument ROLE="Actor" ID="T14">
        <charseq START="1085" END="1095">supporters</charseq>
      </event_mention_argument>
      <event_mention_argument ROLE="Actor" ID="T15">
        <charseq START="1118" END="1143">League of Polish Families</charseq>
      </event_mention_argument>
      <event_mention_argument ROLE="Actor" ID="T17">
        <charseq START="1232" END="1238">people</charseq>
      </event_mention_argument>
      <event_mention_argument ROLE="Size" ID="T16">
        <charseq START="1221" END="1231">around 500</charseq>
      </event_mention_argument>
    </event_mention>
    <event_mention ID="T18">
      <anchor>
        <charseq START="1354" END="1368">demonstrations</charseq>
      </anchor>
      <event_mention_argument ROLE="Date" ID="T20">
        <charseq START="1282" END="1290">Saturday</charseq>
      </event_mention_argument>
      <event_mention_argument ROLE="Location" ID="T19">
        <charseq START="1275" END="1281">Warsaw</charseq>
      </event_mention_argument>
    </event_mention>
    <event_mention ID="T21">
      <anchor>
        <charseq START="1543" END="1550">rallies</charseq>
      </anchor>
      <event_mention_argument ROLE="Date" ID="T22">
        <charseq START="1622" END="1630">Saturday</charseq>
      </event_mention_argument>
      <event_mention_argument ROLE="Location" ID="T23">
        <charseq START="1614" END="1621">capital</charseq>
      </event_mention_argument>
    </event_mention>
    <event_mention ID="T24">
      <anchor>
        <charseq START="1636" END="1650">demonstrations</charseq>
      </anchor>
    </event_mention>
  </event_mentions>
  <events>
    <event ID="1">
      <action_form>Demonstration</action_form>
      <location>Poland</location>
      <date_range>
        <start>2006-10-07</start>
        <end>2006-10-07</end>
      </date_range>
      <actors>
        <actor>Left-libertarians</actor>
        <actor>Political party</actor>
      </actors>
      <issues/>
      <size/>
      <comment/>
      <link REFID="T1"/>
      <link REFID="T4"/>
      <link REFID="T8"/>
      <link REFID="T18"/>
      <link REFID="T21"/>
      <link REFID="T24"/>
    </event>
    <event ID="2">
      <action_form>Demonstration</action_form>
      <location>Poland</location>
      <date_range>
        <start>2006-10-07</start>
        <end>2006-10-07</end>
      </date_range>
      <actors>
        <actor>Political party</actor>
        <actor>Extreme-right supporters</actor>
      </actors>
      <issues/>
      <size>100-999 people</size>
      <comment/>
      <link REFID="T4"/>
      <link REFID="T1"/>
      <link REFID="T13"/>
      <link REFID="T18"/>
      <link REFID="T21"/>
      <link REFID="T24"/>
    </event>
    <event ID="3">
      <action_form>Demonstration</action_form>
      <location>Poland</location>
      <date_range>
        <start>2006-10-07</start>
        <end>2006-10-07</end>
      </date_range>
      <actors>
        <actor>Political party</actor>
      </actors>
      <issues/>
      <size/>
      <comment/>
      <link REFID="T18"/>
      <link REFID="T21"/>
      <link REFID="T24"/>
      <link REFID="T4"/>
      <link REFID="T1"/>
    </event>
  </events>
</document>
