<?xml version='1.0' encoding='utf8'?>
<document PUBLICATION_DATE="2003-09-12" DOCID="AFP_ENG_20030912.0169">
  <event_mentions>
    <event_mention ID="T1">
      <anchor>
        <charseq START="157" END="166">gathering</charseq>
      </anchor>
      <event_mention_argument ROLE="Date" ID="T3">
        <charseq START="183" END="189">Friday</charseq>
      </event_mention_argument>
      <event_mention_argument ROLE="Location" ID="T2">
        <charseq START="170" END="179">Stockholm</charseq>
      </event_mention_argument>
    </event_mention>
    <event_mention ID="T6">
      <anchor>
        <charseq START="252" END="260">stabbing</charseq>
      </anchor>
    </event_mention>
    <event_mention ID="T7">
      <anchor>
        <charseq START="296" END="309">demonstration</charseq>
      </anchor>
      <event_mention_argument ROLE="Issue" ID="T4">
        <charseq START="353" END="397">A Protest against Violence and For Democracy</charseq>
      </event_mention_argument>
    </event_mention>
    <event_mention ID="T8">
      <anchor>
        <charseq START="506" END="510">held</charseq>
      </anchor>
      <event_mention_argument ROLE="Date" ID="T9">
        <charseq START="457" END="462">night</charseq>
      </event_mention_argument>
      <event_mention_argument ROLE="Actor" ID="T10">
        <charseq START="493" END="505">Stockholmers</charseq>
      </event_mention_argument>
      <event_mention_argument ROLE="Size" ID="T5">
        <charseq START="472" END="481">thousands</charseq>
      </event_mention_argument>
    </event_mention>
    <event_mention ID="T11">
      <anchor>
        <charseq START="1002" END="1010">stabbing</charseq>
      </anchor>
      <event_mention_argument ROLE="Date" ID="T12">
        <charseq START="1043" END="1052">Wednesday</charseq>
      </event_mention_argument>
    </event_mention>
    <event_mention ID="T13">
      <anchor>
        <charseq START="1238" END="1247">gathering</charseq>
      </anchor>
      <event_mention_argument ROLE="Location" ID="T24">
        <charseq START="1255" END="1274">Sergels Torg square</charseq>
      </event_mention_argument>
    </event_mention>
    <event_mention ID="T14">
      <anchor>
        <charseq START="1285" END="1298">demonstration</charseq>
      </anchor>
      <event_mention_argument ROLE="Location" ID="T15">
        <charseq START="1345" END="1355">Gothenburg</charseq>
      </event_mention_argument>
    </event_mention>
    <event_mention ID="T16">
      <anchor>
        <charseq START="2756" END="2762">attack</charseq>
      </anchor>
      <event_mention_argument ROLE="Actor" ID="T17">
        <charseq START="2578" END="2586">attacker</charseq>
      </event_mention_argument>
    </event_mention>
    <event_mention ID="T18">
      <anchor>
        <charseq START="3022" END="3028">attack</charseq>
      </anchor>
    </event_mention>
    <event_mention ID="T19">
      <anchor>
        <charseq START="3102" END="3115">assassination</charseq>
      </anchor>
      <event_mention_argument ROLE="Date" ID="T20">
        <charseq START="3097" END="3101">1986</charseq>
      </event_mention_argument>
      <event_mention_argument ROLE="Location" ID="T21">
        <charseq START="3191" END="3200">Stockholm</charseq>
      </event_mention_argument>
    </event_mention>
    <event_mention ID="T22">
      <anchor>
        <charseq START="25" END="30">march</charseq>
      </anchor>
      <event_mention_argument ROLE="Location" ID="T23">
        <charseq START="34" END="40">Sweden</charseq>
      </event_mention_argument>
    </event_mention>
    <event_mention ID="T25">
      <anchor>
        <charseq START="3537" END="3550">assassination</charseq>
      </anchor>
    </event_mention>
  </event_mentions>
  <events>
    <event ID="1">
      <action_form>Demonstration</action_form>
      <location>Sweden</location>
      <date_range>
        <start>2003-09-12</start>
        <end>2003-09-12</end>
      </date_range>
      <actors/>
      <issues>
        <issue>For peace</issue>
        <issue>For democracy</issue>
      </issues>
      <size/>
      <comment/>
      <link REFID="T1"/>
      <link REFID="T7"/>
      <link REFID="T13"/>
      <link REFID="T22"/>
    </event>
    <event ID="2">
      <action_form>Gruesome violence</action_form>
      <location>Sweden</location>
      <date_range>
        <start>2003-09-10</start>
        <end>2003-09-10</end>
      </date_range>
      <actors/>
      <issues/>
      <size/>
      <comment/>
      <link REFID="T6"/>
      <link REFID="T11"/>
      <link REFID="T16"/>
      <link REFID="T18"/>
    </event>
    <event ID="3">
      <action_form>Demonstration</action_form>
      <location>Sweden</location>
      <date_range>
        <start>2003-09-11</start>
        <end>2003-09-11</end>
      </date_range>
      <actors/>
      <issues/>
      <size>1,000-9,999 people</size>
      <comment/>
      <link REFID="T8"/>
    </event>
    <event ID="4">
      <action_form>Demonstration</action_form>
      <location>Sweden</location>
      <date_range>
        <start>2003-09-12</start>
        <end>2003-09-12</end>
      </date_range>
      <actors/>
      <issues/>
      <size/>
      <comment/>
      <link REFID="T14"/>
    </event>
    <event ID="5">
      <action_form>Gruesome violence</action_form>
      <location>Sweden</location>
      <date_range>
        <start>1986-01-01</start>
        <end>1986-12-31</end>
        <approximate/>
      </date_range>
      <actors/>
      <issues/>
      <size/>
      <comment/>
      <link REFID="T19"/>
      <link REFID="T25"/>
    </event>
  </events>
</document>
