<?xml version='1.0' encoding='utf8'?>
<document PUBLICATION_DATE="2006-10-23" DOCID="AFP_ENG_20061023.0142">
  <event_mentions>
    <event_mention ID="T1">
      <anchor>
        <charseq START="242" END="247">riots</charseq>
      </anchor>
      <event_mention_argument ROLE="Date" ID="T3">
        <charseq START="201" END="214">early Tuesday</charseq>
      </event_mention_argument>
      <event_mention_argument ROLE="Location" ID="T2">
        <charseq START="218" END="226">Budapest</charseq>
      </event_mention_argument>
      <event_mention_argument ROLE="Actor" ID="T4">
        <charseq START="190" END="200">protestors</charseq>
      </event_mention_argument>
      <event_mention_argument ROLE="Size" ID="T12">
        <charseq START="174" END="189">several hundred</charseq>
      </event_mention_argument>
    </event_mention>
    <event_mention ID="T5">
      <anchor>
        <charseq START="605" END="611">hurled</charseq>
      </anchor>
      <event_mention_argument ROLE="Actor" ID="T7">
        <charseq START="577" END="587">protestors</charseq>
      </event_mention_argument>
    </event_mention>
    <event_mention ID="T6">
      <anchor>
        <charseq START="645" END="655">overturned</charseq>
      </anchor>
    </event_mention>
    <event_mention ID="T8">
      <anchor>
        <charseq START="889" END="894">Riots</charseq>
      </anchor>
      <event_mention_argument ROLE="Location" ID="T10">
        <charseq START="1099" END="1106">Hungary</charseq>
      </event_mention_argument>
      <event_mention_argument ROLE="Actor" ID="T9">
        <charseq START="915" END="925">supporters</charseq>
      </event_mention_argument>
    </event_mention>
    <event_mention ID="T11">
      <anchor>
        <charseq START="1413" END="1420">invaded</charseq>
      </anchor>
      <event_mention_argument ROLE="Date" ID="T15">
        <charseq START="1325" END="1331">Monday</charseq>
      </event_mention_argument>
      <event_mention_argument ROLE="Location" ID="T14">
        <charseq START="1421" END="1429">Budapest</charseq>
      </event_mention_argument>
      <event_mention_argument ROLE="Actor" ID="T13">
        <charseq START="1398" END="1408">protestors</charseq>
      </event_mention_argument>
    </event_mention>
    <event_mention ID="T16">
      <anchor>
        <charseq START="1467" END="1472">riots</charseq>
      </anchor>
    </event_mention>
    <event_mention ID="T17">
      <anchor>
        <charseq START="1680" END="1688">protests</charseq>
      </anchor>
    </event_mention>
    <event_mention ID="T18">
      <anchor>
        <charseq START="1502" END="1507">chaos</charseq>
      </anchor>
      <event_mention_argument ROLE="Date" ID="T19">
        <charseq START="1543" END="1556">mid-September</charseq>
      </event_mention_argument>
    </event_mention>
    <event_mention ID="T20">
      <anchor>
        <charseq START="1742" END="1747">riots</charseq>
      </anchor>
    </event_mention>
    <event_mention ID="T21">
      <anchor>
        <charseq START="1802" END="1810">violence</charseq>
      </anchor>
      <event_mention_argument ROLE="Date" ID="T22">
        <charseq START="1793" END="1799">Monday</charseq>
      </event_mention_argument>
      <event_mention_argument ROLE="Actor" ID="T23">
        <charseq START="1857" END="1867">protestors</charseq>
      </event_mention_argument>
    </event_mention>
  </event_mentions>
  <events>
    <event ID="1">
      <action_form>Political violence</action_form>
      <location>Hungary</location>
      <date_range>
        <start>2006-10-23</start>
        <end>2006-10-23</end>
      </date_range>
      <actors>
        <actor>Extreme-right supporters</actor>
      </actors>
      <issues/>
      <size>100-999 people</size>
      <comment/>
      <link REFID="T1"/>
      <link REFID="T5"/>
      <link REFID="T6"/>
      <link REFID="T8"/>
      <link REFID="T11"/>
      <link REFID="T16"/>
      <link REFID="T21"/>
    </event>
    <event ID="2">
      <action_form>Demonstration</action_form>
      <location>Hungary</location>
      <date_range>
        <start>2006-09-17</start>
        <end>2006-10-17</end>
        <approximate/>
      </date_range>
      <actors/>
      <issues/>
      <size/>
      <comment/>
      <link REFID="T17"/>
      <link REFID="T18"/>
    </event>
    <event ID="3">
      <action_form>Political violence</action_form>
      <location>Hungary</location>
      <date_range>
        <start>2006-09-17</start>
        <end>2006-10-17</end>
        <approximate/>
      </date_range>
      <actors/>
      <issues/>
      <size/>
      <comment/>
      <link REFID="T18"/>
      <link REFID="T20"/>
    </event>
  </events>
</document>
