<?xml version='1.0' encoding='utf8'?>
<document PUBLICATION_DATE="2003-04-17" DOCID="AFP_ENG_20030417.0721">
  <event_mentions>
    <event_mention ID="T1">
      <anchor>
        <charseq START="1180" END="1189">protested</charseq>
      </anchor>
      <event_mention_argument ROLE="Issue" ID="T5">
        <charseq START="1194" END="1201">auction</charseq>
      </event_mention_argument>
      <event_mention_argument ROLE="Location" ID="T4">
        <charseq START="1300" END="1306">French</charseq>
      </event_mention_argument>
      <event_mention_argument ROLE="Actor" ID="T2">
        <charseq START="1162" END="1175">intellectuals</charseq>
      </event_mention_argument>
      <event_mention_argument ROLE="Size" ID="T3">
        <charseq START="1153" END="1158">group</charseq>
      </event_mention_argument>
    </event_mention>
  </event_mentions>
  <events>
    <event ID="1">
      <action_form>Protest</action_form>
      <location>France</location>
      <date_range>
        <start>2003-04-14</start>
        <end>2003-04-20</end>
        <approximate/>
      </date_range>
      <actors>
        <actor>Intellectuals</actor>
      </actors>
      <issues/>
      <size>10-49 people</size>
      <comment/>
      <link REFID="T1"/>
    </event>
  </events>
</document>
