<?xml version='1.0' encoding='utf8'?>
<document PUBLICATION_DATE="2002-03-26" DOCID="AFP_ENG_20020326.0429">
  <event_mentions>
    <event_mention_argument ROLE="Actor" ID="T23">
      <charseq START="10" END="19">IG Metall</charseq>
    </event_mention_argument>
    <event_mention_argument ROLE="Location" ID="T22">
      <charseq START="0" END="7">Germany</charseq>
    </event_mention_argument>
    <event_mention ID="T1">
      <anchor>
        <charseq START="272" END="279">protest</charseq>
      </anchor>
      <event_mention_argument ROLE="Issue" ID="T5">
        <charseq START="285" END="307">the current wage round</charseq>
      </event_mention_argument>
      <event_mention_argument ROLE="Location" ID="T4">
        <charseq START="243" END="249">states</charseq>
      </event_mention_argument>
      <event_mention_argument ROLE="Actor" ID="T3">
        <charseq START="218" END="225">workers</charseq>
      </event_mention_argument>
      <event_mention_argument ROLE="Size" ID="T2">
        <charseq START="206" END="217">About 4,400</charseq>
      </event_mention_argument>
    </event_mention>
    <event_mention ID="T9">
      <anchor>
        <charseq START="505" END="511">walked</charseq>
      </anchor>
      <event_mention_argument ROLE="Location" ID="T6">
        <charseq START="347" END="353">Saxony</charseq>
      </event_mention_argument>
      <event_mention_argument ROLE="Actor" ID="T8">
        <charseq START="377" END="385">laborers</charseq>
      </event_mention_argument>
      <event_mention_argument ROLE="Size" ID="T7">
        <charseq START="361" END="376">more than 2,500</charseq>
      </event_mention_argument>
    </event_mention>
    <event_mention ID="T10">
      <anchor>
        <charseq START="325" END="332">strikes</charseq>
      </anchor>
    </event_mention>
    <event_mention ID="T13">
      <anchor>
        <charseq START="525" END="534">stoppages</charseq>
      </anchor>
      <event_mention_argument ROLE="Location" ID="T11">
        <charseq START="562" END="573">Brandenburg</charseq>
      </event_mention_argument>
      <event_mention_argument ROLE="Location" ID="T12">
        <charseq START="578" END="584">Berlin</charseq>
      </event_mention_argument>
    </event_mention>
    <event_mention ID="T14">
      <anchor>
        <charseq START="1261" END="1268">strikes</charseq>
      </anchor>
      <event_mention_argument ROLE="Location" ID="T15">
        <charseq START="1154" END="1160">Saxony</charseq>
      </event_mention_argument>
    </event_mention>
    <event_mention ID="T16">
      <anchor>
        <charseq START="1397" END="1406">stoppages</charseq>
      </anchor>
      <event_mention_argument ROLE="Actor" ID="T24">
        <charseq START="1317" END="1326">IG Metall</charseq>
      </event_mention_argument>
    </event_mention>
    <event_mention ID="T20">
      <anchor>
        <charseq START="1543" END="1550">stopped</charseq>
      </anchor>
      <event_mention_argument ROLE="Date" ID="T17">
        <charseq START="1514" END="1520">Monday</charseq>
      </event_mention_argument>
      <event_mention_argument ROLE="Actor" ID="T18">
        <charseq START="1533" END="1542">employees</charseq>
      </event_mention_argument>
      <event_mention_argument ROLE="Size" ID="T19">
        <charseq START="1522" END="1532">some 5,000</charseq>
      </event_mention_argument>
    </event_mention>
    <event_mention ID="T21">
      <anchor>
        <charseq START="48" END="55">strikes</charseq>
      </anchor>
    </event_mention>
  </event_mentions>
  <events>
    <event ID="1">
      <action_form>Strike</action_form>
      <location>Germany</location>
      <date_range>
        <start>2002-03-25</start>
        <end>2002-03-26</end>
      </date_range>
      <actors>
        <actor>Trade union</actor>
        <actor>Occupational group</actor>
      </actors>
      <issues>
        <issue>For labour rights</issue>
      </issues>
      <size>1,000-9,999 people</size>
      <comment/>
      <link REFID="T1"/>
      <link REFID="T9"/>
      <link REFID="T10"/>
      <link REFID="T14"/>
      <link REFID="T16"/>
      <link REFID="T20"/>
      <link REFID="T21"/>
    </event>
    <event ID="2">
      <action_form>Strike</action_form>
      <location>Germany</location>
      <date_range>
        <start>2002-03-25</start>
        <end>2002-03-26</end>
      </date_range>
      <actors>
        <actor>Trade union</actor>
        <actor>Occupational group</actor>
      </actors>
      <issues>
        <issue>For labour rights</issue>
      </issues>
      <size>1,000-9,999 people</size>
      <comment/>
      <link REFID="T1"/>
      <link REFID="T10"/>
      <link REFID="T13"/>
      <link REFID="T16"/>
      <link REFID="T20"/>
      <link REFID="T21"/>
    </event>
    <event ID="3">
      <action_form>Strike</action_form>
      <location>Germany</location>
      <date_range>
        <start>2002-03-25</start>
        <end>2002-03-26</end>
      </date_range>
      <actors>
        <actor>Trade union</actor>
        <actor>Occupational group</actor>
      </actors>
      <issues>
        <issue>For labour rights</issue>
      </issues>
      <size>1,000-9,999 people</size>
      <comment/>
      <link REFID="T1"/>
      <link REFID="T10"/>
      <link REFID="T13"/>
      <link REFID="T16"/>
      <link REFID="T20"/>
      <link REFID="T21"/>
    </event>
  </events>
</document>
