<?xml version='1.0' encoding='utf8'?>
<document PUBLICATION_DATE="2006-10-27" DOCID="AFP_ENG_20061027.0498">
  <event_mentions>
    <event_mention ID="T1">
      <anchor>
        <charseq START="387" END="392">riots</charseq>
      </anchor>
      <event_mention_argument ROLE="Issue" ID="T2">
        <charseq START="332" END="359">the death of two  teenagers</charseq>
      </event_mention_argument>
      <event_mention_argument ROLE="Location" ID="T3">
        <charseq START="409" END="415">France</charseq>
      </event_mention_argument>
    </event_mention>
    <event_mention ID="T4">
      <anchor>
        <charseq START="246" END="252">attack</charseq>
      </anchor>
      <event_mention_argument ROLE="Date" ID="T35">
        <charseq START="204" END="215">late Friday</charseq>
      </event_mention_argument>
      <event_mention_argument ROLE="Location" ID="T5">
        <charseq START="267" END="272">Paris</charseq>
      </event_mention_argument>
    </event_mention>
    <event_mention ID="T6">
      <anchor>
        <charseq START="44" END="48">riot</charseq>
      </anchor>
      <event_mention_argument ROLE="Location" ID="T7">
        <charseq START="26" END="32">French</charseq>
      </event_mention_argument>
    </event_mention>
    <event_mention ID="T9">
      <anchor>
        <charseq START="871" END="879">attacked</charseq>
      </anchor>
      <event_mention_argument ROLE="Location" ID="T10">
        <charseq START="916" END="928">Blanc-Mesnil</charseq>
      </event_mention_argument>
      <event_mention_argument ROLE="Actor" ID="T8">
        <charseq START="867" END="870">men</charseq>
      </event_mention_argument>
    </event_mention>
    <event_mention ID="T11">
      <anchor>
        <charseq START="1029" END="1036">setting</charseq>
      </anchor>
    </event_mention>
    <event_mention ID="T12">
      <anchor>
        <charseq START="1345" END="1355">disengaged</charseq>
      </anchor>
      <event_mention_argument ROLE="Actor" ID="T13">
        <charseq START="1341" END="1344">men</charseq>
      </event_mention_argument>
    </event_mention>
    <event_mention ID="T14">
      <anchor>
        <charseq START="1612" END="1619">torched</charseq>
      </anchor>
      <event_mention_argument ROLE="Date" ID="T17">
        <charseq START="1678" END="1687">Wednesday</charseq>
      </event_mention_argument>
      <event_mention_argument ROLE="Location" ID="T16">
        <charseq START="1669" END="1674">Paris</charseq>
      </event_mention_argument>
      <event_mention_argument ROLE="Actor" ID="T15">
        <charseq START="1581" END="1586">gangs</charseq>
      </event_mention_argument>
    </event_mention>
    <event_mention ID="T20">
      <anchor>
        <charseq START="1753" END="1758">riots</charseq>
      </anchor>
      <event_mention_argument ROLE="Date" ID="T19">
        <charseq START="1770" END="1786">October 27, 2005</charseq>
      </event_mention_argument>
    </event_mention>
    <event_mention ID="T23">
      <anchor>
        <charseq START="1835" END="1840">filed</charseq>
      </anchor>
      <event_mention_argument ROLE="Date" ID="T24">
        <charseq START="1849" END="1863">Friday morning</charseq>
      </event_mention_argument>
      <event_mention_argument ROLE="Location" ID="T18">
        <charseq START="1692" END="1708">Clichy-sous-Bois</charseq>
      </event_mention_argument>
      <event_mention_argument ROLE="Actor" ID="T25">
        <charseq START="1823" END="1833">youngsters</charseq>
      </event_mention_argument>
      <event_mention_argument ROLE="Actor" ID="T22">
        <charseq START="1801" END="1807">people</charseq>
      </event_mention_argument>
      <event_mention_argument ROLE="Size" ID="T21">
        <charseq START="1788" END="1800">around 1,000</charseq>
      </event_mention_argument>
    </event_mention>
    <event_mention ID="T26">
      <anchor>
        <charseq START="1077" END="1085">incident</charseq>
      </anchor>
    </event_mention>
    <event_mention ID="T27">
      <anchor>
        <charseq START="2068" END="2073">Riots</charseq>
      </anchor>
      <event_mention_argument ROLE="Date" ID="T29">
        <charseq START="2094" END="2104">that night</charseq>
      </event_mention_argument>
      <event_mention_argument ROLE="Location" ID="T28">
        <charseq START="2087" END="2093">Clichy</charseq>
      </event_mention_argument>
    </event_mention>
    <event_mention ID="T30">
      <anchor>
        <charseq START="2246" END="2253">clashed</charseq>
      </anchor>
      <event_mention_argument ROLE="Date" ID="T31">
        <charseq START="2390" END="2402">November  17</charseq>
      </event_mention_argument>
      <event_mention_argument ROLE="Actor" ID="T36">
        <charseq START="2240" END="2245">gangs</charseq>
      </event_mention_argument>
    </event_mention>
    <event_mention ID="T32">
      <anchor>
        <charseq START="2515" END="2520">riots</charseq>
      </anchor>
    </event_mention>
    <event_mention ID="T33">
      <anchor>
        <charseq START="2880" END="2887">attacks</charseq>
      </anchor>
      <event_mention_argument ROLE="Location" ID="T34">
        <charseq START="2789" END="2795">France</charseq>
      </event_mention_argument>
    </event_mention>
  </event_mentions>
  <events>
    <event ID="1">
      <action_form>Political violence</action_form>
      <location>France</location>
      <date_range>
        <start>2005-10-27</start>
        <end>2005-11-17</end>
      </date_range>
      <actors/>
      <issues/>
      <size/>
      <comment/>
      <link REFID="T1"/>
      <link REFID="T6"/>
      <link REFID="T20"/>
      <link REFID="T27"/>
      <link REFID="T30"/>
      <link REFID="T32"/>
    </event>
    <event ID="2">
      <action_form>Political violence</action_form>
      <location>France</location>
      <date_range>
        <start>2006-10-27</start>
        <end>2006-10-27</end>
      </date_range>
      <actors/>
      <issues/>
      <size>1-9 people</size>
      <comment/>
      <link REFID="T4"/>
      <link REFID="T9"/>
      <link REFID="T11"/>
      <link REFID="T12"/>
      <link REFID="T26"/>
    </event>
    <event ID="3">
      <action_form>Political violence</action_form>
      <location>France</location>
      <date_range>
        <start>2006-10-25</start>
        <end>2006-10-25</end>
      </date_range>
      <actors/>
      <issues/>
      <size/>
      <comment/>
      <link REFID="T14"/>
      <link REFID="T26"/>
      <link REFID="T33"/>
    </event>
    <event ID="4">
      <action_form>Demonstration</action_form>
      <location>France</location>
      <date_range>
        <start>2006-10-27</start>
        <end>2006-10-27</end>
      </date_range>
      <actors/>
      <issues/>
      <size>1,000-9,999 people</size>
      <comment/>
      <link REFID="T23"/>
    </event>
  </events>
</document>
