<?xml version='1.0' encoding='utf8'?>
<document PUBLICATION_DATE="2006-10-14" DOCID="AFP_ENG_20061014.0305">
  <event_mentions>
    <event_mention ID="T1">
      <anchor>
        <charseq START="116" END="128">demonstrated</charseq>
      </anchor>
      <event_mention_argument ROLE="Date" ID="T2">
        <charseq START="133" END="141">Saturday</charseq>
      </event_mention_argument>
      <event_mention_argument ROLE="Issue" ID="T5">
        <charseq START="188" END="284">government's plan to privatise state-owned Gaz de France and merge  it with privately owned Suez</charseq>
      </event_mention_argument>
      <event_mention_argument ROLE="Location" ID="T3">
        <charseq START="145" END="150">Paris</charseq>
      </event_mention_argument>
      <event_mention_argument ROLE="Location" ID="T4">
        <charseq START="162" END="168">France</charseq>
      </event_mention_argument>
      <event_mention_argument ROLE="Actor" ID="T7">
        <charseq START="109" END="115">people</charseq>
      </event_mention_argument>
      <event_mention_argument ROLE="Size" ID="T6">
        <charseq START="92" END="108">Several thousand</charseq>
      </event_mention_argument>
    </event_mention>
    <event_mention ID="T11">
      <anchor>
        <charseq START="325" END="333">gathered</charseq>
      </anchor>
      <event_mention_argument ROLE="Location" ID="T8">
        <charseq START="293" END="300">capital</charseq>
      </event_mention_argument>
      <event_mention_argument ROLE="Actor" ID="T10">
        <charseq START="314" END="324">protestors</charseq>
      </event_mention_argument>
      <event_mention_argument ROLE="Size" ID="T9">
        <charseq START="301" END="313">around 8,000</charseq>
      </event_mention_argument>
    </event_mention>
    <event_mention ID="T12">
      <anchor>
        <charseq START="364" END="370">played</charseq>
      </anchor>
    </event_mention>
    <event_mention ID="T15">
      <anchor>
        <charseq START="555" END="562">rallied</charseq>
      </anchor>
      <event_mention_argument ROLE="Issue" ID="T16">
        <charseq START="593" END="628">"privatisation of energy" in France</charseq>
      </event_mention_argument>
      <event_mention_argument ROLE="Location" ID="T13">
        <charseq START="532" END="537">Lille</charseq>
      </event_mention_argument>
      <event_mention_argument ROLE="Location" ID="T17">
        <charseq START="637" END="645">Toulouse</charseq>
      </event_mention_argument>
      <event_mention_argument ROLE="Actor" ID="T19">
        <charseq START="646" END="656">protestors</charseq>
      </event_mention_argument>
      <event_mention_argument ROLE="Size" ID="T14">
        <charseq START="539" END="554">several hundred</charseq>
      </event_mention_argument>
      <event_mention_argument ROLE="Size" ID="T18">
        <charseq START="667" END="677">around 400</charseq>
      </event_mention_argument>
    </event_mention>
    <event_mention ID="T20">
      <anchor>
        <charseq START="775" END="783">protests</charseq>
      </anchor>
    </event_mention>
    <event_mention ID="T21">
      <anchor>
        <charseq START="10" END="21">demonstrate</charseq>
      </anchor>
      <event_mention_argument ROLE="Issue" ID="T24">
        <charseq START="36" END="59">against GDF-Suez merger</charseq>
      </event_mention_argument>
      <event_mention_argument ROLE="Location" ID="T23">
        <charseq START="29" END="35">France</charseq>
      </event_mention_argument>
      <event_mention_argument ROLE="Size" ID="T22">
        <charseq START="0" END="9">Thousands</charseq>
      </event_mention_argument>
    </event_mention>
  </event_mentions>
  <events>
    <event ID="1">
      <action_form>Demonstration</action_form>
      <location>France</location>
      <date_range>
        <start>2006-10-14</start>
        <end>2006-10-14</end>
      </date_range>
      <actors>
        <actor>Occupational group</actor>
      </actors>
      <issues>
        <issue>Economic protection &amp; regulation</issue>
      </issues>
      <size>1,000-9,999 people</size>
      <comment/>
      <link REFID="T1"/>
      <link REFID="T11"/>
      <link REFID="T12"/>
      <link REFID="T20"/>
      <link REFID="T21"/>
    </event>
    <event ID="2">
      <action_form>Demonstration</action_form>
      <location>France</location>
      <date_range>
        <start>2006-10-14</start>
        <end>2006-10-14</end>
      </date_range>
      <actors>
        <actor>Occupational group</actor>
      </actors>
      <issues>
        <issue>Economic protection &amp; regulation</issue>
      </issues>
      <size>100-999 people</size>
      <comment/>
      <link REFID="T1"/>
      <link REFID="T15"/>
      <link REFID="T20"/>
      <link REFID="T21"/>
    </event>
    <event ID="3">
      <action_form>Demonstration</action_form>
      <location>France</location>
      <date_range>
        <start>2006-10-14</start>
        <end>2006-10-14</end>
      </date_range>
      <actors>
        <actor>Occupational group</actor>
      </actors>
      <issues>
        <issue>Economic protection &amp; regulation</issue>
      </issues>
      <size>100-999 people</size>
      <comment/>
      <link REFID="T15"/>
      <link REFID="T20"/>
      <link REFID="T1"/>
      <link REFID="T21"/>
    </event>
  </events>
</document>
