<?xml version='1.0' encoding='utf8'?>
<document PUBLICATION_DATE="2002-03-22" DOCID="AFP_ENG_20020322.0623">
  <event_mentions>
    <event_mention ID="T4">
      <anchor>
        <charseq START="168" END="176">gathered</charseq>
      </anchor>
      <event_mention_argument ROLE="Date" ID="T6">
        <charseq START="217" END="223">Friday</charseq>
      </event_mention_argument>
      <event_mention_argument ROLE="Issue" ID="T7">
        <charseq START="239" END="300">murder of a local politician blamed on Basque separatists ETA</charseq>
      </event_mention_argument>
      <event_mention_argument ROLE="Location" ID="T1">
        <charseq START="185" END="191">Basque</charseq>
      </event_mention_argument>
      <event_mention_argument ROLE="Location" ID="T5">
        <charseq START="208" END="213">Spain</charseq>
      </event_mention_argument>
      <event_mention_argument ROLE="Actor" ID="T3">
        <charseq START="161" END="167">people</charseq>
      </event_mention_argument>
      <event_mention_argument ROLE="Size" ID="T2">
        <charseq START="148" END="157">Thousands</charseq>
      </event_mention_argument>
    </event_mention>
    <event_mention ID="T8">
      <anchor>
        <charseq START="321" END="327">gunned</charseq>
      </anchor>
      <event_mention_argument ROLE="Date" ID="T9">
        <charseq START="348" END="356">Thursday</charseq>
      </event_mention_argument>
    </event_mention>
    <event_mention ID="T10">
      <anchor>
        <charseq START="563" END="567">shot</charseq>
      </anchor>
      <event_mention_argument ROLE="Location" ID="T13">
        <charseq START="545" END="549">town</charseq>
      </event_mention_argument>
      <event_mention_argument ROLE="Actor" ID="T11">
        <charseq START="575" END="581">gunmen</charseq>
      </event_mention_argument>
      <event_mention_argument ROLE="Size" ID="T12">
        <charseq START="571" END="574">two</charseq>
      </event_mention_argument>
    </event_mention>
    <event_mention ID="T14">
      <anchor>
        <charseq START="894" END="901">slaying</charseq>
      </anchor>
    </event_mention>
    <event_mention ID="T15">
      <anchor>
        <charseq START="1980" END="1988">gathered</charseq>
      </anchor>
      <event_mention_argument ROLE="Date" ID="T17">
        <charseq START="2007" END="2012">night</charseq>
      </event_mention_argument>
      <event_mention_argument ROLE="Issue" ID="T18">
        <charseq START="2036" END="2056">the wave of violence</charseq>
      </event_mention_argument>
      <event_mention_argument ROLE="Actor" ID="T16">
        <charseq START="1973" END="1979">people</charseq>
      </event_mention_argument>
    </event_mention>
    <event_mention ID="T19">
      <anchor>
        <charseq START="2384" END="2397">demonstration</charseq>
      </anchor>
      <event_mention_argument ROLE="Date" ID="T20">
        <charseq START="2356" END="2363">Earlier</charseq>
      </event_mention_argument>
      <event_mention_argument ROLE="Location" ID="T21">
        <charseq START="2410" END="2414">Orio</charseq>
      </event_mention_argument>
      <event_mention_argument ROLE="Actor" ID="T22">
        <charseq START="2448" END="2454">writer</charseq>
      </event_mention_argument>
    </event_mention>
    <event_mention ID="T23">
      <anchor>
        <charseq START="2536" END="2543">rallies</charseq>
      </anchor>
      <event_mention_argument ROLE="Location" ID="T24">
        <charseq START="2585" END="2592">country</charseq>
      </event_mention_argument>
      <event_mention_argument ROLE="Location" ID="T25">
        <charseq START="2616" END="2622">Madrid</charseq>
      </event_mention_argument>
    </event_mention>
    <event_mention ID="T26">
      <anchor>
        <charseq START="9" END="16">rallies</charseq>
      </anchor>
      <event_mention_argument ROLE="Issue" ID="T28">
        <charseq START="0" END="8">Anti-ETA</charseq>
      </event_mention_argument>
      <event_mention_argument ROLE="Location" ID="T27">
        <charseq START="28" END="33">Spain</charseq>
      </event_mention_argument>
    </event_mention>
    <event_mention ID="T29">
      <anchor>
        <charseq START="51" END="56">slain</charseq>
      </anchor>
    </event_mention>
  </event_mentions>
  <events>
    <event ID="1">
      <action_form>Demonstration</action_form>
      <location>Spain</location>
      <date_range>
        <start>2002-03-22</start>
        <end>2002-03-22</end>
      </date_range>
      <actors>
        <actor>Organization</actor>
        <actor>Intellectuals</actor>
      </actors>
      <issues/>
      <size>1,000-9,999 people</size>
      <comment>Against political violence</comment>
      <link REFID="T4"/>
      <link REFID="T15"/>
      <link REFID="T19"/>
      <link REFID="T26"/>
    </event>
    <event ID="2">
      <action_form>Demonstration</action_form>
      <location>Spain</location>
      <date_range>
        <start>2002-03-22</start>
        <end>2002-03-22</end>
      </date_range>
      <actors/>
      <issues/>
      <size>1,000-9,999 people</size>
      <comment>Against political violence</comment>
      <link REFID="T4"/>
      <link REFID="T15"/>
      <link REFID="T23"/>
      <link REFID="T26"/>
    </event>
    <event ID="3">
      <action_form>Gruesome violence</action_form>
      <location>Spain</location>
      <date_range>
        <start>2002-03-21</start>
        <end>2002-03-21</end>
      </date_range>
      <actors/>
      <issues/>
      <size>1-9 people</size>
      <comment/>
      <link REFID="T8"/>
      <link REFID="T10"/>
      <link REFID="T14"/>
      <link REFID="T29"/>
    </event>
    <event ID="4">
      <action_form>Demonstration</action_form>
      <location>Spain</location>
      <date_range>
        <start>2002-03-22</start>
        <end>2002-03-22</end>
      </date_range>
      <actors/>
      <issues/>
      <size>1,000-9,999 people</size>
      <comment>Against political violence</comment>
      <link REFID="T23"/>
      <link REFID="T26"/>
    </event>
  </events>
</document>
