<?xml version='1.0' encoding='utf8'?>
<document PUBLICATION_DATE="2003-04-30" DOCID="AFP_ENG_20030430.0556">
  <event_mentions>
    <event_mention ID="T1">
      <anchor>
        <charseq START="468" END="472">move</charseq>
      </anchor>
      <event_mention_argument ROLE="Issue" ID="T2">
        <charseq START="487" END="527">delays in setting up new dumps in Attica</charseq>
      </event_mention_argument>
      <event_mention_argument ROLE="Location" ID="T3">
        <charseq START="521" END="527">Attica</charseq>
      </event_mention_argument>
    </event_mention>
    <event_mention ID="T4">
      <anchor>
        <charseq START="304" END="307">cut</charseq>
      </anchor>
      <event_mention_argument ROLE="Location" ID="T6">
        <charseq START="209" END="221">Ano Liossion</charseq>
      </event_mention_argument>
      <event_mention_argument ROLE="Actor" ID="T5">
        <charseq START="222" END="234">municipality</charseq>
      </event_mention_argument>
    </event_mention>
    <event_mention ID="T7">
      <anchor>
        <charseq START="642" END="648">action</charseq>
      </anchor>
      <event_mention_argument ROLE="Location" ID="T8">
        <charseq START="698" END="707">Athenians</charseq>
      </event_mention_argument>
      <event_mention_argument ROLE="Actor" ID="T9">
        <charseq START="663" END="675">municipality</charseq>
      </event_mention_argument>
    </event_mention>
    <event_mention ID="T10">
      <anchor>
        <charseq START="11" END="17">crisis</charseq>
      </anchor>
      <event_mention_argument ROLE="Location" ID="T11">
        <charseq START="37" END="43">Athens</charseq>
      </event_mention_argument>
    </event_mention>
  </event_mentions>
  <events>
    <event ID="1">
      <action_form>Confrontational non-violent action</action_form>
      <location>Greece</location>
      <date_range>
        <start>2003-04-28</start>
        <end>2003-05-04</end>
        <approximate/>
      </date_range>
      <actors>
        <actor>Organization</actor>
      </actors>
      <issues/>
      <size/>
      <comment/>
      <link REFID="T1"/>
      <link REFID="T4"/>
      <link REFID="T7"/>
      <link REFID="T10"/>
    </event>
  </events>
</document>
