<?xml version='1.0' encoding='utf8'?>
<document PUBLICATION_DATE="2003-04-21" DOCID="AFP_ENG_20030421.0586">
  <event_mentions>
    <event_mention ID="T1">
      <anchor>
        <charseq START="640" END="645">rally</charseq>
      </anchor>
      <event_mention_argument ROLE="Date" ID="T5">
        <charseq START="732" END="745">last December</charseq>
      </event_mention_argument>
      <event_mention_argument ROLE="Location" ID="T4">
        <charseq START="726" END="731">Paris</charseq>
      </event_mention_argument>
      <event_mention_argument ROLE="Actor" ID="T3">
        <charseq START="683" END="693">Christians</charseq>
      </event_mention_argument>
      <event_mention_argument ROLE="Size" ID="T2">
        <charseq START="665" END="676">some 80,000</charseq>
      </event_mention_argument>
    </event_mention>
  </event_mentions>
  <events>
    <event ID="1">
      <action_form>Demonstration</action_form>
      <location>France</location>
      <date_range>
        <start>2002-12-01</start>
        <end>2002-12-31</end>
        <approximate/>
      </date_range>
      <actors>
        <actor>Religious groups / fundamentalists</actor>
      </actors>
      <issues/>
      <size>10,000 or more people</size>
      <comment/>
      <link REFID="T1"/>
    </event>
  </events>
</document>
