<?xml version='1.0' encoding='utf8'?>
<document PUBLICATION_DATE="2003-04-26" DOCID="AFP_ENG_20030426.0497">
  <event_mentions>
    <event_mention ID="T1">
      <anchor>
        <charseq START="414" END="421">protest</charseq>
      </anchor>
      <event_mention_argument ROLE="Issue" ID="T4">
        <charseq START="436" END="484">"death of democracy" in famine-affected Zimbabwe</charseq>
      </event_mention_argument>
      <event_mention_argument ROLE="Actor" ID="T3">
        <charseq START="384" END="390">Flower</charseq>
      </event_mention_argument>
      <event_mention_argument ROLE="Actor" ID="T2">
        <charseq START="360" END="369">team-mate</charseq>
      </event_mention_argument>
    </event_mention>
  </event_mentions>
  <events>
    <event ID="1">
      <action_form>Demonstration</action_form>
      <location>Europe</location>
      <date_range>
        <start>2003-03-01</start>
        <end>2003-03-31</end>
      </date_range>
      <actors>
        <actor>Intellectuals</actor>
      </actors>
      <issues>
        <issue>For democracy</issue>
      </issues>
      <size>1-9 people</size>
      <comment>Zimbabwe</comment>
      <link REFID="T1"/>
    </event>
  </events>
</document>
