<?xml version='1.0' encoding='utf8'?>
<document PUBLICATION_DATE="2005-10-28" DOCID="AFP_ENG_20051028.0154">
  <event_mentions>
    <event_mention ID="T1">
      <anchor>
        <charseq START="0" END="4">Riot</charseq>
      </anchor>
      <event_mention_argument ROLE="Issue" ID="T3">
        <charseq START="30" END="46">teenagers killed</charseq>
      </event_mention_argument>
      <event_mention_argument ROLE="Location" ID="T2">
        <charseq START="11" END="16">Paris</charseq>
      </event_mention_argument>
    </event_mention>
    <event_mention ID="T6">
      <anchor>
        <charseq START="108" END="115">rampage</charseq>
      </anchor>
      <event_mention_argument ROLE="Date" ID="T10">
        <charseq START="185" END="191">Friday</charseq>
      </event_mention_argument>
      <event_mention_argument ROLE="Issue" ID="T11">
        <charseq START="220" END="286">the death by  electrocution of two teenagers trying to flee police</charseq>
      </event_mention_argument>
      <event_mention_argument ROLE="Location" ID="T9">
        <charseq START="172" END="177">Paris</charseq>
      </event_mention_argument>
      <event_mention_argument ROLE="Actor" ID="T5">
        <charseq START="90" END="96">youths</charseq>
      </event_mention_argument>
      <event_mention_argument ROLE="Size" ID="T4">
        <charseq START="80" END="86">Dozens</charseq>
      </event_mention_argument>
    </event_mention>
    <event_mention ID="T7">
      <anchor>
        <charseq START="117" END="124">burning</charseq>
      </anchor>
    </event_mention>
    <event_mention ID="T8">
      <anchor>
        <charseq START="138" END="149">vandalising</charseq>
      </anchor>
    </event_mention>
    <event_mention ID="T12">
      <anchor>
        <charseq START="384" END="388">riot</charseq>
      </anchor>
      <event_mention_argument ROLE="Location" ID="T13">
        <charseq START="392" END="408">Clichy-sous-Bois</charseq>
      </event_mention_argument>
    </event_mention>
    <event_mention ID="T14">
      <anchor>
        <charseq START="539" END="546">erupted</charseq>
      </anchor>
      <event_mention_argument ROLE="Issue" ID="T15">
        <charseq START="553" END="671">two boys, aged  14 and 16, died when they scaled a wall of an electrical relay  station and fell against a transformer</charseq>
      </event_mention_argument>
    </event_mention>
  </event_mentions>
  <events>
    <event ID="1">
      <action_form>Political violence</action_form>
      <location>France</location>
      <date_range>
        <start>2005-10-28</start>
        <end>2005-10-28</end>
      </date_range>
      <actors/>
      <issues/>
      <size>10-49 people</size>
      <comment/>
      <link REFID="T1"/>
      <link REFID="T6"/>
      <link REFID="T7"/>
      <link REFID="T8"/>
      <link REFID="T12"/>
      <link REFID="T14"/>
    </event>
  </events>
</document>
