<?xml version='1.0' encoding='utf8'?>
<document PUBLICATION_DATE="2003-09-12" DOCID="AFP_ENG_20030912.0398">
  <event_mentions>
    <event_mention ID="T1">
      <anchor>
        <charseq START="260" END="267">attacks</charseq>
      </anchor>
      <event_mention_argument ROLE="Location" ID="T3">
        <charseq START="213" END="220">Germany</charseq>
      </event_mention_argument>
      <event_mention_argument ROLE="Actor" ID="T2">
        <charseq START="172" END="181">neo-Nazis</charseq>
      </event_mention_argument>
    </event_mention>
    <event_mention ID="T4">
      <anchor>
        <charseq START="613" END="617">bomb</charseq>
      </anchor>
      <event_mention_argument ROLE="Date" ID="T5">
        <charseq START="648" END="658">November 9</charseq>
      </event_mention_argument>
    </event_mention>
    <event_mention ID="T6">
      <anchor>
        <charseq START="278" END="285">bombing</charseq>
      </anchor>
      <event_mention_argument ROLE="Location" ID="T7">
        <charseq START="318" END="324">Munich</charseq>
      </event_mention_argument>
    </event_mention>
    <event_mention ID="T8">
      <anchor>
        <charseq START="1919" END="1930">destruction</charseq>
      </anchor>
      <event_mention_argument ROLE="Location" ID="T10">
        <charseq START="2020" END="2026">Munich</charseq>
      </event_mention_argument>
      <event_mention_argument ROLE="Actor" ID="T9">
        <charseq START="1960" END="1965">Nazis</charseq>
      </event_mention_argument>
    </event_mention>
  </event_mentions>
  <events/>
</document>
