<?xml version='1.0' encoding='utf8'?>
<document PUBLICATION_DATE="2003-04-21" DOCID="AFP_ENG_20030421.0265">
  <event_mentions>
    <event_mention ID="T1">
      <anchor>
        <charseq START="107" END="121">demonstrations</charseq>
      </anchor>
      <event_mention_argument ROLE="Date" ID="T4">
        <charseq START="216" END="222">Monday</charseq>
      </event_mention_argument>
      <event_mention_argument ROLE="Issue" ID="T2">
        <charseq START="96" END="106">Protestant</charseq>
      </event_mention_argument>
      <event_mention_argument ROLE="Location" ID="T3">
        <charseq START="198" END="205">Belfast</charseq>
      </event_mention_argument>
    </event_mention>
    <event_mention ID="T5">
      <anchor>
        <charseq START="341" END="348">marches</charseq>
      </anchor>
      <event_mention_argument ROLE="Location" ID="T6">
        <charseq START="441" END="445">city</charseq>
      </event_mention_argument>
    </event_mention>
    <event_mention ID="T7">
      <anchor>
        <charseq START="461" END="468">trekked</charseq>
      </anchor>
    </event_mention>
    <event_mention ID="T8">
      <anchor>
        <charseq START="714" END="721">marched</charseq>
      </anchor>
      <event_mention_argument ROLE="Date" ID="T11">
        <charseq START="749" END="755">Monday</charseq>
      </event_mention_argument>
      <event_mention_argument ROLE="Issue" ID="T16">
        <charseq START="675" END="707">British rule in Northern Ireland</charseq>
      </event_mention_argument>
      <event_mention_argument ROLE="Location" ID="T10">
        <charseq START="738" END="745">Belfast</charseq>
      </event_mention_argument>
      <event_mention_argument ROLE="Actor" ID="T9">
        <charseq START="636" END="651">Apprentice Boys</charseq>
      </event_mention_argument>
    </event_mention>
    <event_mention ID="T12">
      <anchor>
        <charseq START="1086" END="1091">march</charseq>
      </anchor>
      <event_mention_argument ROLE="Date" ID="T14">
        <charseq START="1036" END="1046">early July</charseq>
      </event_mention_argument>
      <event_mention_argument ROLE="Location" ID="T15">
        <charseq START="1118" END="1127">Portadown</charseq>
      </event_mention_argument>
      <event_mention_argument ROLE="Actor" ID="T13">
        <charseq START="1056" END="1068">Orange Order</charseq>
      </event_mention_argument>
    </event_mention>
    <event_mention ID="T17">
      <anchor>
        <charseq START="1" END="9">Marching</charseq>
      </anchor>
      <event_mention_argument ROLE="Location" ID="T18">
        <charseq START="21" END="37">Northern Ireland</charseq>
      </event_mention_argument>
    </event_mention>
  </event_mentions>
  <events>
    <event ID="1">
      <action_form>Demonstration</action_form>
      <location>United Kingdom</location>
      <date_range>
        <start>2003-04-21</start>
        <end>2003-04-21</end>
      </date_range>
      <actors>
        <actor>Religious groups / fundamentalists</actor>
      </actors>
      <issues>
        <issue>Institutional reform</issue>
      </issues>
      <size/>
      <comment/>
      <link REFID="T1"/>
      <link REFID="T5"/>
      <link REFID="T7"/>
      <link REFID="T17"/>
    </event>
    <event ID="2">
      <action_form>Demonstration</action_form>
      <location>United Kingdom</location>
      <date_range>
        <start>2003-04-21</start>
        <end>2003-04-21</end>
      </date_range>
      <actors>
        <actor>Religious groups / fundamentalists</actor>
      </actors>
      <issues>
        <issue>Institutional reform</issue>
      </issues>
      <size/>
      <comment/>
      <link REFID="T8"/>
      <link REFID="T17"/>
    </event>
    <event ID="3">
      <action_form>Demonstration</action_form>
      <location>United Kingdom</location>
      <date_range>
        <start>2002-07-01</start>
        <end>2002-07-15</end>
        <approximate/>
      </date_range>
      <actors>
        <actor>Religious groups / fundamentalists</actor>
      </actors>
      <issues>
        <issue>Institutional reform</issue>
      </issues>
      <size/>
      <comment/>
      <link REFID="T12"/>
    </event>
  </events>
</document>
