<?xml version='1.0' encoding='utf8'?>
<document PUBLICATION_DATE="2002-03-29" DOCID="AFP_ENG_20020329.0134">
  <event_mentions>
    <event_mention ID="T1">
      <anchor>
        <charseq START="34" END="40">strike</charseq>
      </anchor>
      <event_mention_argument ROLE="Issue" ID="T2">
        <charseq START="49" END="63">salary demands</charseq>
      </event_mention_argument>
      <event_mention_argument ROLE="Location" ID="T3">
        <charseq START="0" END="6">German</charseq>
      </event_mention_argument>
      <event_mention_argument ROLE="Actor" ID="T4">
        <charseq START="7" END="19">metalworkers</charseq>
      </event_mention_argument>
    </event_mention>
    <event_mention ID="T6">
      <anchor>
        <charseq START="146" END="152">strike</charseq>
      </anchor>
      <event_mention_argument ROLE="Date" ID="T7">
        <charseq START="153" END="165">early Friday</charseq>
      </event_mention_argument>
      <event_mention_argument ROLE="Issue" ID="T9">
        <charseq START="174" END="228">salary demands in ongoing negotiations with management</charseq>
      </event_mention_argument>
      <event_mention_argument ROLE="Location" ID="T5">
        <charseq START="112" END="119">Germany</charseq>
      </event_mention_argument>
      <event_mention_argument ROLE="Actor" ID="T8">
        <charseq START="93" END="100">workers</charseq>
      </event_mention_argument>
      <event_mention_argument ROLE="Actor" ID="T27">
        <charseq START="234" END="243">IG Metall</charseq>
      </event_mention_argument>
    </event_mention>
    <event_mention ID="T14">
      <anchor>
        <charseq START="344" END="350">walked</charseq>
      </anchor>
      <event_mention_argument ROLE="Date" ID="T15">
        <charseq START="363" END="385">shortly after midnight</charseq>
      </event_mention_argument>
      <event_mention_argument ROLE="Location" ID="T13">
        <charseq START="336" END="343">Bavaria</charseq>
      </event_mention_argument>
      <event_mention_argument ROLE="Location" ID="T12">
        <charseq START="311" END="331">Rhineland-Palatinate</charseq>
      </event_mention_argument>
      <event_mention_argument ROLE="Actor" ID="T11">
        <charseq START="286" END="293">workers</charseq>
      </event_mention_argument>
      <event_mention_argument ROLE="Size" ID="T10">
        <charseq START="280" END="285">1,000</charseq>
      </event_mention_argument>
    </event_mention>
    <event_mention ID="T16">
      <anchor>
        <charseq START="395" END="403">stoppage</charseq>
      </anchor>
      <event_mention_argument ROLE="Location" ID="T19">
        <charseq START="453" END="463">Schesslitz</charseq>
      </event_mention_argument>
      <event_mention_argument ROLE="Actor" ID="T18">
        <charseq START="410" END="417">workers</charseq>
      </event_mention_argument>
      <event_mention_argument ROLE="Size" ID="T17">
        <charseq START="407" END="409">40</charseq>
      </event_mention_argument>
    </event_mention>
    <event_mention ID="T23">
      <anchor>
        <charseq START="553" END="560">strikes</charseq>
      </anchor>
      <event_mention_argument ROLE="Date" ID="T24">
        <charseq START="566" END="572">Monday</charseq>
      </event_mention_argument>
      <event_mention_argument ROLE="Date" ID="T25">
        <charseq START="576" END="585">Wednesday</charseq>
      </event_mention_argument>
      <event_mention_argument ROLE="Location" ID="T22">
        <charseq START="524" END="531">Germany</charseq>
      </event_mention_argument>
      <event_mention_argument ROLE="Actor" ID="T26">
        <charseq START="610" END="619">IG Metall</charseq>
      </event_mention_argument>
      <event_mention_argument ROLE="Actor" ID="T20">
        <charseq START="505" END="512">workers</charseq>
      </event_mention_argument>
      <event_mention_argument ROLE="Size" ID="T21">
        <charseq START="482" END="498">More than 12,000</charseq>
      </event_mention_argument>
    </event_mention>
  </event_mentions>
  <events>
    <event ID="1">
      <action_form>Strike</action_form>
      <location>Germany</location>
      <date_range>
        <start>2002-03-29</start>
        <end>2002-03-29</end>
      </date_range>
      <actors>
        <actor>Trade union</actor>
        <actor>Occupational group</actor>
      </actors>
      <issues>
        <issue>For labour rights</issue>
      </issues>
      <size>100-999 people</size>
      <comment/>
      <link REFID="T1"/>
      <link REFID="T6"/>
      <link REFID="T14"/>
    </event>
    <event ID="2">
      <action_form>Strike</action_form>
      <location>Germany</location>
      <date_range>
        <start>2002-03-29</start>
        <end>2002-03-29</end>
      </date_range>
      <actors>
        <actor>Trade union</actor>
        <actor>Occupational group</actor>
      </actors>
      <issues>
        <issue>For labour rights</issue>
      </issues>
      <size>100-999 people</size>
      <comment/>
      <link REFID="T14"/>
      <link REFID="T1"/>
      <link REFID="T6"/>
    </event>
    <event ID="3">
      <action_form>Strike</action_form>
      <location>Germany</location>
      <date_range>
        <start>2002-03-29</start>
        <end>2002-03-29</end>
      </date_range>
      <actors>
        <actor>Trade union</actor>
        <actor>Occupational group</actor>
      </actors>
      <issues>
        <issue>For labour rights</issue>
      </issues>
      <size>10-49 people</size>
      <comment/>
      <link REFID="T1"/>
      <link REFID="T6"/>
      <link REFID="T16"/>
    </event>
    <event ID="4">
      <action_form>Strike</action_form>
      <location>Germany</location>
      <date_range>
        <start>2002-03-25</start>
        <end>2002-03-27</end>
      </date_range>
      <actors>
        <actor>Trade union</actor>
        <actor>Occupational group</actor>
      </actors>
      <issues>
        <issue>For labour rights</issue>
      </issues>
      <size>10,000 or more people</size>
      <comment/>
      <link REFID="T23"/>
    </event>
  </events>
</document>
