<?xml version='1.0' encoding='utf8'?>
<document PUBLICATION_DATE="2002-04-22" DOCID="AFP_ENG_20020422.0583">
  <event_mentions>
    <event_mention ID="T9">
      <anchor>
        <charseq START="35" END="43">protests</charseq>
      </anchor>
      <event_mention_argument ROLE="Issue" ID="T11">
        <charseq START="23" END="34">anti-Le Pen</charseq>
      </event_mention_argument>
      <event_mention_argument ROLE="Location" ID="T12">
        <charseq START="51" END="57">France</charseq>
      </event_mention_argument>
      <event_mention_argument ROLE="Size" ID="T10">
        <charseq START="0" END="17">More than 100,000</charseq>
      </event_mention_argument>
    </event_mention>
    <event_mention ID="T16">
      <anchor>
        <charseq START="215" END="223">protests</charseq>
      </anchor>
      <event_mention_argument ROLE="Date" ID="T17">
        <charseq START="227" END="233">Monday</charseq>
      </event_mention_argument>
      <event_mention_argument ROLE="Issue" ID="T18">
        <charseq START="242" END="334">far-right leader Jean-Marie Le Pen's success in the first round of the presidential election</charseq>
      </event_mention_argument>
      <event_mention_argument ROLE="Location" ID="T15">
        <charseq START="176" END="182">French</charseq>
      </event_mention_argument>
      <event_mention_argument ROLE="Actor" ID="T14">
        <charseq START="146" END="152">people</charseq>
      </event_mention_argument>
      <event_mention_argument ROLE="Size" ID="T13">
        <charseq START="128" END="145">More than 100,000</charseq>
      </event_mention_argument>
    </event_mention>
    <event_mention ID="T19">
      <anchor>
        <charseq START="469" END="474">march</charseq>
      </anchor>
      <event_mention_argument ROLE="Location" ID="T1">
        <charseq START="359" END="364">Tours</charseq>
      </event_mention_argument>
      <event_mention_argument ROLE="Actor" ID="T22">
        <charseq START="437" END="450">demonstrators</charseq>
      </event_mention_argument>
      <event_mention_argument ROLE="Actor" ID="T20">
        <charseq START="399" END="407">militant</charseq>
      </event_mention_argument>
      <event_mention_argument ROLE="Size" ID="T21">
        <charseq START="425" END="436">some 12,000</charseq>
      </event_mention_argument>
    </event_mention>
    <event_mention ID="T23">
      <anchor>
        <charseq START="709" END="722">demonstration</charseq>
      </anchor>
      <event_mention_argument ROLE="Location" ID="T24">
        <charseq START="746" END="750">city</charseq>
      </event_mention_argument>
    </event_mention>
    <event_mention ID="T27">
      <anchor>
        <charseq START="1241" END="1248">marched</charseq>
      </anchor>
      <event_mention_argument ROLE="Location" ID="T2">
        <charseq START="1277" END="1282">Paris</charseq>
      </event_mention_argument>
      <event_mention_argument ROLE="Actor" ID="T26">
        <charseq START="1234" END="1240">people</charseq>
      </event_mention_argument>
      <event_mention_argument ROLE="Size" ID="T25">
        <charseq START="1222" END="1233">Some 10,000</charseq>
      </event_mention_argument>
    </event_mention>
    <event_mention ID="T28">
      <anchor>
        <charseq START="1310" END="1318">protests</charseq>
      </anchor>
      <event_mention_argument ROLE="Location" ID="T3">
        <charseq START="1343" END="1348">Lille</charseq>
      </event_mention_argument>
    </event_mention>
    <event_mention ID="T29">
      <anchor>
        <charseq START="1350" END="1364">Demonstrations</charseq>
      </anchor>
      <event_mention_argument ROLE="Location" ID="T8">
        <charseq START="1432" END="1437">Brest</charseq>
      </event_mention_argument>
      <event_mention_argument ROLE="Location" ID="T4">
        <charseq START="1454" END="1464">Strasbourg</charseq>
      </event_mention_argument>
      <event_mention_argument ROLE="Location" ID="T5">
        <charseq START="1489" END="1498">Marseille</charseq>
      </event_mention_argument>
      <event_mention_argument ROLE="Location" ID="T6">
        <charseq START="1500" END="1508">Bordeaux</charseq>
      </event_mention_argument>
      <event_mention_argument ROLE="Location" ID="T7">
        <charseq START="1513" END="1521">Toulouse</charseq>
      </event_mention_argument>
      <event_mention_argument ROLE="Actor" ID="T31">
        <charseq START="1396" END="1402">people</charseq>
      </event_mention_argument>
      <event_mention_argument ROLE="Size" ID="T30">
        <charseq START="1375" END="1392">tens of thousands</charseq>
      </event_mention_argument>
    </event_mention>
    <event_mention ID="T32">
      <anchor>
        <charseq START="1788" END="1795">shouted</charseq>
      </anchor>
      <event_mention_argument ROLE="Location" ID="T33">
        <charseq START="1799" END="1803">Lyon</charseq>
      </event_mention_argument>
    </event_mention>
    <event_mention ID="T35">
      <anchor>
        <charseq START="1875" END="1889">demonstrations</charseq>
      </anchor>
      <event_mention_argument ROLE="Location" ID="T36">
        <charseq START="1898" END="1902">city</charseq>
      </event_mention_argument>
      <event_mention_argument ROLE="Actor" ID="T34">
        <charseq START="1836" END="1844">students</charseq>
      </event_mention_argument>
    </event_mention>
    <event_mention ID="T37">
      <anchor>
        <charseq START="2244" END="2251">rallies</charseq>
      </anchor>
    </event_mention>
    <event_mention ID="T38">
      <anchor>
        <charseq START="2302" END="2316">demonstrations</charseq>
      </anchor>
      <event_mention_argument ROLE="Date" ID="T40">
        <charseq START="2376" END="2382">Sunday</charseq>
      </event_mention_argument>
      <event_mention_argument ROLE="Issue" ID="T39">
        <charseq START="2290" END="2301">anti-Le Pen</charseq>
      </event_mention_argument>
    </event_mention>
    <event_mention ID="T43">
      <anchor>
        <charseq START="2469" END="2476">marched</charseq>
      </anchor>
      <event_mention_argument ROLE="Location" ID="T41">
        <charseq START="2448" END="2453">Paris</charseq>
      </event_mention_argument>
      <event_mention_argument ROLE="Size" ID="T42">
        <charseq START="2455" END="2468">around 15,000</charseq>
      </event_mention_argument>
    </event_mention>
    <event_mention ID="T44">
      <anchor>
        <charseq START="2728" END="2734">breach</charseq>
      </anchor>
      <event_mention_argument ROLE="Actor" ID="T45">
        <charseq START="2712" END="2718">youths</charseq>
      </event_mention_argument>
    </event_mention>
    <event_mention ID="T46">
      <anchor>
        <charseq START="1700" END="1705">rally</charseq>
      </anchor>
      <event_mention_argument ROLE="Location" ID="T47">
        <charseq START="1709" END="1719">Strasbourg</charseq>
      </event_mention_argument>
      <event_mention_argument ROLE="Actor" ID="T48">
        <charseq START="1685" END="1692">members</charseq>
      </event_mention_argument>
    </event_mention>
  </event_mentions>
  <events>
    <event ID="1">
      <action_form>Demonstration</action_form>
      <location>France</location>
      <date_range>
        <start>2002-04-22</start>
        <end>2002-04-22</end>
      </date_range>
      <actors>
        <actor>Organization</actor>
        <actor>Left-libertarians</actor>
        <actor>Students</actor>
      </actors>
      <issues/>
      <size>10,000 or more people</size>
      <comment>Tours</comment>
      <link REFID="T9"/>
      <link REFID="T16"/>
      <link REFID="T19"/>
      <link REFID="T23"/>
      <link REFID="T35"/>
      <link REFID="T37"/>
    </event>
    <event ID="2">
      <action_form>Demonstration</action_form>
      <location>France</location>
      <date_range>
        <start>2002-04-22</start>
        <end>2002-04-22</end>
      </date_range>
      <actors>
        <actor>Organization</actor>
        <actor>Left-libertarians</actor>
        <actor>Students</actor>
      </actors>
      <issues/>
      <size>10,000 or more people</size>
      <comment/>
      <link REFID="T9"/>
      <link REFID="T16"/>
      <link REFID="T27"/>
      <link REFID="T35"/>
      <link REFID="T37"/>
    </event>
    <event ID="3">
      <action_form>Demonstration</action_form>
      <location>France</location>
      <date_range>
        <start>2002-04-22</start>
        <end>2002-04-22</end>
      </date_range>
      <actors>
        <actor>Organization</actor>
        <actor>Left-libertarians</actor>
        <actor>Students</actor>
      </actors>
      <issues/>
      <size>10,000 or more people</size>
      <comment/>
      <link REFID="T9"/>
      <link REFID="T16"/>
      <link REFID="T28"/>
      <link REFID="T35"/>
      <link REFID="T37"/>
    </event>
    <event ID="4">
      <action_form>Demonstration</action_form>
      <location>France</location>
      <date_range>
        <start>2002-04-22</start>
        <end>2002-04-22</end>
      </date_range>
      <actors>
        <actor>Organization</actor>
        <actor>Left-libertarians</actor>
        <actor>Students</actor>
      </actors>
      <issues/>
      <size>10,000 or more people</size>
      <comment/>
      <link REFID="T9"/>
      <link REFID="T16"/>
      <link REFID="T29"/>
      <link REFID="T35"/>
      <link REFID="T37"/>
    </event>
    <event ID="5">
      <action_form>Demonstration</action_form>
      <location>France</location>
      <date_range>
        <start>2002-04-22</start>
        <end>2002-04-22</end>
      </date_range>
      <actors>
        <actor>Organization</actor>
        <actor>Left-libertarians</actor>
        <actor>Students</actor>
      </actors>
      <issues/>
      <size>10,000 or more people</size>
      <comment/>
      <link REFID="T9"/>
      <link REFID="T16"/>
      <link REFID="T29"/>
      <link REFID="T35"/>
      <link REFID="T37"/>
      <link REFID="T46"/>
    </event>
    <event ID="6">
      <action_form>Demonstration</action_form>
      <location>France</location>
      <date_range>
        <start>2002-04-22</start>
        <end>2002-04-22</end>
      </date_range>
      <actors>
        <actor>Organization</actor>
        <actor>Left-libertarians</actor>
        <actor>Students</actor>
      </actors>
      <issues/>
      <size>10,000 or more people</size>
      <comment/>
      <link REFID="T9"/>
      <link REFID="T16"/>
      <link REFID="T29"/>
      <link REFID="T35"/>
      <link REFID="T37"/>
    </event>
    <event ID="7">
      <action_form>Demonstration</action_form>
      <location>France</location>
      <date_range>
        <start>2002-04-22</start>
        <end>2002-04-22</end>
      </date_range>
      <actors>
        <actor>Organization</actor>
        <actor>Left-libertarians</actor>
        <actor>Students</actor>
      </actors>
      <issues/>
      <size>10,000 or more people</size>
      <comment/>
      <link REFID="T9"/>
      <link REFID="T16"/>
      <link REFID="T29"/>
      <link REFID="T35"/>
      <link REFID="T37"/>
    </event>
    <event ID="8">
      <action_form>Demonstration</action_form>
      <location>France</location>
      <date_range>
        <start>2002-04-22</start>
        <end>2002-04-22</end>
      </date_range>
      <actors>
        <actor>Organization</actor>
        <actor>Left-libertarians</actor>
        <actor>Students</actor>
      </actors>
      <issues/>
      <size>10,000 or more people</size>
      <comment/>
      <link REFID="T9"/>
      <link REFID="T16"/>
      <link REFID="T29"/>
      <link REFID="T35"/>
      <link REFID="T37"/>
    </event>
    <event ID="9">
      <action_form>Demonstration</action_form>
      <location>France</location>
      <date_range>
        <start>2000-01-01</start>
        <end>2015-12-31</end>
      </date_range>
      <actors>
        <actor>Organization</actor>
        <actor>Left-libertarians</actor>
        <actor>Students</actor>
      </actors>
      <issues/>
      <size>10,000 or more people</size>
      <comment/>
      <link REFID="T9"/>
      <link REFID="T16"/>
      <link REFID="T32"/>
      <link REFID="T35"/>
      <link REFID="T37"/>
    </event>
    <event ID="9">
      <action_form>Demonstration</action_form>
      <location>France</location>
      <date_range>
        <start>2002-04-21</start>
        <end>2002-04-21</end>
      </date_range>
      <actors>
        <actor>Organization</actor>
        <actor>Left-libertarians</actor>
        <actor>Students</actor>
      </actors>
      <issues/>
      <size>10,000 or more people</size>
      <comment/>
      <link REFID="T9"/>
      <link REFID="T16"/>
      <link REFID="T32"/>
      <link REFID="T35"/>
      <link REFID="T37"/>
    </event>
  </events>
</document>
