<?xml version='1.0' encoding='utf8'?>
<document PUBLICATION_DATE="2006-03-31" DOCID="AFP_ENG_20060331.0331">
  <event_mentions>
    <event_mention ID="T1">
      <anchor>
        <charseq START="143" END="150">filming</charseq>
      </anchor>
      <event_mention_argument ROLE="Issue" ID="T4">
        <charseq START="85" END="98">animal rights</charseq>
      </event_mention_argument>
      <event_mention_argument ROLE="Location" ID="T3">
        <charseq START="151" END="158">Finnish</charseq>
      </event_mention_argument>
      <event_mention_argument ROLE="Actor" ID="T2">
        <charseq START="100" END="108">activist</charseq>
      </event_mention_argument>
    </event_mention>
    <event_mention ID="T5">
      <anchor>
        <charseq START="495" END="503">offences</charseq>
      </anchor>
      <event_mention_argument ROLE="Location" ID="T7">
        <charseq START="468" END="472">Finn</charseq>
      </event_mention_argument>
      <event_mention_argument ROLE="Actor" ID="T6">
        <charseq START="445" END="464">Mikael Jukka Vuorio</charseq>
      </event_mention_argument>
    </event_mention>
    <event_mention ID="T8">
      <anchor>
        <charseq START="596" END="602">filmed</charseq>
      </anchor>
      <event_mention_argument ROLE="Date" ID="T10">
        <charseq START="657" END="682">October and November 2003</charseq>
      </event_mention_argument>
      <event_mention_argument ROLE="Issue" ID="T11">
        <charseq START="611" END="620">fox farms</charseq>
      </event_mention_argument>
      <event_mention_argument ROLE="Location" ID="T9">
        <charseq START="645" END="652">country</charseq>
      </event_mention_argument>
      <event_mention_argument ROLE="Size" ID="T12">
        <charseq START="592" END="595">two</charseq>
      </event_mention_argument>
    </event_mention>
    <event_mention ID="T13">
      <anchor>
        <charseq START="970" END="977">release</charseq>
      </anchor>
      <event_mention_argument ROLE="Issue" ID="T16">
        <charseq START="925" END="933">anti-fur</charseq>
      </event_mention_argument>
      <event_mention_argument ROLE="Location" ID="T14">
        <charseq START="835" END="842">Finland</charseq>
      </event_mention_argument>
      <event_mention_argument ROLE="Actor" ID="T15">
        <charseq START="934" END="943">activists</charseq>
      </event_mention_argument>
    </event_mention>
  </event_mentions>
  <events>
    <event ID="1">
      <action_form>Protest</action_form>
      <location>Finland</location>
      <date_range>
        <start>2003-10-01</start>
        <end>2003-11-30</end>
        <approximate/>
      </date_range>
      <actors/>
      <issues>
        <issue>Environmental protection</issue>
      </issues>
      <size>1-9 people</size>
      <comment/>
      <link REFID="T1"/>
      <link REFID="T5"/>
      <link REFID="T8"/>
    </event>
    <event ID="2">
      <action_form>Protest</action_form>
      <location>Finland</location>
      <date_range>
        <start>2000-01-01</start>
        <end>2015-12-31</end>
      </date_range>
      <actors/>
      <issues>
        <issue>Environmental protection</issue>
      </issues>
      <size/>
      <comment/>
      <link REFID="T13"/>
    </event>
  </events>
</document>
