<?xml version='1.0' encoding='utf8'?>
<document PUBLICATION_DATE="2006-03-14" DOCID="AFP_ENG_20060314.0529">
  <event_mentions>
    <event_mention ID="T1">
      <anchor>
        <charseq START="110" END="118">petition</charseq>
      </anchor>
      <event_mention_argument ROLE="Issue" ID="T4">
        <charseq START="176" END="230">the European Union and  Turkey's adhesion to the block</charseq>
      </event_mention_argument>
      <event_mention_argument ROLE="Location" ID="T3">
        <charseq START="160" END="167">Austria</charseq>
      </event_mention_argument>
      <event_mention_argument ROLE="Actor" ID="T2">
        <charseq START="152" END="156">FPOe</charseq>
      </event_mention_argument>
    </event_mention>
    <event_mention ID="T5">
      <anchor>
        <charseq START="352" END="360">petition</charseq>
      </anchor>
      <event_mention_argument ROLE="Date" ID="T6">
        <charseq START="384" END="391">March 6</charseq>
      </event_mention_argument>
      <event_mention_argument ROLE="Date" ID="T7">
        <charseq START="404" END="415">late Monday</charseq>
      </event_mention_argument>
      <event_mention_argument ROLE="Location" ID="T9">
        <charseq START="332" END="339">Austria</charseq>
      </event_mention_argument>
      <event_mention_argument ROLE="Size" ID="T8">
        <charseq START="426" END="433">258,277</charseq>
      </event_mention_argument>
    </event_mention>
    <event_mention ID="T10">
      <anchor>
        <charseq START="701" END="709">petition</charseq>
      </anchor>
      <event_mention_argument ROLE="Date" ID="T13">
        <charseq START="773" END="779">Monday</charseq>
      </event_mention_argument>
      <event_mention_argument ROLE="Actor" ID="T11">
        <charseq START="519" END="523">FPOe</charseq>
      </event_mention_argument>
      <event_mention_argument ROLE="Actor" ID="T12">
        <charseq START="672" END="681">Austrians</charseq>
      </event_mention_argument>
    </event_mention>
    <event_mention ID="T14">
      <anchor>
        <charseq START="804" END="812">petition</charseq>
      </anchor>
    </event_mention>
    <event_mention ID="T15">
      <anchor>
        <charseq START="994" END="1004">initiative</charseq>
      </anchor>
    </event_mention>
    <event_mention ID="T16">
      <anchor>
        <charseq START="1194" END="1202">petition</charseq>
      </anchor>
    </event_mention>
    <event_mention ID="T17">
      <anchor>
        <charseq START="1496" END="1506">initiative</charseq>
      </anchor>
    </event_mention>
    <event_mention ID="T18">
      <anchor>
        <charseq START="1544" END="1552">petition</charseq>
      </anchor>
      <event_mention_argument ROLE="Issue" ID="T19">
        <charseq START="1558" END="1599">the need to  maintain Austrian neutrality</charseq>
      </event_mention_argument>
      <event_mention_argument ROLE="Issue" ID="T20">
        <charseq START="1604" END="1677">opposition to the European  constitution and Turkey's accession to the EU</charseq>
      </event_mention_argument>
    </event_mention>
    <event_mention ID="T21">
      <anchor>
        <charseq START="1752" END="1760">petition</charseq>
      </anchor>
    </event_mention>
    <event_mention ID="T22">
      <anchor>
        <charseq START="1949" END="1957">petition</charseq>
      </anchor>
    </event_mention>
    <event_mention ID="T23">
      <anchor>
        <charseq START="2430" END="2438">campaign</charseq>
      </anchor>
    </event_mention>
    <event_mention ID="T24">
      <anchor>
        <charseq START="2958" END="2966">petition</charseq>
      </anchor>
    </event_mention>
    <event_mention ID="T25">
      <anchor>
        <charseq START="3017" END="3028">initiatives</charseq>
      </anchor>
      <event_mention_argument ROLE="Date" ID="T26">
        <charseq START="3032" END="3036">1996</charseq>
      </event_mention_argument>
      <event_mention_argument ROLE="Date" ID="T27">
        <charseq START="3041" END="3045">1997</charseq>
      </event_mention_argument>
      <event_mention_argument ROLE="Date" ID="T28">
        <charseq START="3094" END="3098">2000</charseq>
      </event_mention_argument>
      <event_mention_argument ROLE="Issue" ID="T29">
        <charseq START="3005" END="3015">neutrality</charseq>
      </event_mention_argument>
    </event_mention>
    <event_mention ID="T30">
      <anchor>
        <charseq START="3229" END="3239">initiative</charseq>
      </anchor>
      <event_mention_argument ROLE="Location" ID="T31">
        <charseq START="3103" END="3110">Austria</charseq>
      </event_mention_argument>
    </event_mention>
    <event_mention ID="T32">
      <anchor>
        <charseq START="3438" END="3448">initiative</charseq>
      </anchor>
      <event_mention_argument ROLE="Location" ID="T33">
        <charseq START="3537" END="3544">Austria</charseq>
      </event_mention_argument>
    </event_mention>
    <event_mention ID="T35">
      <anchor>
        <charseq START="8" END="16">petition</charseq>
      </anchor>
      <event_mention_argument ROLE="Issue" ID="T34">
        <charseq START="0" END="7">Anti-EU</charseq>
      </event_mention_argument>
      <event_mention_argument ROLE="Location" ID="T36">
        <charseq START="20" END="27">Austria</charseq>
      </event_mention_argument>
      <event_mention_argument ROLE="Actor" ID="T37">
        <charseq START="60" END="64">FPOe</charseq>
      </event_mention_argument>
    </event_mention>
  </event_mentions>
  <events>
    <event ID="1">
      <action_form>Petition</action_form>
      <location>Austria</location>
      <date_range>
        <start>2006-03-06</start>
        <end>2006-03-13</end>
      </date_range>
      <actors>
        <actor>Political party</actor>
      </actors>
      <issues>
        <issue>Against Europe / European integration</issue>
      </issues>
      <size>10,000 or more people</size>
      <comment/>
      <link REFID="T1"/>
      <link REFID="T5"/>
      <link REFID="T10"/>
      <link REFID="T14"/>
      <link REFID="T15"/>
      <link REFID="T16"/>
      <link REFID="T17"/>
      <link REFID="T18"/>
      <link REFID="T21"/>
      <link REFID="T22"/>
      <link REFID="T23"/>
      <link REFID="T24"/>
      <link REFID="T30"/>
      <link REFID="T32"/>
      <link REFID="T35"/>
    </event>
    <event ID="2">
      <action_form>Petition</action_form>
      <location>Austria</location>
      <date_range>
        <start>2000-01-01</start>
        <end>2000-12-31</end>
        <approximate/>
      </date_range>
      <actors/>
      <issues>
        <issue>International cooperation</issue>
      </issues>
      <size/>
      <comment/>
      <link REFID="T25"/>
    </event>
    <event ID="3">
      <action_form>Petition</action_form>
      <location>Austria</location>
      <date_range>
        <start>1996-01-01</start>
        <end>1996-12-31</end>
        <approximate/>
      </date_range>
      <actors/>
      <issues>
        <issue>International cooperation</issue>
      </issues>
      <size/>
      <comment/>
      <link REFID="T25"/>
    </event>
    <event ID="4">
      <action_form>Petition</action_form>
      <location>Austria</location>
      <date_range>
        <start>1997-01-01</start>
        <end>1997-12-31</end>
        <approximate/>
      </date_range>
      <actors/>
      <issues/>
      <size/>
      <comment/>
      <link REFID="T25"/>
    </event>
  </events>
</document>
