<?xml version='1.0' encoding='utf8'?>
<document PUBLICATION_DATE="2003-04-09" DOCID="AFP_ENG_20030409.0418">
  <event_mentions>
    <event_mention ID="T1">
      <anchor>
        <charseq START="205" END="214">murdering</charseq>
      </anchor>
      <event_mention_argument ROLE="Issue" ID="T4">
        <charseq START="215" END="223">Catholic</charseq>
      </event_mention_argument>
      <event_mention_argument ROLE="Location" ID="T3">
        <charseq START="124" END="140">Northern Ireland</charseq>
      </event_mention_argument>
      <event_mention_argument ROLE="Actor" ID="T2">
        <charseq START="112" END="120">loyalist</charseq>
      </event_mention_argument>
    </event_mention>
    <event_mention ID="T5">
      <anchor>
        <charseq START="269" END="273">shot</charseq>
      </anchor>
      <event_mention_argument ROLE="Date" ID="T6">
        <charseq START="311" END="315">1996</charseq>
      </event_mention_argument>
      <event_mention_argument ROLE="Actor" ID="T7">
        <charseq START="256" END="263">McKeown</charseq>
      </event_mention_argument>
    </event_mention>
    <event_mention ID="T8">
      <anchor>
        <charseq START="39" END="46">killing</charseq>
      </anchor>
      <event_mention_argument ROLE="Issue" ID="T11">
        <charseq START="50" END="58">Catholic</charseq>
      </event_mention_argument>
      <event_mention_argument ROLE="Location" ID="T10">
        <charseq START="0" END="16">Northern Ireland</charseq>
      </event_mention_argument>
      <event_mention_argument ROLE="Actor" ID="T9">
        <charseq START="17" END="20">man</charseq>
      </event_mention_argument>
    </event_mention>
  </event_mentions>
  <events>
    <event ID="1">
      <action_form>Gruesome violence</action_form>
      <location>United Kingdom</location>
      <date_range>
        <start>1996-01-01</start>
        <end>1996-12-31</end>
        <approximate/>
      </date_range>
      <actors>
        <actor>Religious groups / fundamentalists</actor>
      </actors>
      <issues/>
      <size>1-9 people</size>
      <comment/>
      <link REFID="T1"/>
      <link REFID="T5"/>
      <link REFID="T8"/>
    </event>
  </events>
</document>
