<?xml version='1.0' encoding='utf8'?>
<document PUBLICATION_DATE="2003-03-09" DOCID="AFP_ENG_20030309.0339">
  <event_mentions>
    <event_mention ID="T3">
      <anchor>
        <charseq START="13" END="24">demonstrate</charseq>
      </anchor>
      <event_mention_argument ROLE="Issue" ID="T5">
        <charseq START="41" END="56">change in Tibet</charseq>
      </event_mention_argument>
      <event_mention_argument ROLE="Location" ID="T4">
        <charseq START="28" END="36">Brussels</charseq>
      </event_mention_argument>
      <event_mention_argument ROLE="Actor" ID="T2">
        <charseq START="6" END="12">people</charseq>
      </event_mention_argument>
      <event_mention_argument ROLE="Size" ID="T1">
        <charseq START="0" END="5">1,500</charseq>
      </event_mention_argument>
    </event_mention>
    <event_mention ID="T8">
      <anchor>
        <charseq START="104" END="116">demonstrated</charseq>
      </anchor>
      <event_mention_argument ROLE="Date" ID="T9">
        <charseq START="117" END="123">Sunday</charseq>
      </event_mention_argument>
      <event_mention_argument ROLE="Issue" ID="T10">
        <charseq START="128" END="155">stronger EU policy on Tibet</charseq>
      </event_mention_argument>
      <event_mention_argument ROLE="Actor" ID="T7">
        <charseq START="97" END="103">people</charseq>
      </event_mention_argument>
      <event_mention_argument ROLE="Size" ID="T6">
        <charseq START="81" END="96">More than 1,500</charseq>
      </event_mention_argument>
    </event_mention>
    <event_mention ID="T11">
      <anchor>
        <charseq START="263" END="269">called</charseq>
      </anchor>
      <event_mention_argument ROLE="Issue" ID="T13">
        <charseq START="273" END="347">the European Union to put pressure on China for more human rights in Tibet</charseq>
      </event_mention_argument>
      <event_mention_argument ROLE="Actor" ID="T12">
        <charseq START="249" END="262">Demonstrators</charseq>
      </event_mention_argument>
    </event_mention>
    <event_mention ID="T14">
      <anchor>
        <charseq START="359" END="365">called</charseq>
      </anchor>
      <event_mention_argument ROLE="Issue" ID="T15">
        <charseq START="369" END="430">China to engage in talks with the Tibetan government in exile</charseq>
      </event_mention_argument>
    </event_mention>
    <event_mention ID="T16">
      <anchor>
        <charseq START="586" END="592">formed</charseq>
      </anchor>
      <event_mention_argument ROLE="Actor" ID="T17">
        <charseq START="572" END="585">demonstrators</charseq>
      </event_mention_argument>
    </event_mention>
  </event_mentions>
  <events>
    <event ID="1">
      <action_form>Demonstration</action_form>
      <location>Belgium</location>
      <date_range>
        <start>2003-03-09</start>
        <end>2003-03-09</end>
      </date_range>
      <actors/>
      <issues>
        <issue>For peace</issue>
        <issue>For human rights</issue>
      </issues>
      <size>1,000-9,999 people</size>
      <comment/>
      <link REFID="T3"/>
      <link REFID="T8"/>
      <link REFID="T11"/>
      <link REFID="T14"/>
      <link REFID="T16"/>
    </event>
  </events>
</document>
