<?xml version='1.0' encoding='utf8'?>
<document PUBLICATION_DATE="2005-09-21" DOCID="AFP_ENG_20050921.0115">
  <event_mentions>
    <event_mention ID="T1">
      <anchor>
        <charseq START="36" END="42">strike</charseq>
      </anchor>
      <event_mention_argument ROLE="Location" ID="T2">
        <charseq START="29" END="35">French</charseq>
      </event_mention_argument>
    </event_mention>
    <event_mention ID="T3">
      <anchor>
        <charseq START="193" END="203">protesting</charseq>
      </anchor>
      <event_mention_argument ROLE="Date" ID="T5">
        <charseq START="113" END="122">overnight</charseq>
      </event_mention_argument>
      <event_mention_argument ROLE="Issue" ID="T9">
        <charseq START="208" END="248">proposed privatization of  their company</charseq>
      </event_mention_argument>
      <event_mention_argument ROLE="Actor" ID="T4">
        <charseq START="186" END="192">seamen</charseq>
      </event_mention_argument>
    </event_mention>
    <event_mention ID="T7">
      <anchor>
        <charseq START="758" END="767">prevented</charseq>
      </anchor>
      <event_mention_argument ROLE="Date" ID="T6">
        <charseq START="782" END="799">Tuesday afternoon</charseq>
      </event_mention_argument>
    </event_mention>
    <event_mention ID="T8">
      <anchor>
        <charseq START="927" END="933">strike</charseq>
      </anchor>
      <event_mention_argument ROLE="Issue" ID="T10">
        <charseq START="974" END="1089">two  investment funds, Butler Capital Partners and Caravelle, were in  line to take over the state shipping company</charseq>
      </event_mention_argument>
    </event_mention>
    <event_mention ID="T11">
      <anchor>
        <charseq START="1192" END="1199">clashed</charseq>
      </anchor>
      <event_mention_argument ROLE="Date" ID="T13">
        <charseq START="1212" END="1219">Tuesday</charseq>
      </event_mention_argument>
      <event_mention_argument ROLE="Actor" ID="T12">
        <charseq START="1181" END="1191">passengers</charseq>
      </event_mention_argument>
    </event_mention>
  </event_mentions>
  <events>
    <event ID="1">
      <action_form>Strike</action_form>
      <location>France</location>
      <date_range>
        <start>2005-09-20</start>
        <end>2005-09-20</end>
      </date_range>
      <actors>
        <actor>Occupational group</actor>
      </actors>
      <issues>
        <issue>For labour rights</issue>
      </issues>
      <size/>
      <comment/>
      <link REFID="T1"/>
      <link REFID="T3"/>
      <link REFID="T7"/>
      <link REFID="T8"/>
    </event>
    <event ID="2">
      <action_form>Political violence</action_form>
      <location>France</location>
      <date_range>
        <start>2005-09-20</start>
        <end>2005-09-20</end>
      </date_range>
      <actors/>
      <issues/>
      <size/>
      <comment/>
      <link REFID="T11"/>
    </event>
  </events>
</document>
