<?xml version='1.0' encoding='utf8'?>
<document PUBLICATION_DATE="2005-10-01" DOCID="AFP_ENG_20051001.0065">
  <event_mentions>
    <event_mention ID="T1">
      <anchor>
        <charseq START="256" END="265">blockades</charseq>
      </anchor>
      <event_mention_argument ROLE="Issue" ID="T4">
        <charseq START="379" END="423">privatisation of a state-owned ferry company</charseq>
      </event_mention_argument>
      <event_mention_argument ROLE="Location" ID="T2">
        <charseq START="303" END="310">Ajaccio</charseq>
      </event_mention_argument>
      <event_mention_argument ROLE="Location" ID="T3">
        <charseq START="336" END="345">Marseille</charseq>
      </event_mention_argument>
      <event_mention_argument ROLE="Actor" ID="T5">
        <charseq START="269" END="277">strikers</charseq>
      </event_mention_argument>
    </event_mention>
    <event_mention ID="T6">
      <anchor>
        <charseq START="133" END="139">strike</charseq>
      </anchor>
      <event_mention_argument ROLE="Location" ID="T7">
        <charseq START="106" END="115">Marseille</charseq>
      </event_mention_argument>
      <event_mention_argument ROLE="Location" ID="T9">
        <charseq START="19" END="26">Corsica</charseq>
      </event_mention_argument>
      <event_mention_argument ROLE="Actor" ID="T8">
        <charseq START="121" END="128">workers</charseq>
      </event_mention_argument>
    </event_mention>
    <event_mention ID="T10">
      <anchor>
        <charseq START="897" END="904">blocked</charseq>
      </anchor>
      <event_mention_argument ROLE="Location" ID="T11">
        <charseq START="942" END="949">Ajaccio</charseq>
      </event_mention_argument>
    </event_mention>
    <event_mention ID="T12">
      <anchor>
        <charseq START="1107" END="1115">picketed</charseq>
      </anchor>
      <event_mention_argument ROLE="Actor" ID="T15">
        <charseq START="1033" END="1041">strikers</charseq>
      </event_mention_argument>
      <event_mention_argument ROLE="Size" ID="T16">
        <charseq START="1024" END="1032">15 or so</charseq>
      </event_mention_argument>
    </event_mention>
    <event_mention ID="T14">
      <anchor>
        <charseq START="1234" END="1243">hijacking</charseq>
      </anchor>
      <event_mention_argument ROLE="Date" ID="T17">
        <charseq START="1218" END="1227">Wednesday</charseq>
      </event_mention_argument>
      <event_mention_argument ROLE="Actor" ID="T13">
        <charseq START="1168" END="1193">Union of Corsican Workers</charseq>
      </event_mention_argument>
      <event_mention_argument ROLE="Size" ID="T33">
        <charseq START="1132" END="1136">four</charseq>
      </event_mention_argument>
    </event_mention>
    <event_mention ID="T18">
      <anchor>
        <charseq START="1353" END="1361">thronged</charseq>
      </anchor>
      <event_mention_argument ROLE="Date" ID="T20">
        <charseq START="1281" END="1292">late Friday</charseq>
      </event_mention_argument>
      <event_mention_argument ROLE="Location" ID="T19">
        <charseq START="1378" END="1385">Ajaccio</charseq>
      </event_mention_argument>
      <event_mention_argument ROLE="Actor" ID="T21">
        <charseq START="1331" END="1344">demonstrators</charseq>
      </event_mention_argument>
    </event_mention>
    <event_mention ID="T22">
      <anchor>
        <charseq START="1700" END="1706">strike</charseq>
      </anchor>
      <event_mention_argument ROLE="Location" ID="T24">
        <charseq START="1615" END="1621">Bastia</charseq>
      </event_mention_argument>
      <event_mention_argument ROLE="Location" ID="T23">
        <charseq START="1603" END="1610">Ajaccio</charseq>
      </event_mention_argument>
      <event_mention_argument ROLE="Actor" ID="T25">
        <charseq START="1681" END="1692">groundstaff</charseq>
      </event_mention_argument>
      <event_mention_argument ROLE="Actor" ID="T26">
        <charseq START="1670" END="1673">STC</charseq>
      </event_mention_argument>
    </event_mention>
    <event_mention ID="T27">
      <anchor>
        <charseq START="1862" END="1870">blockade</charseq>
      </anchor>
      <event_mention_argument ROLE="Issue" ID="T31">
        <charseq START="1916" END="1948">sympathy with the SNCM employees</charseq>
      </event_mention_argument>
      <event_mention_argument ROLE="Location" ID="T28">
        <charseq START="1821" END="1830">Marseille</charseq>
      </event_mention_argument>
      <event_mention_argument ROLE="Actor" ID="T29">
        <charseq START="1895" END="1902">workers</charseq>
      </event_mention_argument>
    </event_mention>
    <event_mention ID="T30">
      <anchor>
        <charseq START="1903" END="1911">striking</charseq>
      </anchor>
    </event_mention>
    <event_mention ID="T32">
      <anchor>
        <charseq START="2778" END="2785">strikes</charseq>
      </anchor>
    </event_mention>
  </event_mentions>
  <events>
    <event ID="1">
      <action_form>Occupation / Blockade</action_form>
      <location>France</location>
      <date_range>
        <start>2005-10-01</start>
        <end>2005-10-01</end>
      </date_range>
      <actors>
        <actor>Trade union</actor>
        <actor>Occupational group</actor>
      </actors>
      <issues>
        <issue>For labour rights</issue>
      </issues>
      <size>10-49 people</size>
      <comment/>
      <link REFID="T1"/>
      <link REFID="T6"/>
      <link REFID="T10"/>
      <link REFID="T12"/>
      <link REFID="T32"/>
    </event>
    <event ID="2">
      <action_form>Occupation / Blockade</action_form>
      <location>France</location>
      <date_range>
        <start>2005-10-01</start>
        <end>2005-10-01</end>
      </date_range>
      <actors>
        <actor>Trade union</actor>
        <actor>Occupational group</actor>
      </actors>
      <issues>
        <issue>For labour rights</issue>
      </issues>
      <size/>
      <comment/>
      <link REFID="T1"/>
      <link REFID="T6"/>
      <link REFID="T27"/>
      <link REFID="T30"/>
    </event>
    <event ID="3">
      <action_form>Occupation / Blockade</action_form>
      <location>France</location>
      <date_range>
        <start>2005-09-28</start>
        <end>2005-09-28</end>
      </date_range>
      <actors>
        <actor>Trade union</actor>
      </actors>
      <issues>
        <issue>For labour rights</issue>
      </issues>
      <size>1-9 people</size>
      <comment/>
      <link REFID="T14"/>
    </event>
    <event ID="4">
      <action_form>Demonstration</action_form>
      <location>France</location>
      <date_range>
        <start>2005-09-29</start>
        <end>2005-09-29</end>
      </date_range>
      <actors>
        <actor>Trade union</actor>
        <actor>Occupational group</actor>
      </actors>
      <issues>
        <issue>For labour rights</issue>
      </issues>
      <size/>
      <comment/>
      <link REFID="T18"/>
    </event>
    <event ID="5">
      <action_form>Strike</action_form>
      <location>France</location>
      <date_range>
        <start>2005-09-26</start>
        <end>2005-10-02</end>
      </date_range>
      <actors>
        <actor>Trade union</actor>
        <actor>Occupational group</actor>
      </actors>
      <issues>
        <issue>For labour rights</issue>
      </issues>
      <size/>
      <comment/>
      <link REFID="T22"/>
      <link REFID="T32"/>
      <link REFID="T6"/>
    </event>
    <event ID="6">
      <action_form>Strike</action_form>
      <location>France</location>
      <date_range>
        <start>2005-09-26</start>
        <end>2005-10-02</end>
      </date_range>
      <actors>
        <actor>Trade union</actor>
        <actor>Occupational group</actor>
      </actors>
      <issues>
        <issue>For labour rights</issue>
      </issues>
      <size/>
      <comment/>
      <link REFID="T22"/>
      <link REFID="T32"/>
      <link REFID="T6"/>
    </event>
  </events>
</document>
