<?xml version='1.0' encoding='utf8'?>
<document PUBLICATION_DATE="2003-09-17" DOCID="AFP_ENG_20030917.0289">
  <event_mentions>
    <event_mention ID="T12">
      <anchor>
        <charseq START="2091" END="2099">walkouts</charseq>
      </anchor>
      <event_mention_argument ROLE="Issue" ID="T15">
        <charseq START="2064" END="2079">labour disuptes</charseq>
      </event_mention_argument>
      <event_mention_argument ROLE="Location" ID="T2">
        <charseq START="2120" END="2127">British</charseq>
      </event_mention_argument>
      <event_mention_argument ROLE="Actor" ID="T14">
        <charseq START="2145" END="2150">staff</charseq>
      </event_mention_argument>
      <event_mention_argument ROLE="Actor" ID="T13">
        <charseq START="2103" END="2115">firefighters</charseq>
      </event_mention_argument>
    </event_mention>
  </event_mentions>
  <events>
    <event ID="1">
      <action_form>Strike</action_form>
      <location>United Kingdom</location>
      <date_range>
        <start>2003-08-01</start>
        <end>2003-08-31</end>
        <approximate/>
      </date_range>
      <actors>
        <actor>Occupational group</actor>
      </actors>
      <issues>
        <issue>For labour rights</issue>
      </issues>
      <size/>
      <comment/>
      <link REFID="T12"/>
    </event>
    <event ID="2">
      <action_form>Strike</action_form>
      <location>United Kingdom</location>
      <date_range>
        <start>2003-08-01</start>
        <end>2003-08-31</end>
        <approximate/>
      </date_range>
      <actors>
        <actor>Occupational group</actor>
      </actors>
      <issues>
        <issue>For labour rights</issue>
      </issues>
      <size/>
      <comment/>
      <link REFID="T12"/>
    </event>
  </events>
</document>
