<?xml version='1.0' encoding='utf8'?>
<document PUBLICATION_DATE="2006-09-30" DOCID="AFP_ENG_20060930.0182">
  <event_mentions>
    <event_mention ID="T2">
      <anchor>
        <charseq START="579" END="587">protests</charseq>
      </anchor>
      <event_mention_argument ROLE="Issue" ID="T1">
        <charseq START="563" END="578">anti-government</charseq>
      </event_mention_argument>
    </event_mention>
    <event_mention ID="T3">
      <anchor>
        <charseq START="1298" END="1306">protests</charseq>
      </anchor>
      <event_mention_argument ROLE="Issue" ID="T4">
        <charseq START="1281" END="1296">anti-government</charseq>
      </event_mention_argument>
    </event_mention>
    <event_mention ID="T5">
      <anchor>
        <charseq START="1334" END="1339">riots</charseq>
      </anchor>
      <event_mention_argument ROLE="Date" ID="T6">
        <charseq START="1340" END="1355">early last week</charseq>
      </event_mention_argument>
      <event_mention_argument ROLE="Location" ID="T7">
        <charseq START="1407" END="1414">Hungary</charseq>
      </event_mention_argument>
    </event_mention>
    <event_mention ID="T8">
      <anchor>
        <charseq START="3366" END="3380">demonstrations</charseq>
      </anchor>
    </event_mention>
    <event_mention ID="T9">
      <anchor>
        <charseq START="3390" END="3398">violence</charseq>
      </anchor>
    </event_mention>
    <event_mention ID="T10">
      <anchor>
        <charseq START="3563" END="3571">protests</charseq>
      </anchor>
    </event_mention>
    <event_mention ID="T11">
      <anchor>
        <charseq START="3721" END="3732">destruction</charseq>
      </anchor>
    </event_mention>
    <event_mention ID="T12">
      <anchor>
        <charseq START="3812" END="3826">demonstrations</charseq>
      </anchor>
      <event_mention_argument ROLE="Date" ID="T16">
        <charseq START="3935" END="3951">Saturday evening</charseq>
      </event_mention_argument>
      <event_mention_argument ROLE="Date" ID="T19">
        <charseq START="3993" END="4006">Friday  night</charseq>
      </event_mention_argument>
      <event_mention_argument ROLE="Location" ID="T14">
        <charseq START="3843" END="3863">Hungarian parliament</charseq>
      </event_mention_argument>
      <event_mention_argument ROLE="Actor" ID="T18">
        <charseq START="3969" END="3975">people</charseq>
      </event_mention_argument>
      <event_mention_argument ROLE="Size" ID="T15">
        <charseq START="3922" END="3928">20,000</charseq>
      </event_mention_argument>
      <event_mention_argument ROLE="Size" ID="T17">
        <charseq START="3963" END="3968">2,500</charseq>
      </event_mention_argument>
    </event_mention>
  </event_mentions>
  <events>
    <event ID="1">
      <action_form>Demonstration</action_form>
      <location>Hungary</location>
      <date_range>
        <start>2006-09-24</start>
        <end>2006-09-24</end>
      </date_range>
      <actors>
        <actor>Extreme-right supporters</actor>
      </actors>
      <issues/>
      <size>10,000 or more people</size>
      <comment/>
      <link REFID="T2"/>
      <link REFID="T3"/>
      <link REFID="T8"/>
      <link REFID="T10"/>
      <link REFID="T12"/>
    </event>
    <event ID="2">
      <action_form>Political violence</action_form>
      <location>Hungary</location>
      <date_range>
        <start>2006-09-25</start>
        <end>2006-09-27</end>
        <approximate/>
      </date_range>
      <actors>
        <actor>Extreme-right supporters</actor>
      </actors>
      <issues/>
      <size/>
      <comment/>
      <link REFID="T5"/>
      <link REFID="T2"/>
      <link REFID="T3"/>
      <link REFID="T9"/>
      <link REFID="T10"/>
      <link REFID="T11"/>
    </event>
    <event ID="3">
      <action_form>Demonstration</action_form>
      <location>Hungary</location>
      <date_range>
        <start>2006-09-29</start>
        <end>2006-09-29</end>
      </date_range>
      <actors>
        <actor>Extreme-right supporters</actor>
      </actors>
      <issues/>
      <size>1,000-9,999 people</size>
      <comment/>
      <link REFID="T12"/>
      <link REFID="T3"/>
      <link REFID="T8"/>
      <link REFID="T2"/>
      <link REFID="T10"/>
    </event>
  </events>
</document>
