<?xml version='1.0' encoding='utf8'?>
<document PUBLICATION_DATE="2003-04-04" DOCID="AFP_ENG_20030404.0761">
  <event_mentions>
    <event_mention ID="T1">
      <anchor>
        <charseq START="20" END="27">contest</charseq>
      </anchor>
      <event_mention_argument ROLE="Issue" ID="T4">
        <charseq START="32" END="49">anti-violence law</charseq>
      </event_mention_argument>
      <event_mention_argument ROLE="Actor" ID="T3">
        <charseq START="13" END="19">tifosi</charseq>
      </event_mention_argument>
      <event_mention_argument ROLE="Size" ID="T2">
        <charseq START="0" END="9">Thousands</charseq>
      </event_mention_argument>
    </event_mention>
    <event_mention ID="T7">
      <anchor>
        <charseq START="109" END="117">gathered</charseq>
      </anchor>
      <event_mention_argument ROLE="Date" ID="T8">
        <charseq START="123" END="129">Friday</charseq>
      </event_mention_argument>
      <event_mention_argument ROLE="Issue" ID="T9">
        <charseq START="175" END="221">law aimed at curbing football-related violence</charseq>
      </event_mention_argument>
      <event_mention_argument ROLE="Actor" ID="T6">
        <charseq START="104" END="108">fans</charseq>
      </event_mention_argument>
      <event_mention_argument ROLE="Size" ID="T5">
        <charseq START="70" END="86">Several thousand</charseq>
      </event_mention_argument>
    </event_mention>
    <event_mention ID="T11">
      <anchor>
        <charseq START="346" END="353">marched</charseq>
      </anchor>
      <event_mention_argument ROLE="Issue" ID="T13">
        <charseq START="384" END="387">law</charseq>
      </event_mention_argument>
      <event_mention_argument ROLE="Location" ID="T12">
        <charseq START="361" END="368">capital</charseq>
      </event_mention_argument>
      <event_mention_argument ROLE="Actor" ID="T10">
        <charseq START="227" END="231">fans</charseq>
      </event_mention_argument>
    </event_mention>
    <event_mention ID="T14">
      <anchor>
        <charseq START="447" END="454">protest</charseq>
      </anchor>
      <event_mention_argument ROLE="Issue" ID="T16">
        <charseq START="484" END="490">Celere</charseq>
      </event_mention_argument>
      <event_mention_argument ROLE="Location" ID="T15">
        <charseq START="498" END="505">Italian</charseq>
      </event_mention_argument>
    </event_mention>
  </event_mentions>
  <events>
    <event ID="1">
      <action_form>Demonstration</action_form>
      <location>Italy</location>
      <date_range>
        <start>2003-04-04</start>
        <end>2003-04-04</end>
      </date_range>
      <actors/>
      <issues>
        <issue>Against police power</issue>
      </issues>
      <size>1,000-9,999 people</size>
      <comment/>
      <link REFID="T1"/>
      <link REFID="T7"/>
      <link REFID="T11"/>
      <link REFID="T14"/>
    </event>
  </events>
</document>
