<?xml version='1.0' encoding='utf8'?>
<document PUBLICATION_DATE="2005-09-15" DOCID="AFP_ENG_20050915.0225">
  <event_mentions>
    <event_mention ID="T2">
      <anchor>
        <charseq START="131" END="137">letter</charseq>
      </anchor>
      <event_mention_argument ROLE="Issue" ID="T4">
        <charseq START="222" END="269">pull troops out of Iraq by the end  of the year</charseq>
      </event_mention_argument>
      <event_mention_argument ROLE="Location" ID="T6">
        <charseq START="173" END="180">British</charseq>
      </event_mention_argument>
      <event_mention_argument ROLE="Actor" ID="T5">
        <charseq START="158" END="169">celebrities</charseq>
      </event_mention_argument>
      <event_mention_argument ROLE="Actor" ID="T1">
        <charseq START="90" END="97">actress</charseq>
      </event_mention_argument>
      <event_mention_argument ROLE="Size" ID="T3">
        <charseq START="148" END="151">100</charseq>
      </event_mention_argument>
    </event_mention>
    <event_mention ID="T9">
      <anchor>
        <charseq START="15" END="19">urge</charseq>
      </anchor>
      <event_mention_argument ROLE="Issue" ID="T10">
        <charseq START="26" END="69">to withdraw troops from Iraq by year's  end</charseq>
      </event_mention_argument>
      <event_mention_argument ROLE="Location" ID="T7">
        <charseq START="0" END="7">British</charseq>
      </event_mention_argument>
      <event_mention_argument ROLE="Actor" ID="T8">
        <charseq START="8" END="14">celebs</charseq>
      </event_mention_argument>
    </event_mention>
    <event_mention ID="T11">
      <anchor>
        <charseq START="275" END="281">letter</charseq>
      </anchor>
    </event_mention>
    <event_mention ID="T12">
      <anchor>
        <charseq START="424" END="430">letter</charseq>
      </anchor>
      <event_mention_argument ROLE="Location" ID="T13">
        <charseq START="447" END="454">British</charseq>
      </event_mention_argument>
    </event_mention>
    <event_mention ID="T14">
      <anchor>
        <charseq START="577" END="583">letter</charseq>
      </anchor>
      <event_mention_argument ROLE="Issue" ID="T16">
        <charseq START="713" END="812">to end this carnage by announcing that British troops will be  brought home by the end of this year</charseq>
      </event_mention_argument>
      <event_mention_argument ROLE="Location" ID="T15">
        <charseq START="752" END="759">British</charseq>
      </event_mention_argument>
    </event_mention>
  </event_mentions>
  <events>
    <event ID="1">
      <action_form>Petition</action_form>
      <location>United Kingdom</location>
      <date_range>
        <start>2005-09-15</start>
        <end>2005-09-15</end>
        <approximate/>
      </date_range>
      <actors>
        <actor>Intellectuals</actor>
      </actors>
      <issues>
        <issue>For peace</issue>
      </issues>
      <size>100-999 people</size>
      <comment/>
      <link REFID="T2"/>
      <link REFID="T9"/>
      <link REFID="T11"/>
      <link REFID="T12"/>
      <link REFID="T14"/>
    </event>
  </events>
</document>
