<?xml version='1.0' encoding='utf8'?>
<document PUBLICATION_DATE="2003-03-28" DOCID="AFP_ENG_20030328.0254">
  <event_mentions>
    <event_mention ID="T1">
      <anchor>
        <charseq START="18" END="23">lands</charseq>
      </anchor>
      <event_mention_argument ROLE="Issue" ID="T2">
        <charseq START="0" END="8">Anti-war</charseq>
      </event_mention_argument>
      <event_mention_argument ROLE="Location" ID="T3">
        <charseq START="38" END="55">St Peter's Square</charseq>
      </event_mention_argument>
    </event_mention>
    <event_mention ID="T7">
      <anchor>
        <charseq START="177" END="184">swooped</charseq>
      </anchor>
      <event_mention_argument ROLE="Date" ID="T5">
        <charseq START="138" END="150">early Friday</charseq>
      </event_mention_argument>
      <event_mention_argument ROLE="Issue" ID="T9">
        <charseq START="100" END="108">pacifist</charseq>
      </event_mention_argument>
      <event_mention_argument ROLE="Location" ID="T6">
        <charseq START="194" END="201">Vatican</charseq>
      </event_mention_argument>
      <event_mention_argument ROLE="Actor" ID="T4">
        <charseq START="91" END="99">Austrian</charseq>
      </event_mention_argument>
    </event_mention>
    <event_mention ID="T8">
      <anchor>
        <charseq START="416" END="421">stunt</charseq>
      </anchor>
      <event_mention_argument ROLE="Location" ID="T12">
        <charseq START="442" END="446">Rome</charseq>
      </event_mention_argument>
      <event_mention_argument ROLE="Actor" ID="T10">
        <charseq START="376" END="385">Austrians</charseq>
      </event_mention_argument>
      <event_mention_argument ROLE="Size" ID="T11">
        <charseq START="366" END="369">Six</charseq>
      </event_mention_argument>
    </event_mention>
    <event_mention ID="T13">
      <anchor>
        <charseq START="560" END="566">landed</charseq>
      </anchor>
      <event_mention_argument ROLE="Date" ID="T14">
        <charseq START="581" END="595">around 6:45 am</charseq>
      </event_mention_argument>
    </event_mention>
    <event_mention ID="T15">
      <anchor>
        <charseq START="669" END="674">taken</charseq>
      </anchor>
      <event_mention_argument ROLE="Location" ID="T16">
        <charseq START="723" END="737">Villa Pamphili</charseq>
      </event_mention_argument>
    </event_mention>
  </event_mentions>
  <events>
    <event ID="1">
      <action_form>Confrontational non-violent action</action_form>
      <location>Italy</location>
      <date_range>
        <start>2003-03-28</start>
        <end>2003-03-28</end>
      </date_range>
      <actors>
        <actor>Left-libertarians</actor>
      </actors>
      <issues>
        <issue>For peace</issue>
      </issues>
      <size>1-9 people</size>
      <comment/>
      <link REFID="T1"/>
      <link REFID="T7"/>
      <link REFID="T8"/>
      <link REFID="T13"/>
      <link REFID="T15"/>
    </event>
  </events>
</document>
