<?xml version='1.0' encoding='utf8'?>
<document PUBLICATION_DATE="2003-10-20" DOCID="AFP_ENG_20031020.0211">
  <event_mentions>
    <event_mention ID="T2">
      <anchor>
        <charseq START="20" END="26">strike</charseq>
      </anchor>
      <event_mention_argument ROLE="Issue" ID="T4">
        <charseq START="27" END="43">over price hikes</charseq>
      </event_mention_argument>
      <event_mention_argument ROLE="Location" ID="T1">
        <charseq START="0" END="6">French</charseq>
      </event_mention_argument>
      <event_mention_argument ROLE="Actor" ID="T3">
        <charseq START="7" END="19">tobacconists</charseq>
      </event_mention_argument>
    </event_mention>
    <event_mention ID="T5">
      <anchor>
        <charseq START="147" END="153">strike</charseq>
      </anchor>
      <event_mention_argument ROLE="Date" ID="T6">
        <charseq START="154" END="160">Monday</charseq>
      </event_mention_argument>
      <event_mention_argument ROLE="Issue" ID="T10">
        <charseq START="180" END="193">tax increases</charseq>
      </event_mention_argument>
      <event_mention_argument ROLE="Location" ID="T7">
        <charseq START="82" END="88">France</charseq>
      </event_mention_argument>
      <event_mention_argument ROLE="Actor" ID="T8">
        <charseq START="98" END="110">tobacconists</charseq>
      </event_mention_argument>
      <event_mention_argument ROLE="Size" ID="T9">
        <charseq START="91" END="97">34,000</charseq>
      </event_mention_argument>
    </event_mention>
    <event_mention ID="T11">
      <anchor>
        <charseq START="319" END="325">closed</charseq>
      </anchor>
    </event_mention>
    <event_mention ID="T12">
      <anchor>
        <charseq START="345" END="359">demonstrations</charseq>
      </anchor>
      <event_mention_argument ROLE="Date" ID="T13">
        <charseq START="334" END="337">day</charseq>
      </event_mention_argument>
      <event_mention_argument ROLE="Location" ID="T14">
        <charseq START="384" END="391">country</charseq>
      </event_mention_argument>
    </event_mention>
    <event_mention ID="T15">
      <anchor>
        <charseq START="423" END="430">blocked</charseq>
      </anchor>
      <event_mention_argument ROLE="Location" ID="T16">
        <charseq START="456" END="462">Lognes</charseq>
      </event_mention_argument>
      <event_mention_argument ROLE="Location" ID="T17">
        <charseq START="501" END="507">Calais</charseq>
      </event_mention_argument>
      <event_mention_argument ROLE="Location" ID="T18">
        <charseq START="512" END="518">Amiens</charseq>
      </event_mention_argument>
      <event_mention_argument ROLE="Actor" ID="T19">
        <charseq START="412" END="422">protesters</charseq>
      </event_mention_argument>
    </event_mention>
  </event_mentions>
  <events>
    <event ID="1">
      <action_form>Strike</action_form>
      <location>France</location>
      <date_range>
        <start>2003-10-13</start>
        <end>2003-10-13</end>
      </date_range>
      <actors>
        <actor>Occupational group</actor>
      </actors>
      <issues>
        <issue>Economic protection &amp; regulation</issue>
      </issues>
      <size>10,000 or more people</size>
      <comment/>
      <link REFID="T2"/>
      <link REFID="T5"/>
      <link REFID="T11"/>
      <link REFID="T12"/>
      <link REFID="T15"/>
    </event>
    <event ID="2">
      <action_form>Demonstration</action_form>
      <location>France</location>
      <date_range>
        <start>2003-10-13</start>
        <end>2003-10-13</end>
      </date_range>
      <actors>
        <actor>Occupational group</actor>
      </actors>
      <issues>
        <issue>Economic protection &amp; regulation</issue>
      </issues>
      <size/>
      <comment/>
      <link REFID="T12"/>
    </event>
    <event ID="3">
      <action_form>Occupation / Blockade</action_form>
      <location>France</location>
      <date_range>
        <start>2003-10-13</start>
        <end>2003-10-13</end>
      </date_range>
      <actors>
        <actor>Occupational group</actor>
      </actors>
      <issues>
        <issue>Economic protection &amp; regulation</issue>
      </issues>
      <size/>
      <comment/>
      <link REFID="T15"/>
    </event>
    <event ID="4">
      <action_form>Occupation / Blockade</action_form>
      <location>France</location>
      <date_range>
        <start>2003-10-13</start>
        <end>2003-10-13</end>
      </date_range>
      <actors>
        <actor>Occupational group</actor>
      </actors>
      <issues>
        <issue>Economic protection &amp; regulation</issue>
      </issues>
      <size/>
      <comment/>
      <link REFID="T15"/>
    </event>
    <event ID="5">
      <action_form>Occupation / Blockade</action_form>
      <location>France</location>
      <date_range>
        <start>2003-10-13</start>
        <end>2003-10-13</end>
      </date_range>
      <actors>
        <actor>Occupational group</actor>
      </actors>
      <issues>
        <issue>Economic protection &amp; regulation</issue>
      </issues>
      <size/>
      <comment/>
      <link REFID="T15"/>
    </event>
  </events>
</document>
