<?xml version='1.0' encoding='utf8'?>
<document PUBLICATION_DATE="2006-09-20" DOCID="AFP_ENG_20060920.0245">
  <event_mentions>
    <event_mention ID="T1">
      <anchor>
        <charseq START="139" END="146">clashed</charseq>
      </anchor>
      <event_mention_argument ROLE="Actor" ID="T2">
        <charseq START="179" END="189">protestors</charseq>
      </event_mention_argument>
    </event_mention>
    <event_mention ID="T5">
      <anchor>
        <charseq START="235" END="248">demonstration</charseq>
      </anchor>
      <event_mention_argument ROLE="Date" ID="T4">
        <charseq START="202" END="216">early Thursday</charseq>
      </event_mention_argument>
      <event_mention_argument ROLE="Issue" ID="T8">
        <charseq START="271" END="334">calling for the  resignation of Prime Minister Ferenc Gyurcsany</charseq>
      </event_mention_argument>
      <event_mention_argument ROLE="Location" ID="T3">
        <charseq START="193" END="201">Budapest</charseq>
      </event_mention_argument>
      <event_mention_argument ROLE="Actor" ID="T7">
        <charseq START="264" END="270">people</charseq>
      </event_mention_argument>
      <event_mention_argument ROLE="Size" ID="T6">
        <charseq START="252" END="263">some 10,000</charseq>
      </event_mention_argument>
    </event_mention>
    <event_mention ID="T9">
      <anchor>
        <charseq START="541" END="549">throwing</charseq>
      </anchor>
      <event_mention_argument ROLE="Location" ID="T12">
        <charseq START="395" END="402">capital</charseq>
      </event_mention_argument>
      <event_mention_argument ROLE="Actor" ID="T11">
        <charseq START="456" END="462">people</charseq>
      </event_mention_argument>
      <event_mention_argument ROLE="Size" ID="T10">
        <charseq START="435" END="442">200-300</charseq>
      </event_mention_argument>
    </event_mention>
    <event_mention ID="T13">
      <anchor>
        <charseq START="649" END="654">rally</charseq>
      </anchor>
      <event_mention_argument ROLE="Issue" ID="T14">
        <charseq START="634" END="648">anti-Gyurcsany</charseq>
      </event_mention_argument>
      <event_mention_argument ROLE="Location" ID="T16">
        <charseq START="667" END="681">Kossuth square</charseq>
      </event_mention_argument>
      <event_mention_argument ROLE="Actor" ID="T15">
        <charseq START="613" END="626">demonstrators</charseq>
      </event_mention_argument>
    </event_mention>
    <event_mention ID="T17">
      <anchor>
        <charseq START="1112" END="1120">gathered</charseq>
      </anchor>
      <event_mention_argument ROLE="Date" ID="T20">
        <charseq START="1121" END="1138">Wednesday evening</charseq>
      </event_mention_argument>
      <event_mention_argument ROLE="Issue" ID="T21">
        <charseq START="1195" END="1224">to protest  against Gyurcsany</charseq>
      </event_mention_argument>
      <event_mention_argument ROLE="Actor" ID="T19">
        <charseq START="1094" END="1107">demonstrators</charseq>
      </event_mention_argument>
      <event_mention_argument ROLE="Size" ID="T18">
        <charseq START="1077" END="1093">More than 10,000</charseq>
      </event_mention_argument>
    </event_mention>
    <event_mention ID="T22">
      <anchor>
        <charseq START="1552" END="1566">demonstrations</charseq>
      </anchor>
      <event_mention_argument ROLE="Date" ID="T23">
        <charseq START="1582" END="1588">Monday</charseq>
      </event_mention_argument>
      <event_mention_argument ROLE="Date" ID="T24">
        <charseq START="1593" END="1600">Tuesday</charseq>
      </event_mention_argument>
    </event_mention>
    <event_mention ID="T25">
      <anchor>
        <charseq START="1857" END="1863">unrest</charseq>
      </anchor>
    </event_mention>
    <event_mention ID="T26">
      <anchor>
        <charseq START="2756" END="2769">demonstration</charseq>
      </anchor>
    </event_mention>
    <event_mention ID="T27">
      <anchor>
        <charseq START="3112" END="3119">chanted</charseq>
      </anchor>
    </event_mention>
    <event_mention ID="T29">
      <anchor>
        <charseq START="3140" END="3145">waved</charseq>
      </anchor>
      <event_mention_argument ROLE="Location" ID="T30">
        <charseq START="3151" END="3160">Hungarian</charseq>
      </event_mention_argument>
      <event_mention_argument ROLE="Actor" ID="T28">
        <charseq START="3133" END="3139">people</charseq>
      </event_mention_argument>
    </event_mention>
    <event_mention ID="T31">
      <anchor>
        <charseq START="3381" END="3387">sacked</charseq>
      </anchor>
      <event_mention_argument ROLE="Date" ID="T32">
        <charseq START="3415" END="3421">Monday</charseq>
      </event_mention_argument>
      <event_mention_argument ROLE="Actor" ID="T33">
        <charseq START="3401" END="3411">protestors</charseq>
      </event_mention_argument>
    </event_mention>
    <event_mention ID="T35">
      <anchor>
        <charseq START="3443" END="3451">protests</charseq>
      </anchor>
      <event_mention_argument ROLE="Location" ID="T34">
        <charseq START="3459" END="3466">Hungary</charseq>
      </event_mention_argument>
    </event_mention>
    <event_mention ID="T36">
      <anchor>
        <charseq START="17" END="22">clash</charseq>
      </anchor>
      <event_mention_argument ROLE="Actor" ID="T38">
        <charseq START="28" END="38">extremists</charseq>
      </event_mention_argument>
    </event_mention>
    <event_mention ID="T37">
      <anchor>
        <charseq START="55" END="68">demonstration</charseq>
      </anchor>
      <event_mention_argument ROLE="Location" ID="T39">
        <charseq START="0" END="9">Hungarian</charseq>
      </event_mention_argument>
    </event_mention>
  </event_mentions>
  <events>
    <event ID="1">
      <action_form>Political violence</action_form>
      <location>Hungary</location>
      <date_range>
        <start>2006-09-21</start>
        <end>2006-09-21</end>
      </date_range>
      <actors>
        <actor>Extreme-right supporters</actor>
      </actors>
      <issues/>
      <size>100-999 people</size>
      <comment/>
      <link REFID="T1"/>
      <link REFID="T9"/>
      <link REFID="T35"/>
      <link REFID="T36"/>
    </event>
    <event ID="2">
      <action_form>Demonstration</action_form>
      <location>Hungary</location>
      <date_range>
        <start>2006-09-18</start>
        <end>2006-09-21</end>
      </date_range>
      <actors/>
      <issues/>
      <size>10,000 or more people</size>
      <comment/>
      <link REFID="T5"/>
      <link REFID="T13"/>
      <link REFID="T17"/>
      <link REFID="T26"/>
      <link REFID="T27"/>
      <link REFID="T29"/>
      <link REFID="T35"/>
      <link REFID="T37"/>
    </event>
    <event ID="3">
      <action_form>Political violence</action_form>
      <location>Hungary</location>
      <date_range>
        <start>2006-09-18</start>
        <end>2006-09-18</end>
      </date_range>
      <actors/>
      <issues/>
      <size/>
      <comment/>
      <link REFID="T22"/>
      <link REFID="T25"/>
      <link REFID="T35"/>
    </event>
    <event ID="4">
      <action_form>Political violence</action_form>
      <location>Hungary</location>
      <date_range>
        <start>2006-09-19</start>
        <end>2006-09-19</end>
      </date_range>
      <actors/>
      <issues/>
      <size/>
      <comment/>
      <link REFID="T22"/>
      <link REFID="T25"/>
      <link REFID="T35"/>
    </event>
    <event ID="5">
      <action_form>Occupation / Blockade</action_form>
      <location>Hungary</location>
      <date_range>
        <start>2006-09-18</start>
        <end>2006-09-18</end>
      </date_range>
      <actors/>
      <issues/>
      <size/>
      <comment/>
      <link REFID="T31"/>
      <link REFID="T35"/>
    </event>
  </events>
</document>
