<?xml version='1.0' encoding='utf8'?>
<document PUBLICATION_DATE="2002-03-30" DOCID="AFP_ENG_20020330.0367">
  <event_mentions>
    <event_mention ID="T12">
      <anchor>
        <charseq START="415" END="427">demonstrated</charseq>
      </anchor>
      <event_mention_argument ROLE="Issue" ID="T11">
        <charseq START="449" END="506">the "logic of war" of Israeli Prime Minister Ariel Sharon</charseq>
      </event_mention_argument>
      <event_mention_argument ROLE="Location" ID="T8">
        <charseq START="389" END="394">Paris</charseq>
      </event_mention_argument>
      <event_mention_argument ROLE="Actor" ID="T10">
        <charseq START="408" END="414">people</charseq>
      </event_mention_argument>
      <event_mention_argument ROLE="Size" ID="T9">
        <charseq START="395" END="407">around 1,000</charseq>
      </event_mention_argument>
    </event_mention>
    <event_mention ID="T17">
      <anchor>
        <charseq START="602" END="615">demonstration</charseq>
      </anchor>
      <event_mention_argument ROLE="Issue" ID="T16">
        <charseq START="586" END="601">pro-Palestinian</charseq>
      </event_mention_argument>
      <event_mention_argument ROLE="Location" ID="T13">
        <charseq START="511" END="515">Lyon</charseq>
      </event_mention_argument>
      <event_mention_argument ROLE="Actor" ID="T15">
        <charseq START="564" END="570">people</charseq>
      </event_mention_argument>
      <event_mention_argument ROLE="Size" ID="T14">
        <charseq START="551" END="563">around 5,500</charseq>
      </event_mention_argument>
    </event_mention>
    <event_mention ID="T21">
      <anchor>
        <charseq START="639" END="646">marched</charseq>
      </anchor>
      <event_mention_argument ROLE="Actor" ID="T20">
        <charseq START="628" END="638">protesters</charseq>
      </event_mention_argument>
      <event_mention_argument ROLE="Size" ID="T19">
        <charseq START="617" END="627">Around 200</charseq>
      </event_mention_argument>
    </event_mention>
    <event_mention ID="T22">
      <anchor>
        <charseq START="741" END="747">raided</charseq>
      </anchor>
      <event_mention_argument ROLE="Location" ID="T18">
        <charseq START="684" END="693">Stockholm</charseq>
      </event_mention_argument>
      <event_mention_argument ROLE="Actor" ID="T24">
        <charseq START="731" END="740">activists</charseq>
      </event_mention_argument>
      <event_mention_argument ROLE="Size" ID="T23">
        <charseq START="701" END="710">a handful</charseq>
      </event_mention_argument>
    </event_mention>
    <event_mention ID="T28">
      <anchor>
        <charseq START="894" END="907">demonstration</charseq>
      </anchor>
      <event_mention_argument ROLE="Issue" ID="T29">
        <charseq START="929" END="955">a boycott on Israeli goods</charseq>
      </event_mention_argument>
      <event_mention_argument ROLE="Location" ID="T25">
        <charseq START="911" END="915">Oslo</charseq>
      </event_mention_argument>
      <event_mention_argument ROLE="Actor" ID="T27">
        <charseq START="829" END="835">people</charseq>
      </event_mention_argument>
      <event_mention_argument ROLE="Size" ID="T26">
        <charseq START="818" END="828">Around 150</charseq>
      </event_mention_argument>
    </event_mention>
    <event_mention ID="T34">
      <anchor>
        <charseq START="1037" END="1042">rally</charseq>
      </anchor>
      <event_mention_argument ROLE="Issue" ID="T33">
        <charseq START="1020" END="1036">pro- Palestinian</charseq>
      </event_mention_argument>
      <event_mention_argument ROLE="Location" ID="T30">
        <charseq START="979" END="985">Berlin</charseq>
      </event_mention_argument>
      <event_mention_argument ROLE="Actor" ID="T32">
        <charseq START="998" END="1004">people</charseq>
      </event_mention_argument>
      <event_mention_argument ROLE="Size" ID="T31">
        <charseq START="987" END="997">around 800</charseq>
      </event_mention_argument>
    </event_mention>
    <event_mention ID="T38">
      <anchor>
        <charseq START="1335" END="1342">protest</charseq>
      </anchor>
      <event_mention_argument ROLE="Location" ID="T35">
        <charseq START="1204" END="1214">Strasbourg</charseq>
      </event_mention_argument>
      <event_mention_argument ROLE="Actor" ID="T39">
        <charseq START="1357" END="1380">Party of French Muslims</charseq>
      </event_mention_argument>
      <event_mention_argument ROLE="Actor" ID="T37">
        <charseq START="1258" END="1264">people</charseq>
      </event_mention_argument>
      <event_mention_argument ROLE="Size" ID="T36">
        <charseq START="1234" END="1257">between 2,000 and 3,000</charseq>
      </event_mention_argument>
    </event_mention>
    <event_mention ID="T42">
      <anchor>
        <charseq START="1817" END="1829">demonstrated</charseq>
      </anchor>
      <event_mention_argument ROLE="Issue" ID="T44">
        <charseq START="1843" END="1894">"respect for the rights of the Palestinian people."</charseq>
      </event_mention_argument>
      <event_mention_argument ROLE="Location" ID="T40">
        <charseq START="1727" END="1736">Marseille</charseq>
      </event_mention_argument>
      <event_mention_argument ROLE="Actor" ID="T43">
        <charseq START="1810" END="1816">people</charseq>
      </event_mention_argument>
      <event_mention_argument ROLE="Size" ID="T41">
        <charseq START="1797" END="1809">around 1,600</charseq>
      </event_mention_argument>
    </event_mention>
    <event_mention ID="T45">
      <anchor>
        <charseq START="1607" END="1612">march</charseq>
      </anchor>
      <event_mention_argument ROLE="Issue" ID="T46">
        <charseq START="1684" END="1701">Israel's policies</charseq>
      </event_mention_argument>
      <event_mention_argument ROLE="Actor" ID="T47">
        <charseq START="1557" END="1567">Organizers</charseq>
      </event_mention_argument>
    </event_mention>
    <event_mention ID="T48">
      <anchor>
        <charseq START="1977" END="1984">marches</charseq>
      </anchor>
      <event_mention_argument ROLE="Issue" ID="T55">
        <charseq START="2097" END="2113">pro- Palestinian</charseq>
      </event_mention_argument>
      <event_mention_argument ROLE="Location" ID="T49">
        <charseq START="1988" END="1995">Hanover</charseq>
      </event_mention_argument>
      <event_mention_argument ROLE="Location" ID="T50">
        <charseq START="1997" END="2003">Munich</charseq>
      </event_mention_argument>
      <event_mention_argument ROLE="Location" ID="T51">
        <charseq START="2005" END="2016">Duesseldorf</charseq>
      </event_mention_argument>
      <event_mention_argument ROLE="Location" ID="T52">
        <charseq START="2021" END="2030">Stuttgart</charseq>
      </event_mention_argument>
      <event_mention_argument ROLE="Actor" ID="T54">
        <charseq START="2059" END="2069">protesters</charseq>
      </event_mention_argument>
      <event_mention_argument ROLE="Size" ID="T53">
        <charseq START="2037" END="2058">between 250 and 1,000</charseq>
      </event_mention_argument>
    </event_mention>
    <event_mention ID="T58">
      <anchor>
        <charseq START="2176" END="2189">demonstration</charseq>
      </anchor>
      <event_mention_argument ROLE="Issue" ID="T57">
        <charseq START="2160" END="2175">pro-Palestinian</charseq>
      </event_mention_argument>
      <event_mention_argument ROLE="Location" ID="T56">
        <charseq START="2126" END="2134">Bordeaux</charseq>
      </event_mention_argument>
      <event_mention_argument ROLE="Actor" ID="T60">
        <charseq START="2204" END="2210">people</charseq>
      </event_mention_argument>
      <event_mention_argument ROLE="Size" ID="T59">
        <charseq START="2193" END="2203">around 300</charseq>
      </event_mention_argument>
    </event_mention>
    <event_mention ID="T62">
      <anchor>
        <charseq START="2256" END="2264">protests</charseq>
      </anchor>
      <event_mention_argument ROLE="Location" ID="T61">
        <charseq START="2317" END="2325">Toulouse</charseq>
      </event_mention_argument>
      <event_mention_argument ROLE="Location" ID="T65">
        <charseq START="2361" END="2367">Rennes</charseq>
      </event_mention_argument>
      <event_mention_argument ROLE="Size" ID="T63">
        <charseq START="2269" END="2272">600</charseq>
      </event_mention_argument>
      <event_mention_argument ROLE="Size" ID="T64">
        <charseq START="2330" END="2340">around 250</charseq>
      </event_mention_argument>
    </event_mention>
    <event_mention ID="T70">
      <anchor>
        <charseq START="2417" END="2424">marched</charseq>
      </anchor>
      <event_mention_argument ROLE="Issue" ID="T69">
        <charseq START="2448" END="2464">Israeli policies</charseq>
      </event_mention_argument>
      <event_mention_argument ROLE="Location" ID="T66">
        <charseq START="2372" END="2377">Lille</charseq>
      </event_mention_argument>
      <event_mention_argument ROLE="Actor" ID="T68">
        <charseq START="2410" END="2416">people</charseq>
      </event_mention_argument>
      <event_mention_argument ROLE="Size" ID="T67">
        <charseq START="2404" END="2409">3,000</charseq>
      </event_mention_argument>
    </event_mention>
    <event_mention ID="T74">
      <anchor>
        <charseq START="2576" END="2588">demonstrated</charseq>
      </anchor>
      <event_mention_argument ROLE="Issue" ID="T75">
        <charseq START="2640" END="2682">withdrawal of Israeli forces from Ramallah</charseq>
      </event_mention_argument>
      <event_mention_argument ROLE="Location" ID="T71">
        <charseq START="2531" END="2537">Athens</charseq>
      </event_mention_argument>
      <event_mention_argument ROLE="Actor" ID="T73">
        <charseq START="2554" END="2561">members</charseq>
      </event_mention_argument>
      <event_mention_argument ROLE="Size" ID="T72">
        <charseq START="2546" END="2553">a dozen</charseq>
      </event_mention_argument>
    </event_mention>
    <event_mention ID="T78">
      <anchor>
        <charseq START="3054" END="3061">bombing</charseq>
      </anchor>
      <event_mention_argument ROLE="Date" ID="T76">
        <charseq START="3083" END="3092">Wednesday</charseq>
      </event_mention_argument>
      <event_mention_argument ROLE="Location" ID="T77">
        <charseq START="3038" END="3045">Netanya</charseq>
      </event_mention_argument>
    </event_mention>
    <event_mention ID="T79">
      <anchor>
        <charseq START="16" END="24">protests</charseq>
      </anchor>
      <event_mention_argument ROLE="Issue" ID="T80">
        <charseq START="0" END="15">Pro-Palestinian</charseq>
      </event_mention_argument>
      <event_mention_argument ROLE="Location" ID="T81">
        <charseq START="37" END="43">cities</charseq>
      </event_mention_argument>
    </event_mention>
    <event_mention ID="T82">
      <anchor>
        <charseq START="165" END="172">marched</charseq>
      </anchor>
      <event_mention_argument ROLE="Date" ID="T6">
        <charseq START="298" END="306">Saturday</charseq>
      </event_mention_argument>
      <event_mention_argument ROLE="Issue" ID="T7">
        <charseq START="191" END="249">Palestinian people and their besieged leader Yasser Arafat</charseq>
      </event_mention_argument>
      <event_mention_argument ROLE="Location" ID="T3">
        <charseq START="253" END="259">France</charseq>
      </event_mention_argument>
      <event_mention_argument ROLE="Location" ID="T4">
        <charseq START="261" END="268">Germany</charseq>
      </event_mention_argument>
      <event_mention_argument ROLE="Location" ID="T5">
        <charseq START="279" END="297">European countries</charseq>
      </event_mention_argument>
      <event_mention_argument ROLE="Actor" ID="T2">
        <charseq START="158" END="164">people</charseq>
      </event_mention_argument>
      <event_mention_argument ROLE="Size" ID="T1">
        <charseq START="145" END="154">Thousands</charseq>
      </event_mention_argument>
    </event_mention>
  </event_mentions>
  <events>
    <event ID="1">
      <action_form>Demonstration</action_form>
      <location>France</location>
      <date_range>
        <start>2002-03-30</start>
        <end>2002-03-30</end>
      </date_range>
      <actors/>
      <issues>
        <issue>International cooperation</issue>
      </issues>
      <size>100-999 people</size>
      <comment/>
      <link REFID="T12"/>
      <link REFID="T79"/>
      <link REFID="T82"/>
    </event>
    <event ID="2">
      <action_form>Demonstration</action_form>
      <location>France</location>
      <date_range>
        <start>2002-03-30</start>
        <end>2002-03-30</end>
      </date_range>
      <actors/>
      <issues>
        <issue>International cooperation</issue>
      </issues>
      <size>1,000-9,999 people</size>
      <comment/>
      <link REFID="T17"/>
      <link REFID="T79"/>
      <link REFID="T82"/>
    </event>
    <event ID="3">
      <action_form>Demonstration</action_form>
      <location>Sweden</location>
      <date_range>
        <start>2002-03-30</start>
        <end>2002-03-30</end>
      </date_range>
      <actors/>
      <issues>
        <issue>International cooperation</issue>
      </issues>
      <size>100-999 people</size>
      <comment/>
      <link REFID="T21"/>
      <link REFID="T79"/>
      <link REFID="T82"/>
    </event>
    <event ID="4">
      <action_form>Political violence</action_form>
      <location>Sweden</location>
      <date_range>
        <start>2002-03-30</start>
        <end>2002-03-30</end>
      </date_range>
      <actors>
        <actor>Left-libertarians</actor>
      </actors>
      <issues>
        <issue>International cooperation</issue>
      </issues>
      <size>1-9 people</size>
      <comment/>
      <link REFID="T22"/>
      <link REFID="T79"/>
      <link REFID="T82"/>
    </event>
    <event ID="5">
      <action_form>Demonstration</action_form>
      <location>Norway</location>
      <date_range>
        <start>2002-03-30</start>
        <end>2002-03-30</end>
      </date_range>
      <actors/>
      <issues>
        <issue>International cooperation</issue>
      </issues>
      <size>100-999 people</size>
      <comment/>
      <link REFID="T28"/>
      <link REFID="T79"/>
      <link REFID="T82"/>
    </event>
    <event ID="6">
      <action_form>Demonstration</action_form>
      <location>Germany</location>
      <date_range>
        <start>2002-03-30</start>
        <end>2002-03-30</end>
      </date_range>
      <actors/>
      <issues>
        <issue>International cooperation</issue>
      </issues>
      <size>100-999 people</size>
      <comment/>
      <link REFID="T34"/>
      <link REFID="T79"/>
      <link REFID="T82"/>
    </event>
    <event ID="7">
      <action_form>Demonstration</action_form>
      <location>France</location>
      <date_range>
        <start>2002-03-30</start>
        <end>2002-03-30</end>
      </date_range>
      <actors>
        <actor>Political party</actor>
      </actors>
      <issues>
        <issue>International cooperation</issue>
      </issues>
      <size>1,000-9,999 people</size>
      <comment/>
      <link REFID="T38"/>
      <link REFID="T45"/>
      <link REFID="T79"/>
      <link REFID="T82"/>
    </event>
    <event ID="8">
      <action_form>Demonstration</action_form>
      <location>France</location>
      <date_range>
        <start>2002-03-30</start>
        <end>2002-03-30</end>
      </date_range>
      <actors/>
      <issues>
        <issue>International cooperation</issue>
      </issues>
      <size>1,000-9,999 people</size>
      <comment/>
      <link REFID="T42"/>
      <link REFID="T79"/>
      <link REFID="T82"/>
    </event>
    <event ID="9">
      <action_form>Demonstration</action_form>
      <location>Germany</location>
      <date_range>
        <start>2002-03-30</start>
        <end>2002-03-30</end>
      </date_range>
      <actors/>
      <issues>
        <issue>International cooperation</issue>
      </issues>
      <size>100-999 people</size>
      <comment/>
      <link REFID="T48"/>
      <link REFID="T79"/>
      <link REFID="T82"/>
    </event>
    <event ID="10">
      <action_form>Demonstration</action_form>
      <location>Germany</location>
      <date_range>
        <start>2002-03-30</start>
        <end>2002-03-30</end>
      </date_range>
      <actors/>
      <issues>
        <issue>International cooperation</issue>
      </issues>
      <size>100-999 people</size>
      <comment/>
      <link REFID="T48"/>
      <link REFID="T79"/>
      <link REFID="T82"/>
    </event>
    <event ID="11">
      <action_form>Demonstration</action_form>
      <location>Germany</location>
      <date_range>
        <start>2002-03-30</start>
        <end>2002-03-30</end>
      </date_range>
      <actors/>
      <issues>
        <issue>International cooperation</issue>
      </issues>
      <size>100-999 people</size>
      <comment/>
      <link REFID="T48"/>
    </event>
    <event ID="12">
      <action_form>Demonstration</action_form>
      <location>Germany</location>
      <date_range>
        <start>2002-03-30</start>
        <end>2002-03-30</end>
      </date_range>
      <actors/>
      <issues>
        <issue>International cooperation</issue>
      </issues>
      <size>100-999 people</size>
      <comment/>
      <link REFID="T48"/>
    </event>
    <event ID="13">
      <action_form>Demonstration</action_form>
      <location>France</location>
      <date_range>
        <start>2002-03-30</start>
        <end>2002-03-30</end>
      </date_range>
      <actors/>
      <issues>
        <issue>International cooperation</issue>
      </issues>
      <size>100-999 people</size>
      <comment/>
      <link REFID="T58"/>
    </event>
    <event ID="14">
      <action_form>Demonstration</action_form>
      <location>France</location>
      <date_range>
        <start>2002-03-30</start>
        <end>2002-03-30</end>
      </date_range>
      <actors/>
      <issues>
        <issue>International cooperation</issue>
      </issues>
      <size>100-999 people</size>
      <comment/>
      <link REFID="T62"/>
    </event>
    <event ID="15">
      <action_form>Demonstration</action_form>
      <location>France</location>
      <date_range>
        <start>2002-03-30</start>
        <end>2002-03-30</end>
      </date_range>
      <actors/>
      <issues>
        <issue>International cooperation</issue>
      </issues>
      <size>100-999 people</size>
      <comment/>
      <link REFID="T62"/>
    </event>
    <event ID="16">
      <action_form>Demonstration</action_form>
      <location>France</location>
      <date_range>
        <start>2002-03-30</start>
        <end>2002-03-30</end>
      </date_range>
      <actors/>
      <issues>
        <issue>International cooperation</issue>
      </issues>
      <size>1,000-9,999 people</size>
      <comment/>
      <link REFID="T70"/>
    </event>
    <event ID="17">
      <action_form>Demonstration</action_form>
      <location>Greece</location>
      <date_range>
        <start>2002-03-30</start>
        <end>2002-03-30</end>
      </date_range>
      <actors/>
      <issues>
        <issue>International cooperation</issue>
      </issues>
      <size>10-49 people</size>
      <comment/>
      <link REFID="T74"/>
    </event>
    <event ID="18">
      <action_form>Gruesome violence</action_form>
      <location>Europe</location>
      <date_range>
        <start>2002-03-27</start>
        <end>2002-03-27</end>
      </date_range>
      <actors/>
      <issues/>
      <size/>
      <comment>Israel</comment>
      <link REFID="T78"/>
    </event>
  </events>
</document>
