<?xml version='1.0' encoding='utf8'?>
<document PUBLICATION_DATE="2006-10-02" DOCID="AFP_ENG_20061002.0196">
  <event_mentions>
    <event_mention ID="T1">
      <anchor>
        <charseq START="127" END="134">clashes</charseq>
      </anchor>
      <event_mention_argument ROLE="Location" ID="T4">
        <charseq START="194" END="205">Les Mureaux</charseq>
      </event_mention_argument>
      <event_mention_argument ROLE="Actor" ID="T3">
        <charseq START="150" END="156">youths</charseq>
      </event_mention_argument>
      <event_mention_argument ROLE="Size" ID="T2">
        <charseq START="140" END="146">scores</charseq>
      </event_mention_argument>
    </event_mention>
    <event_mention ID="T5">
      <anchor>
        <charseq START="691" END="697">hurled</charseq>
      </anchor>
    </event_mention>
    <event_mention ID="T6">
      <anchor>
        <charseq START="21" END="26">riots</charseq>
      </anchor>
      <event_mention_argument ROLE="Location" ID="T7">
        <charseq START="42" END="47">Paris</charseq>
      </event_mention_argument>
      <event_mention_argument ROLE="Actor" ID="T8">
        <charseq START="30" END="36">youths</charseq>
      </event_mention_argument>
    </event_mention>
  </event_mentions>
  <events>
    <event ID="1">
      <action_form>Political violence</action_form>
      <location>France</location>
      <date_range>
        <start>2006-10-01</start>
        <end>2006-10-01</end>
      </date_range>
      <actors/>
      <issues/>
      <size>100-999 people</size>
      <comment/>
      <link REFID="T1"/>
      <link REFID="T5"/>
      <link REFID="T6"/>
    </event>
  </events>
</document>
