<?xml version='1.0' encoding='utf8'?>
<document PUBLICATION_DATE="2005-09-11" DOCID="AFP_ENG_20050911.0467">
  <event_mentions>
    <event_mention ID="T1">
      <anchor>
        <charseq START="97" END="104">rioting</charseq>
      </anchor>
      <event_mention_argument ROLE="Date" ID="T6">
        <charseq START="214" END="228">Sunday evening</charseq>
      </event_mention_argument>
      <event_mention_argument ROLE="Issue" ID="T4">
        <charseq START="154" END="197">a decision to change the  route of a parade</charseq>
      </event_mention_argument>
      <event_mention_argument ROLE="Location" ID="T2">
        <charseq START="114" END="121">Belfast</charseq>
      </event_mention_argument>
      <event_mention_argument ROLE="Actor" ID="T3">
        <charseq START="136" END="142">groups</charseq>
      </event_mention_argument>
    </event_mention>
    <event_mention ID="T5">
      <anchor>
        <charseq START="198" END="206">attacked</charseq>
      </anchor>
    </event_mention>
    <event_mention ID="T9">
      <anchor>
        <charseq START="352" END="360">attacked</charseq>
      </anchor>
      <event_mention_argument ROLE="Location" ID="T10">
        <charseq START="428" END="432">city</charseq>
      </event_mention_argument>
      <event_mention_argument ROLE="Actor" ID="T8">
        <charseq START="307" END="318">Protestants</charseq>
      </event_mention_argument>
      <event_mention_argument ROLE="Size" ID="T7">
        <charseq START="293" END="306">More than 700</charseq>
      </event_mention_argument>
    </event_mention>
    <event_mention ID="T11">
      <anchor>
        <charseq START="538" END="545">clashes</charseq>
      </anchor>
      <event_mention_argument ROLE="Location" ID="T13">
        <charseq START="615" END="619">city</charseq>
      </event_mention_argument>
      <event_mention_argument ROLE="Actor" ID="T12">
        <charseq START="565" END="571">youths</charseq>
      </event_mention_argument>
    </event_mention>
    <event_mention ID="T14">
      <anchor>
        <charseq START="511" END="517">ablaze</charseq>
      </anchor>
    </event_mention>
    <event_mention ID="T15">
      <anchor>
        <charseq START="716" END="721">riots</charseq>
      </anchor>
    </event_mention>
    <event_mention ID="T16">
      <anchor>
        <charseq START="6" END="13">clashes</charseq>
      </anchor>
      <event_mention_argument ROLE="Location" ID="T18">
        <charseq START="54" END="61">Belfast</charseq>
      </event_mention_argument>
      <event_mention_argument ROLE="Actor" ID="T17">
        <charseq START="33" END="39">groups</charseq>
      </event_mention_argument>
    </event_mention>
  </event_mentions>
  <events>
    <event ID="1">
      <action_form>Political violence</action_form>
      <location>United Kingdom</location>
      <date_range>
        <start>2005-09-11</start>
        <end>2005-09-11</end>
      </date_range>
      <actors>
        <actor>Religious groups / fundamentalists</actor>
      </actors>
      <issues/>
      <size>100-999 people</size>
      <comment/>
      <link REFID="T1"/>
      <link REFID="T5"/>
      <link REFID="T9"/>
      <link REFID="T11"/>
      <link REFID="T14"/>
      <link REFID="T15"/>
      <link REFID="T16"/>
    </event>
  </events>
</document>
