<?xml version='1.0' encoding='utf8'?>
<document PUBLICATION_DATE="2002-03-06" DOCID="AFP_ENG_20020306.0508">
  <event_mentions>
    <event_mention ID="T1">
      <anchor>
        <charseq START="905" END="913">exploded</charseq>
      </anchor>
      <event_mention_argument ROLE="Date" ID="T12">
        <charseq START="891" END="896">March</charseq>
      </event_mention_argument>
      <event_mention_argument ROLE="Location" ID="T13">
        <charseq START="936" END="942">London</charseq>
      </event_mention_argument>
    </event_mention>
    <event_mention ID="T2">
      <anchor>
        <charseq START="1039" END="1047">exploded</charseq>
      </anchor>
      <event_mention_argument ROLE="Date" ID="T15">
        <charseq START="981" END="987">August</charseq>
      </event_mention_argument>
      <event_mention_argument ROLE="Location" ID="T14">
        <charseq START="1064" END="1070">London</charseq>
      </event_mention_argument>
    </event_mention>
    <event_mention ID="T3">
      <anchor>
        <charseq START="1100" END="1104">went</charseq>
      </anchor>
      <event_mention_argument ROLE="Date" ID="T16">
        <charseq START="1079" END="1087">November</charseq>
      </event_mention_argument>
      <event_mention_argument ROLE="Location" ID="T17">
        <charseq START="1126" END="1136">Birmingham</charseq>
      </event_mention_argument>
    </event_mention>
    <event_mention ID="T4">
      <anchor>
        <charseq START="1293" END="1298">blast</charseq>
      </anchor>
      <event_mention_argument ROLE="Date" ID="T18">
        <charseq START="1236" END="1240">1998</charseq>
      </event_mention_argument>
      <event_mention_argument ROLE="Location" ID="T19">
        <charseq START="1302" END="1307">Omagh</charseq>
      </event_mention_argument>
    </event_mention>
    <event_mention ID="T5">
      <anchor>
        <charseq START="40" END="48">bombings</charseq>
      </anchor>
      <event_mention_argument ROLE="Location" ID="T6">
        <charseq START="0" END="7">British</charseq>
      </event_mention_argument>
    </event_mention>
    <event_mention ID="T7">
      <anchor>
        <charseq START="127" END="134">attacks</charseq>
      </anchor>
      <event_mention_argument ROLE="Location" ID="T8">
        <charseq START="147" END="154">Britain</charseq>
      </event_mention_argument>
    </event_mention>
    <event_mention ID="T9">
      <anchor>
        <charseq START="816" END="823">attacks</charseq>
      </anchor>
      <event_mention_argument ROLE="Location" ID="T10">
        <charseq START="827" END="833">London</charseq>
      </event_mention_argument>
      <event_mention_argument ROLE="Location" ID="T11">
        <charseq START="838" END="848">Birmingham</charseq>
      </event_mention_argument>
    </event_mention>
  </event_mentions>
  <events>
    <event ID="1">
      <action_form>Gruesome violence</action_form>
      <location>United Kingdom</location>
      <date_range>
        <start>2001-03-01</start>
        <end>2001-03-31</end>
        <approximate/>
      </date_range>
      <actors/>
      <issues/>
      <size/>
      <comment/>
      <link REFID="T1"/>
      <link REFID="T5"/>
      <link REFID="T7"/>
      <link REFID="T9"/>
    </event>
    <event ID="2">
      <action_form>Gruesome violence</action_form>
      <location>United Kingdom</location>
      <date_range>
        <start>2001-08-01</start>
        <end>2001-08-31</end>
        <approximate/>
      </date_range>
      <actors/>
      <issues/>
      <size/>
      <comment/>
      <link REFID="T2"/>
      <link REFID="T5"/>
      <link REFID="T7"/>
      <link REFID="T9"/>
    </event>
    <event ID="3">
      <action_form>Gruesome violence</action_form>
      <location>United Kingdom</location>
      <date_range>
        <start>2001-11-30</start>
        <end>2001-11-30</end>
        <approximate/>
      </date_range>
      <actors/>
      <issues/>
      <size/>
      <comment/>
      <link REFID="T3"/>
      <link REFID="T5"/>
      <link REFID="T7"/>
      <link REFID="T9"/>
    </event>
    <event ID="4">
      <action_form>Gruesome violence</action_form>
      <location>United Kingdom</location>
      <date_range>
        <start>1998-01-01</start>
        <end>1998-12-31</end>
        <approximate/>
      </date_range>
      <actors/>
      <issues/>
      <size/>
      <comment/>
      <link REFID="T4"/>
    </event>
  </events>
</document>
