<?xml version='1.0' encoding='utf8'?>
<document PUBLICATION_DATE="2003-03-25" DOCID="AFP_ENG_20030325.0411">
  <event_mentions>
    <event_mention ID="T1">
      <anchor>
        <charseq START="486" END="493">rallies</charseq>
      </anchor>
      <event_mention_argument ROLE="Issue" ID="T4">
        <charseq START="417" END="425">Skinhead</charseq>
      </event_mention_argument>
      <event_mention_argument ROLE="Location" ID="T9">
        <charseq START="550" END="559">Hungarian</charseq>
      </event_mention_argument>
      <event_mention_argument ROLE="Actor" ID="T2">
        <charseq START="426" END="433">members</charseq>
      </event_mention_argument>
    </event_mention>
    <event_mention ID="T3">
      <anchor>
        <charseq START="505" END="510">waved</charseq>
      </anchor>
    </event_mention>
    <event_mention ID="T5">
      <anchor>
        <charseq START="944" END="951">rallies</charseq>
      </anchor>
      <event_mention_argument ROLE="Location" ID="T10">
        <charseq START="842" END="851">Hungarian</charseq>
      </event_mention_argument>
      <event_mention_argument ROLE="Actor" ID="T6">
        <charseq START="927" END="943">Blood and Honour</charseq>
      </event_mention_argument>
      <event_mention_argument ROLE="Actor" ID="T8">
        <charseq START="989" END="995">people</charseq>
      </event_mention_argument>
      <event_mention_argument ROLE="Size" ID="T7">
        <charseq START="969" END="988">between 100 and 200</charseq>
      </event_mention_argument>
    </event_mention>
  </event_mentions>
  <events>
    <event ID="1">
      <action_form>Demonstration</action_form>
      <location>Hungary</location>
      <date_range>
        <start>2003-03-17</start>
        <end>2003-03-23</end>
        <approximate/>
      </date_range>
      <actors>
        <actor>Extreme-right supporters</actor>
      </actors>
      <issues/>
      <size>100-999 people</size>
      <comment/>
      <link REFID="T1"/>
      <link REFID="T3"/>
      <link REFID="T5"/>
    </event>
  </events>
</document>
