<?xml version='1.0' encoding='utf8'?>
<document PUBLICATION_DATE="2006-09-13" DOCID="AFP_ENG_20060913.0642">
  <event_mentions>
    <event_mention ID="T1">
      <anchor>
        <charseq START="130" END="138">revolted</charseq>
      </anchor>
      <event_mention_argument ROLE="Issue" ID="T5">
        <charseq START="142" END="254">attempts by Senegalese authorities to  verify their nationality at a reception centre on Spain's Canary  Islands</charseq>
      </event_mention_argument>
      <event_mention_argument ROLE="Location" ID="T4">
        <charseq START="239" END="254">Canary  Islands</charseq>
      </event_mention_argument>
      <event_mention_argument ROLE="Actor" ID="T3">
        <charseq START="115" END="125">immigrants</charseq>
      </event_mention_argument>
      <event_mention_argument ROLE="Size" ID="T2">
        <charseq START="98" END="101">300</charseq>
      </event_mention_argument>
    </event_mention>
    <event_mention ID="T6">
      <anchor>
        <charseq START="336" END="344">revolted</charseq>
      </anchor>
      <event_mention_argument ROLE="Location" ID="T8">
        <charseq START="391" END="404">Fuerteventura</charseq>
      </event_mention_argument>
      <event_mention_argument ROLE="Actor" ID="T7">
        <charseq START="298" END="306">migrants</charseq>
      </event_mention_argument>
    </event_mention>
    <event_mention ID="T9">
      <anchor>
        <charseq START="31" END="37">revolt</charseq>
      </anchor>
      <event_mention_argument ROLE="Issue" ID="T10">
        <charseq START="38" END="60">against identification</charseq>
      </event_mention_argument>
      <event_mention_argument ROLE="Location" ID="T11">
        <charseq START="22" END="30">Canaries</charseq>
      </event_mention_argument>
      <event_mention_argument ROLE="Actor" ID="T12">
        <charseq START="0" END="10">Immigrants</charseq>
      </event_mention_argument>
    </event_mention>
  </event_mentions>
  <events>
    <event ID="1">
      <action_form>Political violence</action_form>
      <location>Spain</location>
      <date_range>
        <start>2006-09-10</start>
        <end>2006-09-10</end>
      </date_range>
      <actors>
        <actor>Migrants / foreigners / refugees</actor>
      </actors>
      <issues>
        <issue>For immigration</issue>
      </issues>
      <size>100-999 people</size>
      <comment/>
      <link REFID="T1"/>
      <link REFID="T6"/>
      <link REFID="T9"/>
    </event>
  </events>
</document>
