<?xml version='1.0' encoding='utf8'?>
<document PUBLICATION_DATE="2005-09-04" DOCID="AFP_ENG_20050904.0416">
  <event_mentions>
    <event_mention ID="T1">
      <anchor>
        <charseq START="4082" END="4089">marched</charseq>
      </anchor>
      <event_mention_argument ROLE="Date" ID="T5">
        <charseq START="4107" END="4115">Saturday</charseq>
      </event_mention_argument>
      <event_mention_argument ROLE="Issue" ID="T6">
        <charseq START="4127" END="4179">urgent investment in low-cost housing for immigrants</charseq>
      </event_mention_argument>
      <event_mention_argument ROLE="Issue" ID="T7">
        <charseq START="4197" END="4254">the forced evacuation of two Paris squats late last  week</charseq>
      </event_mention_argument>
      <event_mention_argument ROLE="Location" ID="T4">
        <charseq START="4098" END="4103">Paris</charseq>
      </event_mention_argument>
      <event_mention_argument ROLE="Actor" ID="T3">
        <charseq START="4071" END="4081">protesters</charseq>
      </event_mention_argument>
      <event_mention_argument ROLE="Size" ID="T2">
        <charseq START="4058" END="4067">Thousands</charseq>
      </event_mention_argument>
    </event_mention>
  </event_mentions>
  <events>
    <event ID="1">
      <action_form>Demonstration</action_form>
      <location>France</location>
      <date_range>
        <start>2005-09-04</start>
        <end>2005-09-04</end>
      </date_range>
      <actors/>
      <issues>
        <issue>For immigration</issue>
      </issues>
      <size>1,000-9,999 people</size>
      <comment/>
      <link REFID="T1"/>
    </event>
  </events>
</document>
