<?xml version='1.0' encoding='utf8'?>
<document PUBLICATION_DATE="2003-04-28" DOCID="AFP_ENG_20030428.0061">
  <event_mentions>
    <event_mention ID="T1">
      <anchor>
        <charseq START="16" END="23">protest</charseq>
      </anchor>
      <event_mention_argument ROLE="Issue" ID="T4">
        <charseq START="32" END="52">pension reform plans</charseq>
      </event_mention_argument>
      <event_mention_argument ROLE="Location" ID="T3">
        <charseq START="0" END="8">Austrian</charseq>
      </event_mention_argument>
      <event_mention_argument ROLE="Actor" ID="T2">
        <charseq START="9" END="15">unions</charseq>
      </event_mention_argument>
    </event_mention>
    <event_mention ID="T5">
      <anchor>
        <charseq START="92" END="99">blocked</charseq>
      </anchor>
      <event_mention_argument ROLE="Date" ID="T8">
        <charseq START="143" END="149">Monday</charseq>
      </event_mention_argument>
      <event_mention_argument ROLE="Issue" ID="T9">
        <charseq START="161" END="216">government plans to reform the country's pension system</charseq>
      </event_mention_argument>
      <event_mention_argument ROLE="Location" ID="T7">
        <charseq START="133" END="139">Vienna</charseq>
      </event_mention_argument>
      <event_mention_argument ROLE="Actor" ID="T6">
        <charseq START="85" END="91">unions</charseq>
      </event_mention_argument>
    </event_mention>
    <event_mention ID="T11">
      <anchor>
        <charseq START="299" END="303">slow</charseq>
      </anchor>
      <event_mention_argument ROLE="Location" ID="T12">
        <charseq START="401" END="405">city</charseq>
      </event_mention_argument>
      <event_mention_argument ROLE="Actor" ID="T10">
        <charseq START="222" END="228">unions</charseq>
      </event_mention_argument>
    </event_mention>
    <event_mention ID="T13">
      <anchor>
        <charseq START="437" END="447">disruption</charseq>
      </anchor>
      <event_mention_argument ROLE="Date" ID="T14">
        <charseq START="519" END="530">around 8 am</charseq>
      </event_mention_argument>
      <event_mention_argument ROLE="Location" ID="T15">
        <charseq START="536" END="544">Austrian</charseq>
      </event_mention_argument>
    </event_mention>
  </event_mentions>
  <events>
    <event ID="1">
      <action_form>Occupation / Blockade</action_form>
      <location>Austria</location>
      <date_range>
        <start>2003-04-28</start>
        <end>2003-04-28</end>
      </date_range>
      <actors>
        <actor>Trade union</actor>
      </actors>
      <issues>
        <issue>For social rights</issue>
      </issues>
      <size/>
      <comment/>
      <link REFID="T1"/>
      <link REFID="T5"/>
      <link REFID="T11"/>
      <link REFID="T13"/>
    </event>
  </events>
</document>
