<?xml version='1.0' encoding='utf8'?>
<document PUBLICATION_DATE="2006-10-30" DOCID="AFP_ENG_20061030.0123">
  <event_mentions>
    <event_mention ID="T1">
      <anchor>
        <charseq START="257" END="263">attack</charseq>
      </anchor>
      <event_mention_argument ROLE="Location" ID="T3">
        <charseq START="158" END="164">French</charseq>
      </event_mention_argument>
    </event_mention>
    <event_mention ID="T4">
      <anchor>
        <charseq START="37" END="45">attacked</charseq>
      </anchor>
      <event_mention_argument ROLE="Location" ID="T5">
        <charseq START="0" END="6">French</charseq>
      </event_mention_argument>
    </event_mention>
    <event_mention ID="T6">
      <anchor>
        <charseq START="307" END="313">attack</charseq>
      </anchor>
      <event_mention_argument ROLE="Location" ID="T8">
        <charseq START="354" END="363">Marseille</charseq>
      </event_mention_argument>
      <event_mention_argument ROLE="Actor" ID="T7">
        <charseq START="318" END="324">youths</charseq>
      </event_mention_argument>
    </event_mention>
    <event_mention ID="T9">
      <anchor>
        <charseq START="486" END="491">riots</charseq>
      </anchor>
      <event_mention_argument ROLE="Date" ID="T11">
        <charseq START="511" END="520">last year</charseq>
      </event_mention_argument>
      <event_mention_argument ROLE="Location" ID="T10">
        <charseq START="504" END="510">France</charseq>
      </event_mention_argument>
    </event_mention>
    <event_mention ID="T12">
      <anchor>
        <charseq START="600" END="606">attack</charseq>
      </anchor>
      <event_mention_argument ROLE="Date" ID="T13">
        <charseq START="623" END="637">Saturday night</charseq>
      </event_mention_argument>
      <event_mention_argument ROLE="Location" ID="T2">
        <charseq START="575" END="584">Marseille</charseq>
      </event_mention_argument>
    </event_mention>
    <event_mention ID="T14">
      <anchor>
        <charseq START="880" END="887">torched</charseq>
      </anchor>
      <event_mention_argument ROLE="Date" ID="T15">
        <charseq START="908" END="917">last week</charseq>
      </event_mention_argument>
      <event_mention_argument ROLE="Location" ID="T16">
        <charseq START="940" END="945">Paris</charseq>
      </event_mention_argument>
      <event_mention_argument ROLE="Actor" ID="T17">
        <charseq START="973" END="979">youths</charseq>
      </event_mention_argument>
    </event_mention>
    <event_mention ID="T18">
      <anchor>
        <charseq START="1117" END="1128">incinerated</charseq>
      </anchor>
    </event_mention>
    <event_mention ID="T20">
      <anchor>
        <charseq START="1159" END="1164">threw</charseq>
      </anchor>
      <event_mention_argument ROLE="Date" ID="T19">
        <charseq START="1134" END="1150">overnight Sunday</charseq>
      </event_mention_argument>
      <event_mention_argument ROLE="Location" ID="T22">
        <charseq START="1221" END="1229">Grenoble</charseq>
      </event_mention_argument>
      <event_mention_argument ROLE="Actor" ID="T21">
        <charseq START="1152" END="1158">youths</charseq>
      </event_mention_argument>
    </event_mention>
    <event_mention ID="T23">
      <anchor>
        <charseq START="1388" END="1396">violence</charseq>
      </anchor>
    </event_mention>
    <event_mention ID="T24">
      <anchor>
        <charseq START="1425" END="1430">riots</charseq>
      </anchor>
      <event_mention_argument ROLE="Location" ID="T25">
        <charseq START="1458" END="1464">French</charseq>
      </event_mention_argument>
    </event_mention>
    <event_mention ID="T27">
      <anchor>
        <charseq START="1666" END="1673">torched</charseq>
      </anchor>
      <event_mention_argument ROLE="Actor" ID="T26">
        <charseq START="1564" END="1570">youths</charseq>
      </event_mention_argument>
    </event_mention>
    <event_mention ID="T28">
      <anchor>
        <charseq START="1781" END="1788">attacks</charseq>
      </anchor>
    </event_mention>
    <event_mention ID="T29">
      <anchor>
        <charseq START="1832" END="1837">riots</charseq>
      </anchor>
      <event_mention_argument ROLE="Date" ID="T30">
        <charseq START="1827" END="1831">2005</charseq>
      </event_mention_argument>
    </event_mention>
    <event_mention ID="T31">
      <anchor>
        <charseq START="2420" END="2426">attack</charseq>
      </anchor>
      <event_mention_argument ROLE="Location" ID="T32">
        <charseq START="2406" END="2415">Marseille</charseq>
      </event_mention_argument>
    </event_mention>
    <event_mention ID="T33">
      <anchor>
        <charseq START="2937" END="2944">refused</charseq>
      </anchor>
      <event_mention_argument ROLE="Date" ID="T35">
        <charseq START="2963" END="2969">Sunday</charseq>
      </event_mention_argument>
      <event_mention_argument ROLE="Issue" ID="T39">
        <charseq START="2981" END="2991">the attack</charseq>
      </event_mention_argument>
      <event_mention_argument ROLE="Actor" ID="T38">
        <charseq START="2929" END="2936">drivers</charseq>
      </event_mention_argument>
    </event_mention>
    <event_mention ID="T36">
      <anchor>
        <charseq START="2985" END="2991">attack</charseq>
      </anchor>
      <event_mention_argument ROLE="Location" ID="T34">
        <charseq START="2915" END="2924">Marseille</charseq>
      </event_mention_argument>
    </event_mention>
    <event_mention ID="T37">
      <anchor>
        <charseq START="3056" END="3064">followed</charseq>
      </anchor>
      <event_mention_argument ROLE="Date" ID="T41">
        <charseq START="3000" END="3006">Monday</charseq>
      </event_mention_argument>
      <event_mention_argument ROLE="Location" ID="T40">
        <charseq START="3051" END="3055">Nice</charseq>
      </event_mention_argument>
      <event_mention_argument ROLE="Actor" ID="T42">
        <charseq START="3007" END="3019">counterparts</charseq>
      </event_mention_argument>
    </event_mention>
    <event_mention ID="T43">
      <anchor>
        <charseq START="3451" END="3458">boarded</charseq>
      </anchor>
      <event_mention_argument ROLE="Actor" ID="T44">
        <charseq START="3470" END="3479">teenagers</charseq>
      </event_mention_argument>
      <event_mention_argument ROLE="Size" ID="T45">
        <charseq START="3466" END="3469">two</charseq>
      </event_mention_argument>
    </event_mention>
    <event_mention ID="T46">
      <anchor>
        <charseq START="3560" END="3563">set</charseq>
      </anchor>
    </event_mention>
  </event_mentions>
  <events>
    <event ID="1">
      <action_form>Political violence</action_form>
      <location>France</location>
      <date_range>
        <start>2006-10-28</start>
        <end>2006-10-28</end>
      </date_range>
      <actors/>
      <issues/>
      <size>1-9 people</size>
      <comment/>
      <link REFID="T1"/>
      <link REFID="T4"/>
      <link REFID="T6"/>
      <link REFID="T12"/>
      <link REFID="T23"/>
      <link REFID="T28"/>
      <link REFID="T31"/>
      <link REFID="T36"/>
      <link REFID="T43"/>
      <link REFID="T46"/>
    </event>
    <event ID="2">
      <action_form>Political violence</action_form>
      <location>France</location>
      <date_range>
        <start>2005-10-27</start>
        <end>2005-11-17</end>
      </date_range>
      <actors/>
      <issues/>
      <size/>
      <comment/>
      <link REFID="T9"/>
      <link REFID="T24"/>
      <link REFID="T27"/>
      <link REFID="T29"/>
    </event>
    <event ID="3">
      <action_form>Political violence</action_form>
      <location>France</location>
      <date_range>
        <start>2006-10-23</start>
        <end>2006-10-29</end>
        <approximate/>
      </date_range>
      <actors/>
      <issues/>
      <size/>
      <comment/>
      <link REFID="T14"/>
      <link REFID="T23"/>
      <link REFID="T28"/>
    </event>
    <event ID="4">
      <action_form>Political violence</action_form>
      <location>France</location>
      <date_range>
        <start>2006-10-30</start>
        <end>2006-11-05</end>
        <approximate/>
      </date_range>
      <actors/>
      <issues/>
      <size/>
      <comment/>
      <link REFID="T18"/>
      <link REFID="T23"/>
      <link REFID="T28"/>
    </event>
    <event ID="5">
      <action_form>Political violence</action_form>
      <location>France</location>
      <date_range>
        <start>2006-10-29</start>
        <end>2006-10-29</end>
      </date_range>
      <actors/>
      <issues/>
      <size/>
      <comment/>
      <link REFID="T20"/>
      <link REFID="T23"/>
    </event>
    <event ID="6">
      <action_form>Strike</action_form>
      <location>France</location>
      <date_range>
        <start>2006-10-29</start>
        <end>2006-10-29</end>
      </date_range>
      <actors>
        <actor>Occupational group</actor>
      </actors>
      <issues/>
      <size/>
      <comment/>
      <link REFID="T33"/>
    </event>
    <event ID="7">
      <action_form>Strike</action_form>
      <location>France</location>
      <date_range>
        <start>2006-10-30</start>
        <end>2006-10-30</end>
      </date_range>
      <actors>
        <actor>Occupational group</actor>
      </actors>
      <issues/>
      <size/>
      <comment/>
      <link REFID="T37"/>
    </event>
  </events>
</document>
