<?xml version='1.0' encoding='utf8'?>
<document PUBLICATION_DATE="2006-09-26" DOCID="AFP_ENG_20060926.0607">
  <event_mentions>
    <event_mention ID="T1">
      <anchor>
        <charseq START="215" END="226">gatecrashed</charseq>
      </anchor>
      <event_mention_argument ROLE="Date" ID="T3">
        <charseq START="171" END="178">Tuesday</charseq>
      </event_mention_argument>
      <event_mention_argument ROLE="Actor" ID="T2">
        <charseq START="205" END="214">protestor</charseq>
      </event_mention_argument>
    </event_mention>
    <event_mention ID="T6">
      <anchor>
        <charseq START="1324" END="1330">evaded</charseq>
      </anchor>
      <event_mention_argument ROLE="Date" ID="T4">
        <charseq START="1311" END="1315">2003</charseq>
      </event_mention_argument>
      <event_mention_argument ROLE="Location" ID="T5">
        <charseq START="1378" END="1392">Windsor Castle</charseq>
      </event_mention_argument>
      <event_mention_argument ROLE="Actor" ID="T9">
        <charseq START="1255" END="1264">protestor</charseq>
      </event_mention_argument>
    </event_mention>
    <event_mention ID="T7">
      <anchor>
        <charseq START="1394" END="1401">climbed</charseq>
      </anchor>
    </event_mention>
    <event_mention ID="T8">
      <anchor>
        <charseq START="1444" END="1450">kissed</charseq>
      </anchor>
    </event_mention>
    <event_mention ID="T10">
      <anchor>
        <charseq START="1540" END="1546">invade</charseq>
      </anchor>
      <event_mention_argument ROLE="Actor" ID="T12">
        <charseq START="1635" END="1638">man</charseq>
      </event_mention_argument>
      <event_mention_argument ROLE="Actor" ID="T11">
        <charseq START="1526" END="1531">stunt</charseq>
      </event_mention_argument>
    </event_mention>
    <event_mention ID="T15">
      <anchor>
        <charseq START="1760" END="1767">shouted</charseq>
      </anchor>
      <event_mention_argument ROLE="Actor" ID="T14">
        <charseq START="1711" END="1720">companion</charseq>
      </event_mention_argument>
      <event_mention_argument ROLE="Actor" ID="T13">
        <charseq START="1694" END="1702">Barschak</charseq>
      </event_mention_argument>
    </event_mention>
    <event_mention ID="T16">
      <anchor>
        <charseq START="2238" END="2246">protests</charseq>
      </anchor>
    </event_mention>
    <event_mention ID="T17">
      <anchor>
        <charseq START="2376" END="2383">protest</charseq>
      </anchor>
    </event_mention>
    <event_mention ID="T18">
      <anchor>
        <charseq START="15" END="22">stormed</charseq>
      </anchor>
      <event_mention_argument ROLE="Actor" ID="T19">
        <charseq START="32" END="43">gatecrasher</charseq>
      </event_mention_argument>
    </event_mention>
  </event_mentions>
  <events>
    <event ID="1">
      <action_form>Occupation / Blockade</action_form>
      <location>United Kingdom</location>
      <date_range>
        <start>2006-09-26</start>
        <end>2006-09-26</end>
      </date_range>
      <actors>
        <actor>Intellectuals</actor>
      </actors>
      <issues/>
      <size>1-9 people</size>
      <comment/>
      <link REFID="T1"/>
      <link REFID="T10"/>
      <link REFID="T15"/>
      <link REFID="T16"/>
      <link REFID="T17"/>
      <link REFID="T18"/>
    </event>
    <event ID="2">
      <action_form>Occupation / Blockade</action_form>
      <location>United Kingdom</location>
      <date_range>
        <start>2003-01-01</start>
        <end>2003-12-31</end>
        <approximate/>
      </date_range>
      <actors>
        <actor>Intellectuals</actor>
      </actors>
      <issues/>
      <size>1-9 people</size>
      <comment/>
      <link REFID="T6"/>
      <link REFID="T7"/>
      <link REFID="T8"/>
    </event>
  </events>
</document>
