<?xml version='1.0' encoding='utf8'?>
<document PUBLICATION_DATE="2006-10-26" DOCID="AFP_ENG_20061026.0248">
  <event_mentions>
    <event_mention ID="T1">
      <anchor>
        <charseq START="929" END="936">attacks</charseq>
      </anchor>
      <event_mention_argument ROLE="Date" ID="T2">
        <charseq START="903" END="915">July 7, 2005</charseq>
      </event_mention_argument>
      <event_mention_argument ROLE="Location" ID="T3">
        <charseq START="884" END="891">Britain</charseq>
      </event_mention_argument>
    </event_mention>
  </event_mentions>
  <events>
    <event ID="1">
      <action_form>Gruesome violence</action_form>
      <location>United Kingdom</location>
      <date_range>
        <start>2005-07-01</start>
        <end>2005-07-31</end>
        <approximate/>
      </date_range>
      <actors>
        <actor>Religious groups / fundamentalists</actor>
      </actors>
      <issues/>
      <size/>
      <comment/>
      <link REFID="T1"/>
    </event>
  </events>
</document>
