<?xml version='1.0' encoding='utf8'?>
<document PUBLICATION_DATE="2006-09-22" DOCID="AFP_ENG_20060922.0294">
  <event_mentions>
    <event_mention ID="T1">
      <anchor>
        <charseq START="695" END="700">storm</charseq>
      </anchor>
      <event_mention_argument ROLE="Date" ID="T3">
        <charseq START="739" END="745">Monday</charseq>
      </event_mention_argument>
      <event_mention_argument ROLE="Actor" ID="T2">
        <charseq START="684" END="694">protestors</charseq>
      </event_mention_argument>
    </event_mention>
    <event_mention ID="T6">
      <anchor>
        <charseq START="1412" END="1417">riots</charseq>
      </anchor>
    </event_mention>
    <event_mention ID="T7">
      <anchor>
        <charseq START="2007" END="2021">demonstrations</charseq>
      </anchor>
    </event_mention>
    <event_mention ID="T8">
      <anchor>
        <charseq START="2235" END="2249">demonstrations</charseq>
      </anchor>
    </event_mention>
    <event_mention ID="T4">
      <anchor>
        <charseq START="2687" END="2695">storming</charseq>
      </anchor>
    </event_mention>
    <event_mention ID="T5">
      <anchor>
        <charseq START="2775" END="2783">protests</charseq>
      </anchor>
    </event_mention>
  </event_mentions>
  <events>
    <event ID="1">
      <action_form>Occupation / Blockade</action_form>
      <location>Hungary</location>
      <date_range>
        <start>2006-09-11</start>
        <end>2006-09-17</end>
        <approximate/>
      </date_range>
      <actors/>
      <issues/>
      <size/>
      <comment/>
      <link REFID="T1"/>
      <link REFID="T6"/>
      <link REFID="T4"/>
      <link REFID="T5"/>
    </event>
    <event ID="2">
      <action_form>Demonstration</action_form>
      <location>Hungary</location>
      <date_range>
        <start>2006-09-11</start>
        <end>2006-09-17</end>
        <approximate/>
      </date_range>
      <actors/>
      <issues/>
      <size/>
      <comment/>
      <link REFID="T7"/>
      <link REFID="T8"/>
    </event>
  </events>
</document>
