<?xml version='1.0' encoding='utf8'?>
<document PUBLICATION_DATE="2006-04-11" DOCID="AFP_ENG_20060411.0221">
  <event_mentions>
    <event_mention ID="T1">
      <anchor>
        <charseq START="178" END="185">boycott</charseq>
      </anchor>
      <event_mention_argument ROLE="Issue" ID="T3">
        <charseq START="249" END="274">Prophet Mohammed cartoons</charseq>
      </event_mention_argument>
      <event_mention_argument ROLE="Location" ID="T2">
        <charseq START="209" END="220">Middle East</charseq>
      </event_mention_argument>
    </event_mention>
    <event_mention ID="T4">
      <anchor>
        <charseq START="47" END="54">boycott</charseq>
      </anchor>
      <event_mention_argument ROLE="Issue" ID="T5">
        <charseq START="30" END="46">Mohammed cartoon</charseq>
      </event_mention_argument>
    </event_mention>
    <event_mention ID="T6">
      <anchor>
        <charseq START="461" END="468">boycott</charseq>
      </anchor>
      <event_mention_argument ROLE="Location" ID="T7">
        <charseq START="493" END="504">Middle East</charseq>
      </event_mention_argument>
    </event_mention>
    <event_mention ID="T8">
      <anchor>
        <charseq START="660" END="667">boycott</charseq>
      </anchor>
    </event_mention>
    <event_mention ID="T9">
      <anchor>
        <charseq START="701" END="708">boycott</charseq>
      </anchor>
    </event_mention>
    <event_mention ID="T10">
      <anchor>
        <charseq START="1127" END="1134">boycott</charseq>
      </anchor>
      <event_mention_argument ROLE="Location" ID="T11">
        <charseq START="1104" END="1115">Middle East</charseq>
      </event_mention_argument>
    </event_mention>
  </event_mentions>
  <events>
    <event ID="1">
      <action_form>Confrontational non-violent action</action_form>
      <location>Europe</location>
      <date_range>
        <start>2006-03-01</start>
        <end>2006-03-31</end>
        <approximate/>
      </date_range>
      <actors>
        <actor>Religious groups / fundamentalists</actor>
      </actors>
      <issues/>
      <size/>
      <comment>Middle East</comment>
      <link REFID="T1"/>
      <link REFID="T4"/>
      <link REFID="T6"/>
      <link REFID="T8"/>
      <link REFID="T9"/>
      <link REFID="T10"/>
    </event>
  </events>
</document>
