<?xml version='1.0' encoding='utf8'?>
<document PUBLICATION_DATE="2002-03-23" DOCID="AFP_ENG_20020323.0092">
  <event_mentions>
    <event_mention ID="T1">
      <anchor>
        <charseq START="30" END="34">demo</charseq>
      </anchor>
      <event_mention_argument ROLE="Location" ID="T2">
        <charseq START="25" END="29">Rome</charseq>
      </event_mention_argument>
    </event_mention>
    <event_mention ID="T3">
      <anchor>
        <charseq START="118" END="131">demonstration</charseq>
      </anchor>
      <event_mention_argument ROLE="Date" ID="T5">
        <charseq START="140" END="148">Saturday</charseq>
      </event_mention_argument>
      <event_mention_argument ROLE="Issue" ID="T8">
        <charseq START="157" END="256">planned government labour reforms by the right- wing government of Prime Minister Silvio Berlusconi</charseq>
      </event_mention_argument>
      <event_mention_argument ROLE="Location" ID="T4">
        <charseq START="135" END="139">Rome</charseq>
      </event_mention_argument>
      <event_mention_argument ROLE="Actor" ID="T6">
        <charseq START="90" END="96">people</charseq>
      </event_mention_argument>
      <event_mention_argument ROLE="Actor" ID="T7">
        <charseq START="284" END="289">union</charseq>
      </event_mention_argument>
    </event_mention>
    <event_mention ID="T9">
      <anchor>
        <charseq START="331" END="339">rallying</charseq>
      </anchor>
      <event_mention_argument ROLE="Date" ID="T11">
        <charseq START="389" END="394">11:30</charseq>
      </event_mention_argument>
      <event_mention_argument ROLE="Location" ID="T10">
        <charseq START="527" END="531">Rome</charseq>
      </event_mention_argument>
      <event_mention_argument ROLE="Actor" ID="T12">
        <charseq START="487" END="497">protestors</charseq>
      </event_mention_argument>
      <event_mention_argument ROLE="Actor" ID="T14">
        <charseq START="372" END="385">demonstrators</charseq>
      </event_mention_argument>
      <event_mention_argument ROLE="Size" ID="T13">
        <charseq START="448" END="469">hundreds of thousands</charseq>
      </event_mention_argument>
    </event_mention>
  </event_mentions>
  <events>
    <event ID="1">
      <action_form>Demonstration</action_form>
      <location>Italy</location>
      <date_range>
        <start>2002-03-23</start>
        <end>2002-03-23</end>
      </date_range>
      <actors>
        <actor>Trade union</actor>
        <actor>Occupational group</actor>
      </actors>
      <issues>
        <issue>For labour rights</issue>
      </issues>
      <size>10,000 or more people</size>
      <comment/>
      <link REFID="T1"/>
      <link REFID="T3"/>
      <link REFID="T9"/>
    </event>
  </events>
</document>
