<?xml version='1.0' encoding='utf8'?>
<document PUBLICATION_DATE="2006-09-28" DOCID="AFP_ENG_20060928.0536">
  <event_mentions>
    <event_mention ID="T1">
      <anchor>
        <charseq START="1119" END="1127">petition</charseq>
      </anchor>
      <event_mention_argument ROLE="Date" ID="T4">
        <charseq START="1051" END="1060">Wednesday</charseq>
      </event_mention_argument>
      <event_mention_argument ROLE="Issue" ID="T5">
        <charseq START="1128" END="1249">calling for the European Parliament  to give up its Strasbourg headquarters and move full time to  Brussels to save money</charseq>
      </event_mention_argument>
      <event_mention_argument ROLE="Actor" ID="T3">
        <charseq START="1036" END="1047">Campaigners</charseq>
      </event_mention_argument>
      <event_mention_argument ROLE="Size" ID="T2">
        <charseq START="1097" END="1118">one-million-signature</charseq>
      </event_mention_argument>
    </event_mention>
    <event_mention ID="T6">
      <anchor>
        <charseq START="780" END="788">protests</charseq>
      </anchor>
      <event_mention_argument ROLE="Issue" ID="T7">
        <charseq START="789" END="821">over the money  spent to operate</charseq>
      </event_mention_argument>
    </event_mention>
  </event_mentions>
  <events>
    <event ID="1">
      <action_form>Petition</action_form>
      <location>France</location>
      <date_range>
        <start>2006-09-27</start>
        <end>2006-09-27</end>
      </date_range>
      <actors/>
      <issues/>
      <size>10,000 or more people</size>
      <comment/>
      <link REFID="T1"/>
      <link REFID="T6"/>
    </event>
  </events>
</document>
