<?xml version='1.0' encoding='utf8'?>
<document PUBLICATION_DATE="2003-03-08" DOCID="AFP_ENG_20030308.0446">
  <event_mentions>
    <event_mention ID="T1">
      <anchor>
        <charseq START="1882" END="1890">gathered</charseq>
      </anchor>
      <event_mention_argument ROLE="Date" ID="T3">
        <charseq START="1825" END="1833">Saturday</charseq>
      </event_mention_argument>
      <event_mention_argument ROLE="Actor" ID="T4">
        <charseq START="1846" END="1851">women</charseq>
      </event_mention_argument>
      <event_mention_argument ROLE="Size" ID="T5">
        <charseq START="1834" END="1842">hundreds</charseq>
      </event_mention_argument>
    </event_mention>
    <event_mention ID="T7">
      <anchor>
        <charseq START="1966" END="1975">manifesto</charseq>
      </anchor>
      <event_mention_argument ROLE="Issue" ID="T6">
        <charseq START="1932" END="1949">domestic violence</charseq>
      </event_mention_argument>
      <event_mention_argument ROLE="Location" ID="T2">
        <charseq START="1914" END="1920">Lisbon</charseq>
      </event_mention_argument>
      <event_mention_argument ROLE="Actor" ID="T8">
        <charseq START="2009" END="2020">journalists</charseq>
      </event_mention_argument>
      <event_mention_argument ROLE="Actor" ID="T9">
        <charseq START="2031" END="2042">celebrities</charseq>
      </event_mention_argument>
      <event_mention_argument ROLE="Size" ID="T10">
        <charseq START="1987" END="1995">a number</charseq>
      </event_mention_argument>
    </event_mention>
    <event_mention ID="T11">
      <anchor>
        <charseq START="2151" END="2156">march</charseq>
      </anchor>
      <event_mention_argument ROLE="Issue" ID="T12">
        <charseq START="2091" END="2107">"No to violence"</charseq>
      </event_mention_argument>
      <event_mention_argument ROLE="Issue" ID="T13">
        <charseq START="2077" END="2086">"Enough!"</charseq>
      </event_mention_argument>
    </event_mention>
    <event_mention ID="T14">
      <anchor>
        <charseq START="2162" END="2167">march</charseq>
      </anchor>
      <event_mention_argument ROLE="Issue" ID="T16">
        <charseq START="2239" END="2261">violence against women</charseq>
      </event_mention_argument>
      <event_mention_argument ROLE="Location" ID="T15">
        <charseq START="2214" END="2222">Portugal</charseq>
      </event_mention_argument>
    </event_mention>
  </event_mentions>
  <events>
    <event ID="1">
      <action_form>Demonstration</action_form>
      <location>Portugal</location>
      <date_range>
        <start>2003-03-08</start>
        <end>2003-03-08</end>
      </date_range>
      <actors/>
      <issues>
        <issue>Civil rights</issue>
      </issues>
      <size>100-999 people</size>
      <comment/>
      <link REFID="T1"/>
      <link REFID="T11"/>
      <link REFID="T14"/>
    </event>
    <event ID="2">
      <action_form>Petition</action_form>
      <location>Portugal</location>
      <date_range>
        <start>2003-03-03</start>
        <end>2003-03-09</end>
        <approximate/>
      </date_range>
      <actors>
        <actor>Intellectuals</actor>
      </actors>
      <issues>
        <issue>Civil rights</issue>
      </issues>
      <size>10-49 people</size>
      <comment/>
      <link REFID="T7"/>
    </event>
  </events>
</document>
