<?xml version='1.0' encoding='utf8'?>
<document PUBLICATION_DATE="2006-09-26" DOCID="AFP_ENG_20060926.0234">
  <event_mentions>
    <event_mention ID="T1">
      <anchor>
        <charseq START="314" END="322">protests</charseq>
      </anchor>
      <event_mention_argument ROLE="Issue" ID="T2">
        <charseq START="298" END="313">anti-government</charseq>
      </event_mention_argument>
      <event_mention_argument ROLE="Location" ID="T3">
        <charseq START="124" END="133">Hungarian</charseq>
      </event_mention_argument>
    </event_mention>
    <event_mention ID="T4">
      <anchor>
        <charseq START="2003" END="2011">protests</charseq>
      </anchor>
      <event_mention_argument ROLE="Date" ID="T5">
        <charseq START="2030" END="2035">daily</charseq>
      </event_mention_argument>
      <event_mention_argument ROLE="Issue" ID="T7">
        <charseq START="1971" END="1991">he admitted to lying</charseq>
      </event_mention_argument>
      <event_mention_argument ROLE="Location" ID="T6">
        <charseq START="2052" END="2072">Hungarian parliament</charseq>
      </event_mention_argument>
    </event_mention>
    <event_mention ID="T11">
      <anchor>
        <charseq START="2171" END="2178">calling</charseq>
      </anchor>
      <event_mention_argument ROLE="Date" ID="T8">
        <charseq START="2114" END="2128">Monday evening</charseq>
      </event_mention_argument>
      <event_mention_argument ROLE="Date" ID="T14">
        <charseq START="2226" END="2238">Sunday night</charseq>
      </event_mention_argument>
      <event_mention_argument ROLE="Date" ID="T16">
        <charseq START="2254" END="2262">Saturday</charseq>
      </event_mention_argument>
      <event_mention_argument ROLE="Issue" ID="T12">
        <charseq START="2183" END="2200">Gyurcsany to quit</charseq>
      </event_mention_argument>
      <event_mention_argument ROLE="Actor" ID="T10">
        <charseq START="2147" END="2160">demonstrators</charseq>
      </event_mention_argument>
      <event_mention_argument ROLE="Size" ID="T9">
        <charseq START="2135" END="2146">about 6,000</charseq>
      </event_mention_argument>
      <event_mention_argument ROLE="Size" ID="T13">
        <charseq START="2212" END="2222">some 8,000</charseq>
      </event_mention_argument>
      <event_mention_argument ROLE="Size" ID="T15">
        <charseq START="2244" END="2250">20,000</charseq>
      </event_mention_argument>
    </event_mention>
    <event_mention ID="T17">
      <anchor>
        <charseq START="2268" END="2276">protests</charseq>
      </anchor>
    </event_mention>
    <event_mention ID="T18">
      <anchor>
        <charseq START="2301" END="2306">riots</charseq>
      </anchor>
      <event_mention_argument ROLE="Date" ID="T19">
        <charseq START="2307" END="2322">early last week</charseq>
      </event_mention_argument>
      <event_mention_argument ROLE="Location" ID="T20">
        <charseq START="2383" END="2390">country</charseq>
      </event_mention_argument>
    </event_mention>
  </event_mentions>
  <events>
    <event ID="1">
      <action_form>Demonstration</action_form>
      <location>Hungary</location>
      <date_range>
        <start>2006-09-25</start>
        <end>2006-09-25</end>
      </date_range>
      <actors>
        <actor>Extreme-right supporters</actor>
      </actors>
      <issues/>
      <size>1,000-9,999 people</size>
      <comment/>
      <link REFID="T1"/>
      <link REFID="T4"/>
      <link REFID="T11"/>
      <link REFID="T17"/>
    </event>
    <event ID="2">
      <action_form>Demonstration</action_form>
      <location>Hungary</location>
      <date_range>
        <start>2006-09-24</start>
        <end>2006-09-24</end>
      </date_range>
      <actors>
        <actor>Extreme-right supporters</actor>
      </actors>
      <issues/>
      <size>1,000-9,999 people</size>
      <comment/>
      <link REFID="T11"/>
      <link REFID="T4"/>
      <link REFID="T1"/>
      <link REFID="T17"/>
    </event>
    <event ID="3">
      <action_form>Demonstration</action_form>
      <location>Hungary</location>
      <date_range>
        <start>2006-09-23</start>
        <end>2006-09-23</end>
      </date_range>
      <actors>
        <actor>Extreme-right supporters</actor>
      </actors>
      <issues/>
      <size>10,000 or more people</size>
      <comment/>
      <link REFID="T11"/>
      <link REFID="T4"/>
      <link REFID="T1"/>
      <link REFID="T17"/>
    </event>
    <event ID="4">
      <action_form>Political violence</action_form>
      <location>Hungary</location>
      <date_range>
        <start>2006-09-18</start>
        <end>2006-09-20</end>
        <approximate/>
      </date_range>
      <actors>
        <actor>Extreme-right supporters</actor>
      </actors>
      <issues/>
      <size/>
      <comment/>
      <link REFID="T18"/>
    </event>
  </events>
</document>
