<?xml version='1.0' encoding='utf8'?>
<document PUBLICATION_DATE="2003-10-17" DOCID="AFP_ENG_20031017.0281">
  <event_mentions>
    <event_mention ID="T1">
      <anchor>
        <charseq START="4" END="9">bombs</charseq>
      </anchor>
      <event_mention_argument ROLE="Location" ID="T2">
        <charseq START="21" END="28">Belfast</charseq>
      </event_mention_argument>
    </event_mention>
    <event_mention ID="T3">
      <anchor>
        <charseq START="98" END="103">bombs</charseq>
      </anchor>
      <event_mention_argument ROLE="Date" ID="T5">
        <charseq START="104" END="113">overnight</charseq>
      </event_mention_argument>
      <event_mention_argument ROLE="Date" ID="T14">
        <charseq START="174" END="180">Friday</charseq>
      </event_mention_argument>
      <event_mention_argument ROLE="Location" ID="T4">
        <charseq START="150" END="157">Belfast</charseq>
      </event_mention_argument>
    </event_mention>
    <event_mention ID="T6">
      <anchor>
        <charseq START="390" END="397">devices</charseq>
      </anchor>
    </event_mention>
    <event_mention ID="T7">
      <anchor>
        <charseq START="568" END="575">attacks</charseq>
      </anchor>
      <event_mention_argument ROLE="Issue" ID="T9">
        <charseq START="495" END="508">peace process</charseq>
      </event_mention_argument>
      <event_mention_argument ROLE="Actor" ID="T8">
        <charseq START="462" END="472">Republican</charseq>
      </event_mention_argument>
    </event_mention>
    <event_mention ID="T10">
      <anchor>
        <charseq START="813" END="819">attack</charseq>
      </anchor>
      <event_mention_argument ROLE="Date" ID="T11">
        <charseq START="820" END="828">Thursday</charseq>
      </event_mention_argument>
      <event_mention_argument ROLE="Location" ID="T12">
        <charseq START="901" END="908">Belfast</charseq>
      </event_mention_argument>
      <event_mention_argument ROLE="Actor" ID="T13">
        <charseq START="763" END="777">paramilitaries</charseq>
      </event_mention_argument>
    </event_mention>
  </event_mentions>
  <events>
    <event ID="1">
      <action_form>Gruesome violence</action_form>
      <location>United Kingdom</location>
      <date_range>
        <start>2003-10-16</start>
        <end>2003-10-16</end>
      </date_range>
      <actors/>
      <issues/>
      <size/>
      <comment/>
      <link REFID="T1"/>
      <link REFID="T3"/>
      <link REFID="T6"/>
    </event>
    <event ID="2">
      <action_form>Political violence</action_form>
      <location>United Kingdom</location>
      <date_range>
        <start>2000-01-01</start>
        <end>2015-12-31</end>
        <approximate/>
      </date_range>
      <actors>
        <actor>Organization</actor>
      </actors>
      <issues>
        <issue>International cooperation</issue>
        <issue>Institutional reform</issue>
      </issues>
      <size/>
      <comment/>
      <link REFID="T7"/>
    </event>
    <event ID="3">
      <action_form>Political violence</action_form>
      <location>United Kingdom</location>
      <date_range>
        <start>2003-10-16</start>
        <end>2003-10-16</end>
      </date_range>
      <actors>
        <actor>Organization</actor>
      </actors>
      <issues>
        <issue>International cooperation</issue>
        <issue>Institutional reform</issue>
      </issues>
      <size/>
      <comment/>
      <link REFID="T10"/>
    </event>
  </events>
</document>
