<?xml version='1.0' encoding='utf8'?>
<document PUBLICATION_DATE="2002-03-26" DOCID="AFP_ENG_20020326.0466">
  <event_mentions>
    <event_mention ID="T1">
      <anchor>
        <charseq START="29" END="37">campaign</charseq>
      </anchor>
      <event_mention_argument ROLE="Issue" ID="T4">
        <charseq START="38" END="59">to save death row dog</charseq>
      </event_mention_argument>
      <event_mention_argument ROLE="Location" ID="T3">
        <charseq START="22" END="28">French</charseq>
      </event_mention_argument>
      <event_mention_argument ROLE="Actor" ID="T2">
        <charseq START="0" END="15">Brigitte Bardot</charseq>
      </event_mention_argument>
    </event_mention>
    <event_mention ID="T6">
      <anchor>
        <charseq START="179" END="185">effort</charseq>
      </anchor>
      <event_mention_argument ROLE="Issue" ID="T7">
        <charseq START="196" END="241">to save a Rottweiler dog from being destroyed</charseq>
      </event_mention_argument>
      <event_mention_argument ROLE="Location" ID="T8">
        <charseq START="189" END="195">France</charseq>
      </event_mention_argument>
      <event_mention_argument ROLE="Actor" ID="T5">
        <charseq START="110" END="117">actress</charseq>
      </event_mention_argument>
    </event_mention>
    <event_mention ID="T9">
      <anchor>
        <charseq START="516" END="524">petition</charseq>
      </anchor>
      <event_mention_argument ROLE="Issue" ID="T11">
        <charseq START="551" END="638">the dog to be granted "political asylum" so it can be adopted in Switzerland or Germany</charseq>
      </event_mention_argument>
      <event_mention_argument ROLE="Actor" ID="T10">
        <charseq START="438" END="444">Lawyer</charseq>
      </event_mention_argument>
    </event_mention>
  </event_mentions>
  <events>
    <event ID="1">
      <action_form>Petition</action_form>
      <location>France</location>
      <date_range>
        <start>2002-03-25</start>
        <end>2002-03-31</end>
        <approximate/>
      </date_range>
      <actors>
        <actor>Intellectuals</actor>
      </actors>
      <issues>
        <issue>Environmental protection</issue>
      </issues>
      <size/>
      <comment/>
      <link REFID="T1"/>
      <link REFID="T6"/>
      <link REFID="T9"/>
    </event>
  </events>
</document>
