<?xml version='1.0' encoding='utf8'?>
<document PUBLICATION_DATE="2002-03-21" DOCID="AFP_ENG_20020321.0769">
  <event_mentions>
    <event_mention ID="T3">
      <anchor>
        <charseq START="939" END="945">attack</charseq>
      </anchor>
      <event_mention_argument ROLE="Date" ID="T1">
        <charseq START="961" END="969">November</charseq>
      </event_mention_argument>
      <event_mention_argument ROLE="Actor" ID="T2">
        <charseq START="923" END="931">Real IRA</charseq>
      </event_mention_argument>
    </event_mention>
    <event_mention ID="T7">
      <anchor>
        <charseq START="1414" END="1419">blast</charseq>
      </anchor>
    </event_mention>
    <event_mention ID="T8">
      <anchor>
        <charseq START="1328" END="1334">attack</charseq>
      </anchor>
      <event_mention_argument ROLE="Date" ID="T5">
        <charseq START="1371" END="1375">1998</charseq>
      </event_mention_argument>
      <event_mention_argument ROLE="Issue" ID="T9">
        <charseq START="1220" END="1244">province's peace process</charseq>
      </event_mention_argument>
      <event_mention_argument ROLE="Location" ID="T6">
        <charseq START="1423" END="1428">Omagh</charseq>
      </event_mention_argument>
      <event_mention_argument ROLE="Actor" ID="T4">
        <charseq START="1250" END="1258">Real IRA</charseq>
      </event_mention_argument>
    </event_mention>
  </event_mentions>
  <events>
    <event ID="1">
      <action_form>Gruesome violence</action_form>
      <location>United Kingdom</location>
      <date_range>
        <start>2001-11-01</start>
        <end>2001-11-30</end>
        <approximate/>
      </date_range>
      <actors>
        <actor>Religious groups / fundamentalists</actor>
      </actors>
      <issues/>
      <size/>
      <comment/>
      <link REFID="T3"/>
    </event>
    <event ID="2">
      <action_form>Gruesome violence</action_form>
      <location>United Kingdom</location>
      <date_range>
        <start>1998-01-01</start>
        <end>1998-12-31</end>
        <approximate/>
      </date_range>
      <actors>
        <actor>Religious groups / fundamentalists</actor>
      </actors>
      <issues>
        <issue>International cooperation</issue>
      </issues>
      <size/>
      <comment/>
      <link REFID="T7"/>
      <link REFID="T8"/>
    </event>
  </events>
</document>
