<?xml version='1.0' encoding='utf8'?>
<document PUBLICATION_DATE="2006-03-23" DOCID="AFP_ENG_20060323.0533">
  <event_mentions>
    <event_mention ID="T1">
      <anchor>
        <charseq START="237" END="242">march</charseq>
      </anchor>
      <event_mention_argument ROLE="Issue" ID="T3">
        <charseq START="251" END="284">the government's youth jobs  plan</charseq>
      </event_mention_argument>
    </event_mention>
    <event_mention ID="T2">
      <anchor>
        <charseq START="215" END="227">disturbances</charseq>
      </anchor>
      <event_mention_argument ROLE="Date" ID="T4">
        <charseq START="153" END="161">Thursday</charseq>
      </event_mention_argument>
      <event_mention_argument ROLE="Location" ID="T5">
        <charseq START="202" END="207">Paris</charseq>
      </event_mention_argument>
    </event_mention>
    <event_mention ID="T6">
      <anchor>
        <charseq START="308" END="316">attacked</charseq>
      </anchor>
      <event_mention_argument ROLE="Actor" ID="T8">
        <charseq START="301" END="307">youths</charseq>
      </event_mention_argument>
      <event_mention_argument ROLE="Size" ID="T7">
        <charseq START="286" END="290">Tens</charseq>
      </event_mention_argument>
    </event_mention>
    <event_mention ID="T9">
      <anchor>
        <charseq START="541" END="548">smashed</charseq>
      </anchor>
      <event_mention_argument ROLE="Actor" ID="T10">
        <charseq START="535" END="540">gangs</charseq>
      </event_mention_argument>
    </event_mention>
    <event_mention ID="T11">
      <anchor>
        <charseq START="868" END="881">demonstration</charseq>
      </anchor>
      <event_mention_argument ROLE="Date" ID="T15">
        <charseq START="857" END="866">afternoon</charseq>
      </event_mention_argument>
      <event_mention_argument ROLE="Issue" ID="T14">
        <charseq START="890" END="939">the government's First Employment Contract  (CPE)</charseq>
      </event_mention_argument>
      <event_mention_argument ROLE="Actor" ID="T13">
        <charseq START="833" END="839">people</charseq>
      </event_mention_argument>
      <event_mention_argument ROLE="Size" ID="T12">
        <charseq START="815" END="826">Some 23,000</charseq>
      </event_mention_argument>
    </event_mention>
    <event_mention ID="T16">
      <anchor>
        <charseq START="50" END="54">demo</charseq>
      </anchor>
      <event_mention_argument ROLE="Issue" ID="T17">
        <charseq START="45" END="49">jobs</charseq>
      </event_mention_argument>
    </event_mention>
    <event_mention ID="T20">
      <anchor>
        <charseq START="8" END="14">flames</charseq>
      </anchor>
      <event_mention_argument ROLE="Location" ID="T19">
        <charseq START="26" END="31">Paris</charseq>
      </event_mention_argument>
      <event_mention_argument ROLE="Actor" ID="T18">
        <charseq START="39" END="44">youth</charseq>
      </event_mention_argument>
    </event_mention>
  </event_mentions>
  <events>
    <event ID="1">
      <action_form>Political violence</action_form>
      <location>France</location>
      <date_range>
        <start>2006-03-23</start>
        <end>2006-03-23</end>
      </date_range>
      <actors>
        <actor>Students</actor>
      </actors>
      <issues>
        <issue>For social rights</issue>
        <issue>For labour rights</issue>
      </issues>
      <size>10-49 people</size>
      <comment/>
      <link REFID="T2"/>
      <link REFID="T6"/>
      <link REFID="T9"/>
      <link REFID="T20"/>
    </event>
    <event ID="2">
      <action_form>Demonstration</action_form>
      <location>France</location>
      <date_range>
        <start>2006-03-23</start>
        <end>2006-03-23</end>
      </date_range>
      <actors>
        <actor>Students</actor>
      </actors>
      <issues>
        <issue>For social rights</issue>
        <issue>For labour rights</issue>
      </issues>
      <size>10,000 or more people</size>
      <comment/>
      <link REFID="T1"/>
      <link REFID="T11"/>
      <link REFID="T16"/>
    </event>
  </events>
</document>
