<?xml version='1.0' encoding='utf8'?>
<document PUBLICATION_DATE="2005-10-24" DOCID="AFP_ENG_20051024.0153">
  <event_mentions>
    <event_mention ID="T2">
      <anchor>
        <charseq START="201" END="209">violence</charseq>
      </anchor>
      <event_mention_argument ROLE="Date" ID="T4">
        <charseq START="185" END="197">second night</charseq>
      </event_mention_argument>
      <event_mention_argument ROLE="Actor" ID="T3">
        <charseq START="220" END="227">members</charseq>
      </event_mention_argument>
    </event_mention>
    <event_mention ID="T5">
      <anchor>
        <charseq START="99" END="103">shot</charseq>
      </anchor>
      <event_mention_argument ROLE="Date" ID="T6">
        <charseq START="113" END="119">Monday</charseq>
      </event_mention_argument>
      <event_mention_argument ROLE="Location" ID="T1">
        <charseq START="162" END="172">Birmingham</charseq>
      </event_mention_argument>
    </event_mention>
    <event_mention ID="T7">
      <anchor>
        <charseq START="4" END="8">shot</charseq>
      </anchor>
    </event_mention>
    <event_mention ID="T8">
      <anchor>
        <charseq START="27" END="35">violence</charseq>
      </anchor>
      <event_mention_argument ROLE="Location" ID="T9">
        <charseq START="39" END="46">Britain</charseq>
      </event_mention_argument>
    </event_mention>
    <event_mention ID="T10">
      <anchor>
        <charseq START="306" END="314">shooting</charseq>
      </anchor>
      <event_mention_argument ROLE="Date" ID="T13">
        <charseq START="390" END="403">about 1:00 am</charseq>
      </event_mention_argument>
      <event_mention_argument ROLE="Date" ID="T12">
        <charseq START="418" END="424">Monday</charseq>
      </event_mention_argument>
      <event_mention_argument ROLE="Location" ID="T11">
        <charseq START="357" END="367">Birmingham</charseq>
      </event_mention_argument>
    </event_mention>
    <event_mention ID="T14">
      <anchor>
        <charseq START="509" END="521">disturbances</charseq>
      </anchor>
      <event_mention_argument ROLE="Date" ID="T15">
        <charseq START="525" END="533">Saturday</charseq>
      </event_mention_argument>
      <event_mention_argument ROLE="Issue" ID="T16">
        <charseq START="567" END="648">an alleged rape of a 14-year-old Afro-Caribbean girl in a  south Asian-owned shop</charseq>
      </event_mention_argument>
    </event_mention>
    <event_mention ID="T17">
      <anchor>
        <charseq START="654" END="662">shooting</charseq>
      </anchor>
    </event_mention>
    <event_mention ID="T19">
      <anchor>
        <charseq START="761" END="768">stabbed</charseq>
      </anchor>
    </event_mention>
    <event_mention ID="T21">
      <anchor>
        <charseq START="833" END="841">violence</charseq>
      </anchor>
      <event_mention_argument ROLE="Date" ID="T20">
        <charseq START="811" END="825">Saturday night</charseq>
      </event_mention_argument>
      <event_mention_argument ROLE="Location" ID="T18">
        <charseq START="727" END="737">Birmingham</charseq>
      </event_mention_argument>
    </event_mention>
    <event_mention ID="T22">
      <anchor>
        <charseq START="879" END="887">attacked</charseq>
      </anchor>
    </event_mention>
    <event_mention ID="T24">
      <anchor>
        <charseq START="945" END="950">broke</charseq>
      </anchor>
      <event_mention_argument ROLE="Date" ID="T23">
        <charseq START="900" END="912">Sunday night</charseq>
      </event_mention_argument>
      <event_mention_argument ROLE="Actor" ID="T25">
        <charseq START="966" END="972">youths</charseq>
      </event_mention_argument>
    </event_mention>
    <event_mention ID="T26">
      <anchor>
        <charseq START="1361" END="1369">violence</charseq>
      </anchor>
      <event_mention_argument ROLE="Date" ID="T27">
        <charseq START="1351" END="1358">weekend</charseq>
      </event_mention_argument>
    </event_mention>
  </event_mentions>
  <events>
    <event ID="1">
      <action_form>Political violence</action_form>
      <location>United Kingdom</location>
      <date_range>
        <start>2005-10-22</start>
        <end>2005-10-23</end>
      </date_range>
      <actors/>
      <issues/>
      <size/>
      <comment/>
      <link REFID="T2"/>
      <link REFID="T8"/>
      <link REFID="T14"/>
      <link REFID="T21"/>
      <link REFID="T22"/>
      <link REFID="T24"/>
      <link REFID="T26"/>
    </event>
    <event ID="2">
      <action_form>Gruesome violence</action_form>
      <location>United Kingdom</location>
      <date_range>
        <start>2005-10-24</start>
        <end>2005-10-24</end>
      </date_range>
      <actors/>
      <issues/>
      <size/>
      <comment/>
      <link REFID="T5"/>
      <link REFID="T7"/>
      <link REFID="T10"/>
      <link REFID="T17"/>
    </event>
    <event ID="3">
      <action_form>Gruesome violence</action_form>
      <location>United Kingdom</location>
      <date_range>
        <start>2005-10-23</start>
        <end>2005-10-23</end>
      </date_range>
      <actors/>
      <issues/>
      <size/>
      <comment/>
      <link REFID="T19"/>
    </event>
  </events>
</document>
