<?xml version='1.0' encoding='utf8'?>
<document PUBLICATION_DATE="2005-10-25" DOCID="AFP_ENG_20051025.0533">
  <event_mentions>
    <event_mention ID="T1">
      <anchor>
        <charseq START="24" END="31">protest</charseq>
      </anchor>
      <event_mention_argument ROLE="Issue" ID="T4">
        <charseq START="40" END="66">consumers' bird-flu  fears</charseq>
      </event_mention_argument>
      <event_mention_argument ROLE="Location" ID="T2">
        <charseq START="0" END="7">Italian</charseq>
      </event_mention_argument>
      <event_mention_argument ROLE="Actor" ID="T3">
        <charseq START="16" END="23">farmers</charseq>
      </event_mention_argument>
    </event_mention>
    <event_mention ID="T5">
      <anchor>
        <charseq START="111" END="119">protests</charseq>
      </anchor>
      <event_mention_argument ROLE="Date" ID="T6">
        <charseq START="121" END="128">Tuesday</charseq>
      </event_mention_argument>
      <event_mention_argument ROLE="Issue" ID="T10">
        <charseq START="251" END="292">to  provide funds to support the industry</charseq>
      </event_mention_argument>
      <event_mention_argument ROLE="Issue" ID="T9">
        <charseq START="138" END="180">onsumers' "irrational fears" over bird flu</charseq>
      </event_mention_argument>
      <event_mention_argument ROLE="Location" ID="T7">
        <charseq START="80" END="87">Italian</charseq>
      </event_mention_argument>
      <event_mention_argument ROLE="Actor" ID="T8">
        <charseq START="96" END="103">farmers</charseq>
      </event_mention_argument>
    </event_mention>
    <event_mention ID="T15">
      <anchor>
        <charseq START="307" END="321">Demonstrations</charseq>
      </anchor>
      <event_mention_argument ROLE="Location" ID="T11">
        <charseq START="361" END="367">Verona</charseq>
      </event_mention_argument>
      <event_mention_argument ROLE="Location" ID="T12">
        <charseq START="370" END="377">Vicenza</charseq>
      </event_mention_argument>
      <event_mention_argument ROLE="Location" ID="T13">
        <charseq START="379" END="386">Treviso</charseq>
      </event_mention_argument>
      <event_mention_argument ROLE="Location" ID="T14">
        <charseq START="391" END="396">Padua</charseq>
      </event_mention_argument>
      <event_mention_argument ROLE="Actor" ID="T16">
        <charseq START="437" END="444">farmers</charseq>
      </event_mention_argument>
      <event_mention_argument ROLE="Actor" ID="T17">
        <charseq START="528" END="538">Coldiretti</charseq>
      </event_mention_argument>
    </event_mention>
    <event_mention ID="T18">
      <anchor>
        <charseq START="556" END="560">took</charseq>
      </anchor>
      <event_mention_argument ROLE="Issue" ID="T20">
        <charseq START="576" END="664">to fight against the  irrational fears which have cut by half the consumption of poultry</charseq>
      </event_mention_argument>
      <event_mention_argument ROLE="Actor" ID="T19">
        <charseq START="544" END="554">protestors</charseq>
      </event_mention_argument>
    </event_mention>
  </event_mentions>
  <events>
    <event ID="1">
      <action_form>Demonstration</action_form>
      <location>Italy</location>
      <date_range>
        <start>2005-10-25</start>
        <end>2005-10-25</end>
      </date_range>
      <actors>
        <actor>Farmers</actor>
      </actors>
      <issues/>
      <size/>
      <comment/>
      <link REFID="T1"/>
      <link REFID="T5"/>
      <link REFID="T15"/>
      <link REFID="T18"/>
    </event>
    <event ID="2">
      <action_form>Demonstration</action_form>
      <location>Italy</location>
      <date_range>
        <start>2005-10-25</start>
        <end>2005-10-25</end>
      </date_range>
      <actors>
        <actor>Farmers</actor>
      </actors>
      <issues/>
      <size/>
      <comment/>
      <link REFID="T15"/>
      <link REFID="T1"/>
      <link REFID="T5"/>
      <link REFID="T18"/>
    </event>
    <event ID="3">
      <action_form>Demonstration</action_form>
      <location>Italy</location>
      <date_range>
        <start>2005-10-25</start>
        <end>2005-10-25</end>
      </date_range>
      <actors>
        <actor>Farmers</actor>
      </actors>
      <issues/>
      <size/>
      <comment/>
      <link REFID="T15"/>
      <link REFID="T1"/>
      <link REFID="T5"/>
      <link REFID="T18"/>
    </event>
    <event ID="4">
      <action_form>Demonstration</action_form>
      <location>Italy</location>
      <date_range>
        <start>2005-10-25</start>
        <end>2005-10-25</end>
      </date_range>
      <actors>
        <actor>Farmers</actor>
      </actors>
      <issues/>
      <size/>
      <comment/>
      <link REFID="T15"/>
      <link REFID="T1"/>
      <link REFID="T5"/>
      <link REFID="T18"/>
    </event>
  </events>
</document>
