<?xml version='1.0' encoding='utf8'?>
<document PUBLICATION_DATE="2003-10-09" DOCID="AFP_ENG_20031009.0497">
  <event_mentions>
    <event_mention ID="T2">
      <anchor>
        <charseq START="26" END="32">strike</charseq>
      </anchor>
      <event_mention_argument ROLE="Issue" ID="T3">
        <charseq START="38" END="46">job cuts</charseq>
      </event_mention_argument>
      <event_mention_argument ROLE="Location" ID="T9">
        <charseq START="0" END="10">Portuguese</charseq>
      </event_mention_argument>
      <event_mention_argument ROLE="Actor" ID="T1">
        <charseq START="18" END="25">workers</charseq>
      </event_mention_argument>
    </event_mention>
    <event_mention ID="T6">
      <anchor>
        <charseq START="123" END="129">strike</charseq>
      </anchor>
      <event_mention_argument ROLE="Date" ID="T7">
        <charseq START="130" END="138">Thursday</charseq>
      </event_mention_argument>
      <event_mention_argument ROLE="Issue" ID="T8">
        <charseq START="144" END="212">job cuts and government plans to privatize the state postal firm CTT</charseq>
      </event_mention_argument>
      <event_mention_argument ROLE="Location" ID="T10">
        <charseq START="80" END="90">Portuguese</charseq>
      </event_mention_argument>
      <event_mention_argument ROLE="Actor" ID="T5">
        <charseq START="98" END="105">workers</charseq>
      </event_mention_argument>
      <event_mention_argument ROLE="Size" ID="T4">
        <charseq START="67" END="76">Thousands</charseq>
      </event_mention_argument>
    </event_mention>
    <event_mention ID="T11">
      <anchor>
        <charseq START="440" END="446">strike</charseq>
      </anchor>
      <event_mention_argument ROLE="Actor" ID="T13">
        <charseq START="410" END="415">union</charseq>
      </event_mention_argument>
      <event_mention_argument ROLE="Actor" ID="T12">
        <charseq START="383" END="390">workers</charseq>
      </event_mention_argument>
    </event_mention>
  </event_mentions>
  <events>
    <event ID="1">
      <action_form>Strike</action_form>
      <location>Portugal</location>
      <date_range>
        <start>2000-01-01</start>
        <end>2015-12-31</end>
      </date_range>
      <actors>
        <actor>Trade union</actor>
        <actor>Occupational group</actor>
      </actors>
      <issues>
        <issue>For labour rights</issue>
        <issue>Economic protection &amp; regulation</issue>
      </issues>
      <size>1,000-9,999 people</size>
      <comment/>
      <link REFID="T2"/>
      <link REFID="T6"/>
      <link REFID="T11"/>
    </event>
  </events>
</document>
