<?xml version='1.0' encoding='utf8'?>
<document PUBLICATION_DATE="2003-09-11" DOCID="AFP_ENG_20030911.0136">
  <event_mentions>
    <event_mention ID="T1">
      <anchor>
        <charseq START="263" END="269">attack</charseq>
      </anchor>
      <event_mention_argument ROLE="Date" ID="T5">
        <charseq START="274" END="285">day earlier</charseq>
      </event_mention_argument>
      <event_mention_argument ROLE="Location" ID="T6">
        <charseq START="190" END="197">Swedish</charseq>
      </event_mention_argument>
    </event_mention>
    <event_mention ID="T2">
      <anchor>
        <charseq START="817" END="824">stabbed</charseq>
      </anchor>
      <event_mention_argument ROLE="Location" ID="T4">
        <charseq START="897" END="906">Stockholm</charseq>
      </event_mention_argument>
      <event_mention_argument ROLE="Actor" ID="T3">
        <charseq START="869" END="878">assailant</charseq>
      </event_mention_argument>
    </event_mention>
  </event_mentions>
  <events>
    <event ID="1">
      <action_form>Gruesome violence</action_form>
      <location>Sweden</location>
      <date_range>
        <start>2003-09-10</start>
        <end>2003-09-10</end>
      </date_range>
      <actors/>
      <issues/>
      <size>1-9 people</size>
      <comment/>
      <link REFID="T1"/>
      <link REFID="T2"/>
    </event>
  </events>
</document>
