<?xml version='1.0' encoding='utf8'?>
<document PUBLICATION_DATE="2005-10-24" DOCID="APW_ENG_20051024.0273">
  <event_mentions>
    <event_mention ID="T1">
      <anchor>
        <charseq START="141" END="147">strike</charseq>
      </anchor>
      <event_mention_argument ROLE="Date" ID="T2">
        <charseq START="148" END="154">Monday</charseq>
      </event_mention_argument>
      <event_mention_argument ROLE="Issue" ID="T5">
        <charseq START="230" END="257">government retirement plans</charseq>
      </event_mention_argument>
      <event_mention_argument ROLE="Location" ID="T3">
        <charseq START="116" END="123">Belgium</charseq>
      </event_mention_argument>
      <event_mention_argument ROLE="Actor" ID="T4">
        <charseq START="96" END="103">workers</charseq>
      </event_mention_argument>
    </event_mention>
    <event_mention ID="T6">
      <anchor>
        <charseq START="414" END="420">action</charseq>
      </anchor>
      <event_mention_argument ROLE="Location" ID="T7">
        <charseq START="383" END="392">Charleroi</charseq>
      </event_mention_argument>
    </event_mention>
    <event_mention ID="T10">
      <anchor>
        <charseq START="624" END="630">action</charseq>
      </anchor>
      <event_mention_argument ROLE="Location" ID="T11">
        <charseq START="688" END="696">Wallonia</charseq>
      </event_mention_argument>
      <event_mention_argument ROLE="Location" ID="T9">
        <charseq START="587" END="598">La Louviere</charseq>
      </event_mention_argument>
      <event_mention_argument ROLE="Location" ID="T8">
        <charseq START="560" END="565">Namur</charseq>
      </event_mention_argument>
      <event_mention_argument ROLE="Actor" ID="T14">
        <charseq START="657" END="664">drivers</charseq>
      </event_mention_argument>
      <event_mention_argument ROLE="Actor" ID="T13">
        <charseq START="576" END="583">workers</charseq>
      </event_mention_argument>
      <event_mention_argument ROLE="Actor" ID="T12">
        <charseq START="549" END="556">workers</charseq>
      </event_mention_argument>
    </event_mention>
    <event_mention ID="T15">
      <anchor>
        <charseq START="7" END="13">strike</charseq>
      </anchor>
      <event_mention_argument ROLE="Location" ID="T16">
        <charseq START="30" END="37">Belgium</charseq>
      </event_mention_argument>
      <event_mention_argument ROLE="Actor" ID="T17">
        <charseq START="0" END="6">Unions</charseq>
      </event_mention_argument>
    </event_mention>
  </event_mentions>
  <events>
    <event ID="1">
      <action_form>Strike</action_form>
      <location>Belgium</location>
      <date_range>
        <start>2005-10-24</start>
        <end>2005-10-24</end>
      </date_range>
      <actors>
        <actor>Trade union</actor>
      </actors>
      <issues>
        <issue>For social rights</issue>
      </issues>
      <size/>
      <comment/>
      <link REFID="T1"/>
      <link REFID="T15"/>
      <link REFID="T6"/>
    </event>
    <event ID="2">
      <action_form>Strike</action_form>
      <location>Belgium</location>
      <date_range>
        <start>2005-10-24</start>
        <end>2005-10-24</end>
      </date_range>
      <actors>
        <actor>Trade union</actor>
      </actors>
      <issues>
        <issue>For social rights</issue>
      </issues>
      <size/>
      <comment/>
      <link REFID="T15"/>
      <link REFID="T1"/>
      <link REFID="T10"/>
    </event>
    <event ID="3">
      <action_form>Strike</action_form>
      <location>Belgium</location>
      <date_range>
        <start>2005-10-24</start>
        <end>2005-10-24</end>
      </date_range>
      <actors>
        <actor>Trade union</actor>
      </actors>
      <issues>
        <issue>For social rights</issue>
      </issues>
      <size/>
      <comment/>
      <link REFID="T10"/>
      <link REFID="T15"/>
      <link REFID="T1"/>
    </event>
    <event ID="4">
      <action_form>Strike</action_form>
      <location>Belgium</location>
      <date_range>
        <start>2005-10-24</start>
        <end>2005-10-24</end>
      </date_range>
      <actors>
        <actor>Trade union</actor>
      </actors>
      <issues>
        <issue>For social rights</issue>
      </issues>
      <size/>
      <comment/>
      <link REFID="T10"/>
      <link REFID="T15"/>
      <link REFID="T1"/>
    </event>
  </events>
</document>
