<?xml version='1.0' encoding='utf8'?>
<document PUBLICATION_DATE="2003-03-25" DOCID="APW_ENG_20030325.0202">
  <event_mentions>
    <event_mention ID="T1">
      <anchor>
        <charseq START="20" END="25">rally</charseq>
      </anchor>
      <event_mention_argument ROLE="Issue" ID="T2">
        <charseq START="0" END="8">Anti-war</charseq>
      </event_mention_argument>
      <event_mention_argument ROLE="Location" ID="T4">
        <charseq START="33" END="38">Greek</charseq>
      </event_mention_argument>
      <event_mention_argument ROLE="Actor" ID="T3">
        <charseq START="9" END="19">protesters</charseq>
      </event_mention_argument>
    </event_mention>
    <event_mention ID="T5">
      <anchor>
        <charseq START="119" END="126">chanted</charseq>
      </anchor>
      <event_mention_argument ROLE="Date" ID="T10">
        <charseq START="195" END="202">Tuesday</charseq>
      </event_mention_argument>
      <event_mention_argument ROLE="Issue" ID="T7">
        <charseq START="99" END="107">anti-war</charseq>
      </event_mention_argument>
      <event_mention_argument ROLE="Location" ID="T9">
        <charseq START="188" END="194">Athens</charseq>
      </event_mention_argument>
      <event_mention_argument ROLE="Actor" ID="T8">
        <charseq START="108" END="118">protesters</charseq>
      </event_mention_argument>
      <event_mention_argument ROLE="Size" ID="T6">
        <charseq START="83" END="98">Several hundred</charseq>
      </event_mention_argument>
    </event_mention>
    <event_mention ID="T13">
      <anchor>
        <charseq START="292" END="297">stood</charseq>
      </anchor>
      <event_mention_argument ROLE="Issue" ID="T12">
        <charseq START="274" END="282">anti-war</charseq>
      </event_mention_argument>
      <event_mention_argument ROLE="Actor" ID="T11">
        <charseq START="242" END="252">protesters</charseq>
      </event_mention_argument>
    </event_mention>
    <event_mention ID="T14">
      <anchor>
        <charseq START="454" END="460">placed</charseq>
      </anchor>
    </event_mention>
  </event_mentions>
  <events>
    <event ID="1">
      <action_form>Demonstration</action_form>
      <location>Greece</location>
      <date_range>
        <start>2003-03-25</start>
        <end>2003-03-25</end>
      </date_range>
      <actors>
        <actor>Left-libertarians</actor>
      </actors>
      <issues>
        <issue>For peace</issue>
      </issues>
      <size>100-999 people</size>
      <comment/>
      <link REFID="T1"/>
      <link REFID="T5"/>
      <link REFID="T13"/>
      <link REFID="T14"/>
    </event>
  </events>
</document>
