<?xml version='1.0' encoding='utf8'?>
<document PUBLICATION_DATE="2003-03-19" DOCID="APW_ENG_20030319.0384">
  <event_mentions>
    <event_mention ID="T1">
      <anchor>
        <charseq START="97" END="104">boarded</charseq>
      </anchor>
      <event_mention_argument ROLE="Date" ID="T3">
        <charseq START="146" END="155">Wednesday</charseq>
      </event_mention_argument>
      <event_mention_argument ROLE="Issue" ID="T5">
        <charseq START="171" END="189">overfishing of cod</charseq>
      </event_mention_argument>
      <event_mention_argument ROLE="Location" ID="T4">
        <charseq START="135" END="145">Baltic Sea</charseq>
      </event_mention_argument>
      <event_mention_argument ROLE="Actor" ID="T2">
        <charseq START="76" END="86">Greenpeace</charseq>
      </event_mention_argument>
    </event_mention>
    <event_mention ID="T6">
      <anchor>
        <charseq START="204" END="211">protest</charseq>
      </anchor>
      <event_mention_argument ROLE="Location" ID="T7">
        <charseq START="257" END="265">Bornholm</charseq>
      </event_mention_argument>
      <event_mention_argument ROLE="Actor" ID="T8">
        <charseq START="322" END="332">Greenpeace</charseq>
      </event_mention_argument>
    </event_mention>
    <event_mention ID="T9">
      <anchor>
        <charseq START="11" END="17">boards</charseq>
      </anchor>
      <event_mention_argument ROLE="Issue" ID="T11">
        <charseq START="37" END="52">fishing protest</charseq>
      </event_mention_argument>
      <event_mention_argument ROLE="Actor" ID="T10">
        <charseq START="0" END="10">Greenpeace</charseq>
      </event_mention_argument>
    </event_mention>
  </event_mentions>
  <events>
    <event ID="1">
      <action_form>Occupation / Blockade</action_form>
      <location>Denmark</location>
      <date_range>
        <start>2003-03-19</start>
        <end>2003-03-19</end>
      </date_range>
      <actors>
        <actor>Left-libertarians</actor>
      </actors>
      <issues>
        <issue>Environmental protection</issue>
      </issues>
      <size/>
      <comment/>
      <link REFID="T1"/>
      <link REFID="T6"/>
      <link REFID="T9"/>
    </event>
  </events>
</document>
