<?xml version='1.0' encoding='utf8'?>
<document PUBLICATION_DATE="2002-04-24" DOCID="APW_ENG_20020424.0942">
  <event_mentions>
    <event_mention ID="T1">
      <anchor>
        <charseq START="302" END="310">demanded</charseq>
      </anchor>
      <event_mention_argument ROLE="Date" ID="T4">
        <charseq START="251" END="260">Wednesday</charseq>
      </event_mention_argument>
      <event_mention_argument ROLE="Actor" ID="T3">
        <charseq START="283" END="295">shareholders</charseq>
      </event_mention_argument>
      <event_mention_argument ROLE="Actor" ID="T2">
        <charseq START="268" END="278">protesters</charseq>
      </event_mention_argument>
    </event_mention>
    <event_mention ID="T5">
      <anchor>
        <charseq START="533" END="537">wore</charseq>
      </anchor>
      <event_mention_argument ROLE="Issue" ID="T8">
        <charseq START="661" END="732">company's falling share price, huge 2001 net loss, and unclear strategy</charseq>
      </event_mention_argument>
      <event_mention_argument ROLE="Actor" ID="T7">
        <charseq START="589" END="601">shareholders</charseq>
      </event_mention_argument>
      <event_mention_argument ROLE="Actor" ID="T6">
        <charseq START="522" END="532">Protesters</charseq>
      </event_mention_argument>
    </event_mention>
    <event_mention ID="T9">
      <anchor>
        <charseq START="1065" END="1073">protests</charseq>
      </anchor>
      <event_mention_argument ROLE="Actor" ID="T10">
        <charseq START="1090" END="1099">employees</charseq>
      </event_mention_argument>
    </event_mention>
  </event_mentions>
  <events>
    <event ID="1">
      <action_form>Demonstration</action_form>
      <location>France</location>
      <date_range>
        <start>2002-04-24</start>
        <end>2002-04-24</end>
      </date_range>
      <actors>
        <actor>Occupational group</actor>
      </actors>
      <issues>
        <issue>For labour rights</issue>
      </issues>
      <size/>
      <comment/>
      <link REFID="T1"/>
      <link REFID="T5"/>
      <link REFID="T9"/>
    </event>
  </events>
</document>
