<?xml version='1.0' encoding='utf8'?>
<document PUBLICATION_DATE="2005-10-11" DOCID="APW_ENG_20051011.0213">
  <event_mentions>
    <event_mention ID="T1">
      <anchor>
        <charseq START="999" END="1005">strike</charseq>
      </anchor>
      <event_mention_argument ROLE="Date" ID="T2">
        <charseq START="1052" END="1058">Friday</charseq>
      </event_mention_argument>
      <event_mention_argument ROLE="Actor" ID="T3">
        <charseq START="1041" END="1046">union</charseq>
      </event_mention_argument>
    </event_mention>
    <event_mention ID="T5">
      <anchor>
        <charseq START="1174" END="1178">shut</charseq>
      </anchor>
      <event_mention_argument ROLE="Issue" ID="T6">
        <charseq START="1236" END="1270">planned changes to social security</charseq>
      </event_mention_argument>
      <event_mention_argument ROLE="Location" ID="T4">
        <charseq START="1157" END="1164">Antwerp</charseq>
      </event_mention_argument>
    </event_mention>
  </event_mentions>
  <events>
    <event ID="1">
      <action_form>Strike</action_form>
      <location>Belgium</location>
      <date_range>
        <start>2005-10-07</start>
        <end>2005-10-07</end>
      </date_range>
      <actors>
        <actor>Trade union</actor>
        <actor>Occupational group</actor>
      </actors>
      <issues>
        <issue>For social rights</issue>
      </issues>
      <size/>
      <comment/>
      <link REFID="T1"/>
      <link REFID="T5"/>
    </event>
    <event ID="2">
      <action_form>Strike</action_form>
      <location>Belgium</location>
      <date_range>
        <start>2005-10-07</start>
        <end>2005-10-07</end>
      </date_range>
      <actors>
        <actor>Trade union</actor>
        <actor>Occupational group</actor>
      </actors>
      <issues>
        <issue>For social rights</issue>
      </issues>
      <size/>
      <comment/>
      <link REFID="T5"/>
    </event>
  </events>
</document>
