<?xml version='1.0' encoding='utf8'?>
<document PUBLICATION_DATE="2002-04-08" DOCID="APW_ENG_20020408.0650">
  <event_mentions>
    <event_mention ID="T2">
      <anchor>
        <charseq START="161" END="170">blockaded</charseq>
      </anchor>
      <event_mention_argument ROLE="Date" ID="T4">
        <charseq START="245" END="251">Monday</charseq>
      </event_mention_argument>
      <event_mention_argument ROLE="Issue" ID="T5">
        <charseq START="263" END="284">higher crop subsidies</charseq>
      </event_mention_argument>
      <event_mention_argument ROLE="Location" ID="T3">
        <charseq START="218" END="224">Greece</charseq>
      </event_mention_argument>
      <event_mention_argument ROLE="Actor" ID="T1">
        <charseq START="153" END="160">farmers</charseq>
      </event_mention_argument>
    </event_mention>
    <event_mention ID="T7">
      <anchor>
        <charseq START="15" END="23">blockade</charseq>
      </anchor>
      <event_mention_argument ROLE="Date" ID="T8">
        <charseq START="42" END="52">fourth day</charseq>
      </event_mention_argument>
      <event_mention_argument ROLE="Actor" ID="T6">
        <charseq START="7" END="14">farmers</charseq>
      </event_mention_argument>
    </event_mention>
    <event_mention ID="T9">
      <anchor>
        <charseq START="326" END="331">block</charseq>
      </anchor>
      <event_mention_argument ROLE="Location" ID="T11">
        <charseq START="422" END="428">Greece</charseq>
      </event_mention_argument>
      <event_mention_argument ROLE="Actor" ID="T10">
        <charseq START="290" END="297">farmers</charseq>
      </event_mention_argument>
    </event_mention>
    <event_mention ID="T12">
      <anchor>
        <charseq START="534" END="540">blocks</charseq>
      </anchor>
      <event_mention_argument ROLE="Location" ID="T14">
        <charseq START="571" END="577">Greece</charseq>
      </event_mention_argument>
      <event_mention_argument ROLE="Actor" ID="T13">
        <charseq START="501" END="511">Protesters</charseq>
      </event_mention_argument>
    </event_mention>
    <event_mention ID="T15">
      <anchor>
        <charseq START="603" END="607">shut</charseq>
      </anchor>
    </event_mention>
    <event_mention ID="T16">
      <anchor>
        <charseq START="650" END="658">closures</charseq>
      </anchor>
    </event_mention>
    <event_mention ID="T18">
      <anchor>
        <charseq START="856" END="862">staged</charseq>
      </anchor>
      <event_mention_argument ROLE="Issue" ID="T19">
        <charseq START="946" END="1033">amount of cotton from this year's harvest that is eligible for European Union subsidies</charseq>
      </event_mention_argument>
      <event_mention_argument ROLE="Actor" ID="T17">
        <charseq START="838" END="845">Farmers</charseq>
      </event_mention_argument>
    </event_mention>
    <event_mention ID="T20">
      <anchor>
        <charseq START="1183" END="1192">blockades</charseq>
      </anchor>
      <event_mention_argument ROLE="Actor" ID="T21">
        <charseq START="1161" END="1168">farmers</charseq>
      </event_mention_argument>
    </event_mention>
    <event_mention ID="T22">
      <anchor>
        <charseq START="1729" END="1737">blocking</charseq>
      </anchor>
    </event_mention>
    <event_mention ID="T23">
      <anchor>
        <charseq START="1796" END="1805">blockades</charseq>
      </anchor>
    </event_mention>
    <event_mention ID="T24">
      <anchor>
        <charseq START="1859" END="1867">protests</charseq>
      </anchor>
      <event_mention_argument ROLE="Actor" ID="T25">
        <charseq START="1838" END="1845">farmers</charseq>
      </event_mention_argument>
    </event_mention>
  </event_mentions>
  <events>
    <event ID="1">
      <action_form>Occupation / Blockade</action_form>
      <location>Greece</location>
      <date_range>
        <start>2002-04-05</start>
        <end>2002-04-08</end>
      </date_range>
      <actors>
        <actor>Farmers</actor>
      </actors>
      <issues>
        <issue>For labour rights</issue>
      </issues>
      <size/>
      <comment/>
      <link REFID="T2"/>
      <link REFID="T7"/>
      <link REFID="T9"/>
      <link REFID="T12"/>
      <link REFID="T15"/>
      <link REFID="T16"/>
      <link REFID="T18"/>
      <link REFID="T20"/>
      <link REFID="T22"/>
      <link REFID="T23"/>
      <link REFID="T24"/>
    </event>
  </events>
</document>
