<?xml version='1.0' encoding='utf8'?>
<document PUBLICATION_DATE="2005-09-11" DOCID="APW_ENG_20050911.0012">
  <event_mentions>
    <event_mention_argument ROLE="Issue" ID="T9">
      <charseq START="223" END="286">public servants will eventually lose their permanent job status</charseq>
    </event_mention_argument>
    <event_mention_argument ROLE="Actor" ID="T18">
      <charseq START="1146" END="1159">demonstrators</charseq>
    </event_mention_argument>
    <event_mention_argument ROLE="Location" ID="T19">
      <charseq START="1187" END="1191">city</charseq>
    </event_mention_argument>
    <event_mention ID="T1">
      <anchor>
        <charseq START="7" END="14">protest</charseq>
      </anchor>
      <event_mention_argument ROLE="Issue" ID="T24">
        <charseq START="33" END="61">permanent public-sector jobs</charseq>
      </event_mention_argument>
      <event_mention_argument ROLE="Location" ID="T3">
        <charseq START="18" END="24">Greece</charseq>
      </event_mention_argument>
      <event_mention_argument ROLE="Actor" ID="T2">
        <charseq START="0" END="6">Unions</charseq>
      </event_mention_argument>
    </event_mention>
    <event_mention ID="T7">
      <anchor>
        <charseq START="140" END="147">rallied</charseq>
      </anchor>
      <event_mention_argument ROLE="Location" ID="T8">
        <charseq START="165" END="170">Greek</charseq>
      </event_mention_argument>
      <event_mention_argument ROLE="Actor" ID="T6">
        <charseq START="129" END="139">protesters</charseq>
      </event_mention_argument>
      <event_mention_argument ROLE="Actor" ID="T5">
        <charseq START="109" END="118">unionists</charseq>
      </event_mention_argument>
      <event_mention_argument ROLE="Size" ID="T4">
        <charseq START="83" END="99">More than 10,000</charseq>
      </event_mention_argument>
    </event_mention>
    <event_mention ID="T16">
      <anchor>
        <charseq START="970" END="977">chanted</charseq>
      </anchor>
      <event_mention_argument ROLE="Date" ID="T15">
        <charseq START="1119" END="1127">Saturday</charseq>
      </event_mention_argument>
      <event_mention_argument ROLE="Issue" ID="T13">
        <charseq START="978" END="1008">"resistance is the only road,"</charseq>
      </event_mention_argument>
      <event_mention_argument ROLE="Location" ID="T14">
        <charseq START="1057" END="1069">Thessaloniki</charseq>
      </event_mention_argument>
      <event_mention_argument ROLE="Actor" ID="T12">
        <charseq START="933" END="942">activists</charseq>
      </event_mention_argument>
      <event_mention_argument ROLE="Actor" ID="T11">
        <charseq START="899" END="909">pensioners</charseq>
      </event_mention_argument>
      <event_mention_argument ROLE="Actor" ID="T10">
        <charseq START="873" END="883">protesters</charseq>
      </event_mention_argument>
    </event_mention>
    <event_mention ID="T20">
      <anchor>
        <charseq START="1248" END="1253">threw</charseq>
      </anchor>
      <event_mention_argument ROLE="Actor" ID="T23">
        <charseq START="1241" END="1247">youths</charseq>
      </event_mention_argument>
    </event_mention>
    <event_mention ID="T21">
      <anchor>
        <charseq START="1290" END="1293">set</charseq>
      </anchor>
    </event_mention>
    <event_mention ID="T22">
      <anchor>
        <charseq START="1317" END="1323">burned</charseq>
      </anchor>
    </event_mention>
  </event_mentions>
  <events>
    <event ID="1">
      <action_form>Demonstration</action_form>
      <location>Greece</location>
      <date_range>
        <start>2005-09-10</start>
        <end>2005-09-10</end>
      </date_range>
      <actors>
        <actor>Left-libertarians</actor>
        <actor>Trade union</actor>
        <actor>Occupational group</actor>
      </actors>
      <issues>
        <issue>For labour rights</issue>
      </issues>
      <size>10,000 or more people</size>
      <comment/>
      <link REFID="T1"/>
      <link REFID="T7"/>
      <link REFID="T16"/>
    </event>
    <event ID="2">
      <action_form>Political violence</action_form>
      <location>Greece</location>
      <date_range>
        <start>2005-09-10</start>
        <end>2005-09-10</end>
      </date_range>
      <actors>
        <actor>Left-libertarians</actor>
        <actor>Occupational group</actor>
      </actors>
      <issues>
        <issue>For labour rights</issue>
      </issues>
      <size/>
      <comment/>
      <link REFID="T20"/>
      <link REFID="T21"/>
      <link REFID="T22"/>
    </event>
  </events>
</document>
