<?xml version='1.0' encoding='utf8'?>
<document PUBLICATION_DATE="2006-03-18" DOCID="APW_ENG_20060318.0778">
  <event_mentions>
    <event_mention ID="T1">
      <anchor>
        <charseq START="103" END="110">clashed</charseq>
      </anchor>
      <event_mention_argument ROLE="Actor" ID="T3">
        <charseq START="94" END="102">students</charseq>
      </event_mention_argument>
    </event_mention>
    <event_mention ID="T5">
      <anchor>
        <charseq START="224" END="231">protest</charseq>
      </anchor>
      <event_mention_argument ROLE="Date" ID="T4">
        <charseq START="150" END="158">Saturday</charseq>
      </event_mention_argument>
      <event_mention_argument ROLE="Location" ID="T2">
        <charseq START="130" END="135">Paris</charseq>
      </event_mention_argument>
    </event_mention>
    <event_mention ID="T8">
      <anchor>
        <charseq START="275" END="289">demonstrations</charseq>
      </anchor>
      <event_mention_argument ROLE="Date" ID="T9">
        <charseq START="290" END="298">Saturday</charseq>
      </event_mention_argument>
      <event_mention_argument ROLE="Issue" ID="T6">
        <charseq START="240" END="254">a new jobs law</charseq>
      </event_mention_argument>
      <event_mention_argument ROLE="Location" ID="T7">
        <charseq START="264" END="274">nationwide</charseq>
      </event_mention_argument>
      <event_mention_argument ROLE="Actor" ID="T11">
        <charseq START="322" END="328">people</charseq>
      </event_mention_argument>
      <event_mention_argument ROLE="Size" ID="T10">
        <charseq START="309" END="321">some 500,000</charseq>
      </event_mention_argument>
    </event_mention>
    <event_mention ID="T12">
      <anchor>
        <charseq START="395" END="400">march</charseq>
      </anchor>
      <event_mention_argument ROLE="Location" ID="T13">
        <charseq START="389" END="394">Paris</charseq>
      </event_mention_argument>
      <event_mention_argument ROLE="Actor" ID="T14">
        <charseq START="364" END="370">youths</charseq>
      </event_mention_argument>
    </event_mention>
    <event_mention ID="T16">
      <anchor>
        <charseq START="445" END="450">moved</charseq>
      </anchor>
      <event_mention_argument ROLE="Location" ID="T17">
        <charseq START="458" END="462">town</charseq>
      </event_mention_argument>
      <event_mention_argument ROLE="Actor" ID="T15">
        <charseq START="430" END="440">protesters</charseq>
      </event_mention_argument>
    </event_mention>
    <event_mention ID="T18">
      <anchor>
        <charseq START="480" END="488">torching</charseq>
      </anchor>
    </event_mention>
    <event_mention ID="T19">
      <anchor>
        <charseq START="537" END="548">dismantling</charseq>
      </anchor>
    </event_mention>
    <event_mention ID="T20">
      <anchor>
        <charseq START="621" END="628">marches</charseq>
      </anchor>
    </event_mention>
    <event_mention ID="T21">
      <anchor>
        <charseq START="640" END="648">protests</charseq>
      </anchor>
    </event_mention>
    <event_mention ID="T22">
      <anchor>
        <charseq START="787" END="793">hurled</charseq>
      </anchor>
      <event_mention_argument ROLE="Actor" ID="T23">
        <charseq START="774" END="782">students</charseq>
      </event_mention_argument>
      <event_mention_argument ROLE="Size" ID="T24">
        <charseq START="758" END="773">several hundred</charseq>
      </event_mention_argument>
    </event_mention>
    <event_mention ID="T25">
      <anchor>
        <charseq START="1014" END="1021">torched</charseq>
      </anchor>
      <event_mention_argument ROLE="Actor" ID="T26">
        <charseq START="995" END="1005">protesters</charseq>
      </event_mention_argument>
    </event_mention>
    <event_mention ID="T27">
      <anchor>
        <charseq START="1102" END="1110">attacked</charseq>
      </anchor>
    </event_mention>
    <event_mention ID="T28">
      <anchor>
        <charseq START="1179" END="1184">march</charseq>
      </anchor>
    </event_mention>
    <event_mention ID="T29">
      <anchor>
        <charseq START="16" END="21">clash</charseq>
      </anchor>
    </event_mention>
    <event_mention ID="T30">
      <anchor>
        <charseq START="72" END="80">protests</charseq>
      </anchor>
      <event_mention_argument ROLE="Issue" ID="T31">
        <charseq START="63" END="71">jobs law</charseq>
      </event_mention_argument>
      <event_mention_argument ROLE="Location" ID="T32">
        <charseq START="0" END="6">French</charseq>
      </event_mention_argument>
      <event_mention_argument ROLE="Actor" ID="T33">
        <charseq START="7" END="15">students</charseq>
      </event_mention_argument>
    </event_mention>
  </event_mentions>
  <events>
    <event ID="1">
      <action_form>Political violence</action_form>
      <location>France</location>
      <date_range>
        <start>2006-03-18</start>
        <end>2006-03-18</end>
      </date_range>
      <actors>
        <actor>Students</actor>
      </actors>
      <issues>
        <issue>For social rights</issue>
        <issue>For labour rights</issue>
      </issues>
      <size>100-999 people</size>
      <comment/>
      <link REFID="T1"/>
      <link REFID="T21"/>
      <link REFID="T22"/>
      <link REFID="T25"/>
      <link REFID="T27"/>
      <link REFID="T29"/>
    </event>
    <event ID="2">
      <action_form>Demonstration</action_form>
      <location>France</location>
      <date_range>
        <start>2006-03-18</start>
        <end>2006-03-18</end>
      </date_range>
      <actors>
        <actor>Students</actor>
      </actors>
      <issues>
        <issue>For social rights</issue>
        <issue>For labour rights</issue>
      </issues>
      <size/>
      <comment/>
      <link REFID="T5"/>
      <link REFID="T12"/>
      <link REFID="T16"/>
      <link REFID="T18"/>
      <link REFID="T19"/>
      <link REFID="T20"/>
      <link REFID="T28"/>
      <link REFID="T30"/>
    </event>
    <event ID="3">
      <action_form>Demonstration</action_form>
      <location>France</location>
      <date_range>
        <start>2006-03-18</start>
        <end>2006-03-18</end>
      </date_range>
      <actors>
        <actor>Students</actor>
      </actors>
      <issues>
        <issue>For social rights</issue>
        <issue>For labour rights</issue>
      </issues>
      <size>10,000 or more people</size>
      <comment/>
      <link REFID="T8"/>
      <link REFID="T30"/>
    </event>
  </events>
</document>
