<?xml version='1.0' encoding='utf8'?>
<document PUBLICATION_DATE="2003-04-20" DOCID="APW_ENG_20030420.0199">
  <event_mentions>
    <event_mention_argument ROLE="Actor" ID="T4">
      <charseq START="132" END="145">demonstrators</charseq>
    </event_mention_argument>
    <event_mention ID="T1">
      <anchor>
        <charseq START="188" END="193">march</charseq>
      </anchor>
      <event_mention_argument ROLE="Date" ID="T5">
        <charseq START="146" END="152">Sunday</charseq>
      </event_mention_argument>
      <event_mention_argument ROLE="Issue" ID="T2">
        <charseq START="219" END="242">Adolf Hitler's birthday</charseq>
      </event_mention_argument>
      <event_mention_argument ROLE="Location" ID="T6">
        <charseq START="176" END="182">Weimar</charseq>
      </event_mention_argument>
      <event_mention_argument ROLE="Actor" ID="T3">
        <charseq START="105" END="114">neo-Nazis</charseq>
      </event_mention_argument>
    </event_mention>
    <event_mention ID="T7">
      <anchor>
        <charseq START="283" END="288">march</charseq>
      </anchor>
      <event_mention_argument ROLE="Actor" ID="T8">
        <charseq START="260" END="269">neo-Nazis</charseq>
      </event_mention_argument>
      <event_mention_argument ROLE="Size" ID="T9">
        <charseq START="256" END="259">150</charseq>
      </event_mention_argument>
    </event_mention>
    <event_mention ID="T10">
      <anchor>
        <charseq START="361" END="371">procession</charseq>
      </anchor>
    </event_mention>
    <event_mention ID="T11">
      <anchor>
        <charseq START="506" END="513">chanted</charseq>
      </anchor>
      <event_mention_argument ROLE="Issue" ID="T13">
        <charseq START="514" END="535">anti-American slogans</charseq>
      </event_mention_argument>
      <event_mention_argument ROLE="Actor" ID="T12">
        <charseq START="487" END="497">extremists</charseq>
      </event_mention_argument>
    </event_mention>
    <event_mention ID="T14">
      <anchor>
        <charseq START="32" END="37">march</charseq>
      </anchor>
      <event_mention_argument ROLE="Date" ID="T16">
        <charseq START="41" END="58">Hitler's birthday</charseq>
      </event_mention_argument>
      <event_mention_argument ROLE="Issue" ID="T15">
        <charseq START="23" END="31">neo-Nazi</charseq>
      </event_mention_argument>
    </event_mention>
  </event_mentions>
  <events>
    <event ID="1">
      <action_form>Demonstration</action_form>
      <location>Germany</location>
      <date_range>
        <start>2003-04-20</start>
        <end>2003-04-20</end>
      </date_range>
      <actors>
        <actor>Extreme-right supporters</actor>
      </actors>
      <issues/>
      <size>100-999 people</size>
      <comment/>
      <link REFID="T1"/>
      <link REFID="T7"/>
      <link REFID="T10"/>
      <link REFID="T11"/>
      <link REFID="T14"/>
    </event>
    <event ID="2">
      <action_form>Demonstration</action_form>
      <location>Germany</location>
      <date_range>
        <start>2003-04-20</start>
        <end>2003-04-20</end>
      </date_range>
      <actors>
        <actor>Left-libertarians</actor>
      </actors>
      <issues/>
      <size>100-999 people</size>
      <comment/>
      <link REFID="T1"/>
    </event>
  </events>
</document>
