<?xml version='1.0' encoding='utf8'?>
<document PUBLICATION_DATE="2003-04-08" DOCID="APW_ENG_20030408.0393">
  <event_mentions>
    <event_mention ID="T1">
      <anchor>
        <charseq START="9" END="17">protests</charseq>
      </anchor>
      <event_mention_argument ROLE="Issue" ID="T2">
        <charseq START="0" END="8">Anti-war</charseq>
      </event_mention_argument>
      <event_mention_argument ROLE="Location" ID="T3">
        <charseq START="51" END="55">Rome</charseq>
      </event_mention_argument>
    </event_mention>
    <event_mention ID="T7">
      <anchor>
        <charseq START="133" END="138">tried</charseq>
      </anchor>
      <event_mention_argument ROLE="Issue" ID="T6">
        <charseq START="116" END="124">anti-war</charseq>
      </event_mention_argument>
      <event_mention_argument ROLE="Location" ID="T8">
        <charseq START="240" END="244">Rome</charseq>
      </event_mention_argument>
      <event_mention_argument ROLE="Actor" ID="T5">
        <charseq START="96" END="106">protesters</charseq>
      </event_mention_argument>
      <event_mention_argument ROLE="Actor" ID="T4">
        <charseq START="77" END="85">Students</charseq>
      </event_mention_argument>
    </event_mention>
    <event_mention ID="T11">
      <anchor>
        <charseq START="418" END="423">burst</charseq>
      </anchor>
      <event_mention_argument ROLE="Issue" ID="T12">
        <charseq START="453" END="461">anti-war</charseq>
      </event_mention_argument>
      <event_mention_argument ROLE="Issue" ID="T13">
        <charseq START="499" END="524">``No peace -- no party,''</charseq>
      </event_mention_argument>
      <event_mention_argument ROLE="Location" ID="T14">
        <charseq START="529" END="533">Rome</charseq>
      </event_mention_argument>
      <event_mention_argument ROLE="Actor" ID="T10">
        <charseq START="407" END="417">protesters</charseq>
      </event_mention_argument>
      <event_mention_argument ROLE="Size" ID="T9">
        <charseq START="398" END="406">some 100</charseq>
      </event_mention_argument>
    </event_mention>
    <event_mention ID="T17">
      <anchor>
        <charseq START="599" END="604">stood</charseq>
      </anchor>
      <event_mention_argument ROLE="Issue" ID="T18">
        <charseq START="676" END="704">`Stop, stop, stop the war,''</charseq>
      </event_mention_argument>
      <event_mention_argument ROLE="Location" ID="T19">
        <charseq START="709" END="716">Italian</charseq>
      </event_mention_argument>
      <event_mention_argument ROLE="Actor" ID="T15">
        <charseq START="588" END="598">protesters</charseq>
      </event_mention_argument>
      <event_mention_argument ROLE="Size" ID="T16">
        <charseq START="570" END="578">Hundreds</charseq>
      </event_mention_argument>
    </event_mention>
  </event_mentions>
  <events>
    <event ID="1">
      <action_form>Occupation / Blockade</action_form>
      <location>Italy</location>
      <date_range>
        <start>2003-04-07</start>
        <end>2003-04-07</end>
      </date_range>
      <actors>
        <actor>Left-libertarians</actor>
        <actor>Students</actor>
      </actors>
      <issues>
        <issue>For peace</issue>
      </issues>
      <size>100-999 people</size>
      <comment/>
      <link REFID="T1"/>
      <link REFID="T7"/>
      <link REFID="T11"/>
      <link REFID="T17"/>
    </event>
  </events>
</document>
