<?xml version='1.0' encoding='utf8'?>
<document PUBLICATION_DATE="2003-10-12" DOCID="APW_ENG_20031012.0141">
  <event_mentions>
    <event_mention ID="T1">
      <anchor>
        <charseq START="5" END="11">blasts</charseq>
      </anchor>
    </event_mention>
    <event_mention ID="T2">
      <anchor>
        <charseq START="33" END="39">attack</charseq>
      </anchor>
    </event_mention>
    <event_mention ID="T3">
      <anchor>
        <charseq START="125" END="133">exploded</charseq>
      </anchor>
      <event_mention_argument ROLE="Date" ID="T4">
        <charseq START="151" END="163">early Sunday</charseq>
      </event_mention_argument>
      <event_mention_argument ROLE="Location" ID="T5">
        <charseq START="176" END="181">Spain</charseq>
      </event_mention_argument>
    </event_mention>
    <event_mention ID="T6">
      <anchor>
        <charseq START="297" END="307">explosions</charseq>
      </anchor>
      <event_mention_argument ROLE="Date" ID="T7">
        <charseq START="326" END="335">5.20 a.m.</charseq>
      </event_mention_argument>
      <event_mention_argument ROLE="Location" ID="T8">
        <charseq START="371" END="375">Irun</charseq>
      </event_mention_argument>
    </event_mention>
    <event_mention ID="T9">
      <anchor>
        <charseq START="559" END="564">blast</charseq>
      </anchor>
    </event_mention>
    <event_mention ID="T10">
      <anchor>
        <charseq START="530" END="536">placed</charseq>
      </anchor>
    </event_mention>
    <event_mention ID="T11">
      <anchor>
        <charseq START="860" END="866">attack</charseq>
      </anchor>
    </event_mention>
  </event_mentions>
  <events>
    <event ID="1">
      <action_form>Gruesome violence</action_form>
      <location>Spain</location>
      <date_range>
        <start>2003-10-12</start>
        <end>2003-10-12</end>
      </date_range>
      <actors/>
      <issues/>
      <size/>
      <comment/>
      <link REFID="T1"/>
      <link REFID="T2"/>
      <link REFID="T3"/>
      <link REFID="T6"/>
      <link REFID="T9"/>
      <link REFID="T10"/>
      <link REFID="T11"/>
    </event>
  </events>
</document>
