<?xml version='1.0' encoding='utf8'?>
<document PUBLICATION_DATE="2003-09-29" DOCID="APW_ENG_20030929.0228">
  <event_mentions>
    <event_mention ID="T5">
      <anchor>
        <charseq START="121" END="128">blocked</charseq>
      </anchor>
      <event_mention_argument ROLE="Date" ID="T1">
        <charseq START="180" END="186">Monday</charseq>
      </event_mention_argument>
      <event_mention_argument ROLE="Issue" ID="T6">
        <charseq START="201" END="276">major cost-cutting plan at the loss-making French tanks and armaments maker</charseq>
      </event_mention_argument>
      <event_mention_argument ROLE="Location" ID="T4">
        <charseq START="170" END="176">France</charseq>
      </event_mention_argument>
      <event_mention_argument ROLE="Actor" ID="T2">
        <charseq START="92" END="101">employees</charseq>
      </event_mention_argument>
      <event_mention_argument ROLE="Size" ID="T3">
        <charseq START="80" END="88">Hundreds</charseq>
      </event_mention_argument>
    </event_mention>
    <event_mention ID="T7">
      <anchor>
        <charseq START="15" END="22">protest</charseq>
      </anchor>
      <event_mention_argument ROLE="Issue" ID="T9">
        <charseq START="23" END="57">restructuring at French arms maker</charseq>
      </event_mention_argument>
      <event_mention_argument ROLE="Location" ID="T10">
        <charseq START="40" END="46">French</charseq>
      </event_mention_argument>
      <event_mention_argument ROLE="Actor" ID="T8">
        <charseq START="5" END="14">employees</charseq>
      </event_mention_argument>
    </event_mention>
    <event_mention ID="T11">
      <anchor>
        <charseq START="294" END="302">picketed</charseq>
      </anchor>
      <event_mention_argument ROLE="Location" ID="T14">
        <charseq START="357" END="365">Toulouse</charseq>
      </event_mention_argument>
      <event_mention_argument ROLE="Actor" ID="T13">
        <charseq START="287" END="293">people</charseq>
      </event_mention_argument>
      <event_mention_argument ROLE="Size" ID="T12">
        <charseq START="278" END="286">Some 200</charseq>
      </event_mention_argument>
    </event_mention>
    <event_mention ID="T17">
      <anchor>
        <charseq START="392" END="401">protested</charseq>
      </anchor>
      <event_mention_argument ROLE="Location" ID="T18">
        <charseq START="441" END="454">Saint-Chamond</charseq>
      </event_mention_argument>
      <event_mention_argument ROLE="Location" ID="T19">
        <charseq START="459" END="465">Roanne</charseq>
      </event_mention_argument>
      <event_mention_argument ROLE="Actor" ID="T16">
        <charseq START="385" END="391">people</charseq>
      </event_mention_argument>
      <event_mention_argument ROLE="Size" ID="T15">
        <charseq START="381" END="384">300</charseq>
      </event_mention_argument>
    </event_mention>
  </event_mentions>
  <events>
    <event ID="1">
      <action_form>Occupation / Blockade</action_form>
      <location>France</location>
      <date_range>
        <start>2003-09-29</start>
        <end>2003-09-29</end>
      </date_range>
      <actors>
        <actor>Occupational group</actor>
      </actors>
      <issues>
        <issue>For labour rights</issue>
      </issues>
      <size>100-999 people</size>
      <comment/>
      <link REFID="T5"/>
      <link REFID="T7"/>
      <link REFID="T11"/>
      <link REFID="T17"/>
    </event>
    <event ID="2">
      <action_form>Occupation / Blockade</action_form>
      <location>France</location>
      <date_range>
        <start>2003-09-29</start>
        <end>2003-09-29</end>
      </date_range>
      <actors>
        <actor>Occupational group</actor>
      </actors>
      <issues>
        <issue>For labour rights</issue>
      </issues>
      <size>100-999 people</size>
      <comment/>
      <link REFID="T11"/>
    </event>
    <event ID="3">
      <action_form>Occupation / Blockade</action_form>
      <location>France</location>
      <date_range>
        <start>2003-09-29</start>
        <end>2003-09-29</end>
      </date_range>
      <actors>
        <actor>Occupational group</actor>
      </actors>
      <issues>
        <issue>For labour rights</issue>
      </issues>
      <size>100-999 people</size>
      <comment/>
      <link REFID="T17"/>
    </event>
    <event ID="4">
      <action_form>Occupation / Blockade</action_form>
      <location>France</location>
      <date_range>
        <start>2003-09-29</start>
        <end>2003-09-29</end>
      </date_range>
      <actors>
        <actor>Occupational group</actor>
      </actors>
      <issues>
        <issue>For labour rights</issue>
      </issues>
      <size>100-999 people</size>
      <comment/>
      <link REFID="T17"/>
    </event>
  </events>
</document>
