<?xml version='1.0' encoding='utf8'?>
<document PUBLICATION_DATE="2005-09-25" DOCID="APW_ENG_20050925.0604">
  <event_mentions>
    <event_mention ID="T1">
      <anchor>
        <charseq START="4633" END="4641">gathered</charseq>
      </anchor>
      <event_mention_argument ROLE="Date" ID="T4">
        <charseq START="4672" END="4678">Sunday</charseq>
      </event_mention_argument>
      <event_mention_argument ROLE="Issue" ID="T5">
        <charseq START="4691" END="4753">the release of a British resident being held at Guantanamo Bay</charseq>
      </event_mention_argument>
      <event_mention_argument ROLE="Actor" ID="T3">
        <charseq START="4571" END="4581">protesters</charseq>
      </event_mention_argument>
      <event_mention_argument ROLE="Size" ID="T2">
        <charseq START="4562" END="4570">Some 300</charseq>
      </event_mention_argument>
    </event_mention>
    <event_mention ID="T6">
      <anchor>
        <charseq START="1866" END="1873">pelting</charseq>
      </anchor>
      <event_mention_argument ROLE="Location" ID="T10">
        <charseq START="2005" END="2010">Basra</charseq>
      </event_mention_argument>
      <event_mention_argument ROLE="Actor" ID="T7">
        <charseq START="1859" END="1865">Iraqis</charseq>
      </event_mention_argument>
    </event_mention>
    <event_mention ID="T8">
      <anchor>
        <charseq START="2392" END="2396">riot</charseq>
      </anchor>
      <event_mention_argument ROLE="Location" ID="T9">
        <charseq START="2400" END="2405">Basra</charseq>
      </event_mention_argument>
      <event_mention_argument ROLE="Actor" ID="T11">
        <charseq START="2463" END="2472">residents</charseq>
      </event_mention_argument>
    </event_mention>
    <event_mention ID="T12">
      <anchor>
        <charseq START="28" END="38">insurgency</charseq>
      </anchor>
      <event_mention_argument ROLE="Location" ID="T13">
        <charseq START="42" END="46">Iraq</charseq>
      </event_mention_argument>
    </event_mention>
    <event_mention ID="T14">
      <anchor>
        <charseq START="196" END="206">insurgency</charseq>
      </anchor>
      <event_mention_argument ROLE="Location" ID="T15">
        <charseq START="210" END="214">Iraq</charseq>
      </event_mention_argument>
    </event_mention>
  </event_mentions>
  <events>
    <event ID="1">
      <action_form>Political violence</action_form>
      <location>Europe</location>
      <date_range>
        <start>2005-09-01</start>
        <end>2005-09-25</end>
        <approximate/>
      </date_range>
      <actors/>
      <issues/>
      <size/>
      <comment>Iraq</comment>
      <link REFID="T6"/>
      <link REFID="T8"/>
      <link REFID="T12"/>
      <link REFID="T14"/>
    </event>
    <event ID="2">
      <action_form>Demonstration</action_form>
      <location>United Kingdom</location>
      <date_range>
        <start>2005-09-25</start>
        <end>2005-09-25</end>
      </date_range>
      <actors/>
      <issues/>
      <size>100-999 people</size>
      <comment/>
      <link REFID="T1"/>
    </event>
  </events>
</document>
