<?xml version='1.0' encoding='utf8'?>
<document PUBLICATION_DATE="2003-03-14" DOCID="APW_ENG_20030314.0435">
  <event_mentions>
    <event_mention ID="T1">
      <anchor>
        <charseq START="64" END="70">flyers</charseq>
      </anchor>
      <event_mention_argument ROLE="Issue" ID="T3">
        <charseq START="78" END="92">Jews be killed</charseq>
      </event_mention_argument>
      <event_mention_argument ROLE="Actor" ID="T2">
        <charseq START="13" END="22">spokesman</charseq>
      </event_mention_argument>
      <event_mention_argument ROLE="Actor" ID="T10">
        <charseq START="7" END="12">group</charseq>
      </event_mention_argument>
    </event_mention>
    <event_mention ID="T4">
      <anchor>
        <charseq START="164" END="169">urged</charseq>
      </anchor>
      <event_mention_argument ROLE="Issue" ID="T6">
        <charseq START="177" END="189">to kill Jews</charseq>
      </event_mention_argument>
      <event_mention_argument ROLE="Location" ID="T7">
        <charseq START="222" END="229">Denmark</charseq>
      </event_mention_argument>
      <event_mention_argument ROLE="Actor" ID="T5">
        <charseq START="122" END="131">spokesman</charseq>
      </event_mention_argument>
      <event_mention_argument ROLE="Actor" ID="T9">
        <charseq START="153" END="158">group</charseq>
      </event_mention_argument>
    </event_mention>
    <event_mention ID="T8">
      <anchor>
        <charseq START="546" END="552">passed</charseq>
      </anchor>
      <event_mention_argument ROLE="Date" ID="T13">
        <charseq START="597" END="608">spring 2002</charseq>
      </event_mention_argument>
      <event_mention_argument ROLE="Issue" ID="T14">
        <charseq START="643" END="738">`And kill them wherever you find them, and turn them out from where they have turned you out.''</charseq>
      </event_mention_argument>
      <event_mention_argument ROLE="Location" ID="T12">
        <charseq START="575" END="585">Copenhagen</charseq>
      </event_mention_argument>
      <event_mention_argument ROLE="Actor" ID="T11">
        <charseq START="525" END="532">Members</charseq>
      </event_mention_argument>
    </event_mention>
    <event_mention ID="T15">
      <anchor>
        <charseq START="755" END="760">flyer</charseq>
      </anchor>
    </event_mention>
    <event_mention ID="T16">
      <anchor>
        <charseq START="777" END="783">posted</charseq>
      </anchor>
      <event_mention_argument ROLE="Issue" ID="T17">
        <charseq START="816" END="841">Jews ``people of slander'</charseq>
      </event_mention_argument>
      <event_mention_argument ROLE="Issue" ID="T18">
        <charseq START="852" END="872">they should be kille</charseq>
      </event_mention_argument>
      <event_mention_argument ROLE="Actor" ID="T19">
        <charseq START="791" END="796">group</charseq>
      </event_mention_argument>
    </event_mention>
    <event_mention ID="T22">
      <anchor>
        <charseq START="1347" END="1353">called</charseq>
      </anchor>
      <event_mention_argument ROLE="Issue" ID="T23">
        <charseq START="1358" END="1377">the killing of Jews</charseq>
      </event_mention_argument>
      <event_mention_argument ROLE="Location" ID="T21">
        <charseq START="1228" END="1234">German</charseq>
      </event_mention_argument>
      <event_mention_argument ROLE="Actor" ID="T20">
        <charseq START="1256" END="1261">group</charseq>
      </event_mention_argument>
    </event_mention>
  </event_mentions>
  <events>
    <event ID="1">
      <action_form>Protest</action_form>
      <location>Denmark</location>
      <date_range>
        <start>2002-03-21</start>
        <end>2002-06-21</end>
        <approximate/>
      </date_range>
      <actors>
        <actor>Religious groups / fundamentalists</actor>
      </actors>
      <issues>
        <issue>International cooperation</issue>
      </issues>
      <size/>
      <comment/>
      <link REFID="T1"/>
      <link REFID="T4"/>
      <link REFID="T8"/>
      <link REFID="T15"/>
      <link REFID="T16"/>
    </event>
    <event ID="2">
      <action_form>Demonstration</action_form>
      <location>Germany</location>
      <date_range>
        <start>2002-03-21</start>
        <end>2002-06-21</end>
        <approximate/>
      </date_range>
      <actors>
        <actor>Religious groups / fundamentalists</actor>
      </actors>
      <issues>
        <issue>International cooperation</issue>
      </issues>
      <size/>
      <comment/>
      <link REFID="T22"/>
    </event>
  </events>
</document>
