<?xml version='1.0' encoding='utf8'?>
<document PUBLICATION_DATE="2003-04-26" DOCID="APW_ENG_20030426.0145">
  <event_mentions>
    <event_mention ID="T1">
      <anchor>
        <charseq START="9" END="14">rally</charseq>
      </anchor>
      <event_mention_argument ROLE="Issue" ID="T4">
        <charseq START="33" END="39">Castro</charseq>
      </event_mention_argument>
      <event_mention_argument ROLE="Location" ID="T2">
        <charseq START="18" END="24">Madrid</charseq>
      </event_mention_argument>
      <event_mention_argument ROLE="Size" ID="T3">
        <charseq START="0" END="8">Hundreds</charseq>
      </event_mention_argument>
    </event_mention>
    <event_mention ID="T7">
      <anchor>
        <charseq START="78" END="85">rallied</charseq>
      </anchor>
      <event_mention_argument ROLE="Date" ID="T9">
        <charseq START="99" END="107">Saturday</charseq>
      </event_mention_argument>
      <event_mention_argument ROLE="Issue" ID="T10">
        <charseq START="119" END="173">Cuban President Fidel Castro's crackdown on dissidents</charseq>
      </event_mention_argument>
      <event_mention_argument ROLE="Issue" ID="T11">
        <charseq START="178" END="210">the execution of three hijackers</charseq>
      </event_mention_argument>
      <event_mention_argument ROLE="Location" ID="T8">
        <charseq START="89" END="95">Madrid</charseq>
      </event_mention_argument>
      <event_mention_argument ROLE="Actor" ID="T5">
        <charseq START="71" END="77">people</charseq>
      </event_mention_argument>
      <event_mention_argument ROLE="Size" ID="T6">
        <charseq START="59" END="67">Hundreds</charseq>
      </event_mention_argument>
    </event_mention>
    <event_mention ID="T14">
      <anchor>
        <charseq START="245" END="250">waved</charseq>
      </anchor>
      <event_mention_argument ROLE="Issue" ID="T15">
        <charseq START="320" END="343">``murderous dictator.''</charseq>
      </event_mention_argument>
      <event_mention_argument ROLE="Actor" ID="T13">
        <charseq START="237" END="243">Cubans</charseq>
      </event_mention_argument>
      <event_mention_argument ROLE="Actor" ID="T12">
        <charseq START="212" END="222">Protesters</charseq>
      </event_mention_argument>
    </event_mention>
    <event_mention ID="T18">
      <anchor>
        <charseq START="457" END="463">joined</charseq>
      </anchor>
      <event_mention_argument ROLE="Location" ID="T19">
        <charseq START="481" END="495">Puerta del Sol</charseq>
      </event_mention_argument>
      <event_mention_argument ROLE="Actor" ID="T17">
        <charseq START="443" END="456">intellectuals</charseq>
      </event_mention_argument>
      <event_mention_argument ROLE="Actor" ID="T16">
        <charseq START="427" END="438">politicians</charseq>
      </event_mention_argument>
    </event_mention>
  </event_mentions>
  <events>
    <event ID="1">
      <action_form>Demonstration</action_form>
      <location>Spain</location>
      <date_range>
        <start>2003-04-26</start>
        <end>2003-04-26</end>
      </date_range>
      <actors>
        <actor>Political party</actor>
        <actor>Intellectuals</actor>
        <actor>Migrants / foreigners / refugees</actor>
      </actors>
      <issues>
        <issue>For democracy</issue>
        <issue>Civil rights</issue>
      </issues>
      <size>100-999 people</size>
      <comment/>
      <link REFID="T1"/>
      <link REFID="T7"/>
      <link REFID="T14"/>
      <link REFID="T18"/>
    </event>
  </events>
</document>
