<?xml version='1.0' encoding='utf8'?>
<document PUBLICATION_DATE="2003-03-04" DOCID="APW_ENG_20030304.0281">
  <event_mentions>
    <event_mention ID="T1">
      <anchor>
        <charseq START="15" END="22">protest</charseq>
      </anchor>
      <event_mention_argument ROLE="Issue" ID="T4">
        <charseq START="52" END="65">EU membership</charseq>
      </event_mention_argument>
      <event_mention_argument ROLE="Location" ID="T3">
        <charseq START="0" END="6">Polish</charseq>
      </event_mention_argument>
      <event_mention_argument ROLE="Actor" ID="T2">
        <charseq START="7" END="14">farmers</charseq>
      </event_mention_argument>
    </event_mention>
    <event_mention ID="T6">
      <anchor>
        <charseq START="116" END="123">protest</charseq>
      </anchor>
      <event_mention_argument ROLE="Date" ID="T9">
        <charseq START="166" END="172">Monday</charseq>
      </event_mention_argument>
      <event_mention_argument ROLE="Issue" ID="T7">
        <charseq START="136" END="150">European Union</charseq>
      </event_mention_argument>
      <event_mention_argument ROLE="Location" ID="T8">
        <charseq START="158" END="165">capital</charseq>
      </event_mention_argument>
      <event_mention_argument ROLE="Actor" ID="T5">
        <charseq START="93" END="100">farmers</charseq>
      </event_mention_argument>
    </event_mention>
    <event_mention ID="T12">
      <anchor>
        <charseq START="297" END="304">marched</charseq>
      </anchor>
      <event_mention_argument ROLE="Issue" ID="T14">
        <charseq START="424" END="469">`Today the Farmers, Tomorrow the Government''</charseq>
      </event_mention_argument>
      <event_mention_argument ROLE="Location" ID="T13">
        <charseq START="313" END="319">Warsaw</charseq>
      </event_mention_argument>
      <event_mention_argument ROLE="Actor" ID="T11">
        <charseq START="289" END="296">farmers</charseq>
      </event_mention_argument>
      <event_mention_argument ROLE="Size" ID="T10">
        <charseq START="277" END="288">About 2,500</charseq>
      </event_mention_argument>
    </event_mention>
    <event_mention ID="T18">
      <anchor>
        <charseq START="884" END="898">demonstrations</charseq>
      </anchor>
    </event_mention>
    <event_mention ID="T20">
      <anchor>
        <charseq START="1646" END="1652">staged</charseq>
      </anchor>
      <event_mention_argument ROLE="Issue" ID="T22">
        <charseq START="1768" END="1819">higher prices for livestock and more farm subsidies</charseq>
      </event_mention_argument>
      <event_mention_argument ROLE="Issue" ID="T21">
        <charseq START="1729" END="1742">EU membership</charseq>
      </event_mention_argument>
      <event_mention_argument ROLE="Actor" ID="T19">
        <charseq START="1628" END="1635">farmers</charseq>
      </event_mention_argument>
    </event_mention>
  </event_mentions>
  <events>
    <event ID="1">
      <action_form>Demonstration</action_form>
      <location>Poland</location>
      <date_range>
        <start>2003-03-03</start>
        <end>2003-03-03</end>
      </date_range>
      <actors>
        <actor>Farmers</actor>
      </actors>
      <issues>
        <issue>Against Europe / European integration</issue>
      </issues>
      <size>1,000-9,999 people</size>
      <comment/>
      <link REFID="T1"/>
      <link REFID="T6"/>
      <link REFID="T12"/>
      <link REFID="T20"/>
      <link REFID="T18"/>
    </event>
  </events>
</document>
