<?xml version='1.0' encoding='utf8'?>
<document PUBLICATION_DATE="2003-03-24" DOCID="APW_ENG_20030324.0283">
  <event_mentions>
    <event_mention ID="T1">
      <anchor>
        <charseq START="50" END="57">protest</charseq>
      </anchor>
      <event_mention_argument ROLE="Issue" ID="T2">
        <charseq START="40" END="49">marijuana</charseq>
      </event_mention_argument>
      <event_mention_argument ROLE="Actor" ID="T5">
        <charseq START="8" END="11">MEP</charseq>
      </event_mention_argument>
    </event_mention>
    <event_mention ID="T3">
      <anchor>
        <charseq START="215" END="222">protest</charseq>
      </anchor>
      <event_mention_argument ROLE="Issue" ID="T4">
        <charseq START="231" END="245">marijuana laws</charseq>
      </event_mention_argument>
    </event_mention>
    <event_mention ID="T8">
      <anchor>
        <charseq START="179" END="187">refusing</charseq>
      </anchor>
      <event_mention_argument ROLE="Issue" ID="T9">
        <charseq START="215" END="245">protest against marijuana laws</charseq>
      </event_mention_argument>
      <event_mention_argument ROLE="Location" ID="T6">
        <charseq START="164" END="174">Manchester</charseq>
      </event_mention_argument>
      <event_mention_argument ROLE="Actor" ID="T7">
        <charseq START="81" END="87">member</charseq>
      </event_mention_argument>
    </event_mention>
    <event_mention ID="T10">
      <anchor>
        <charseq START="388" END="394">walked</charseq>
      </anchor>
      <event_mention_argument ROLE="Date" ID="T13">
        <charseq START="327" END="334">Dec. 20</charseq>
      </event_mention_argument>
      <event_mention_argument ROLE="Issue" ID="T15">
        <charseq START="448" END="457">marijuana</charseq>
      </event_mention_argument>
      <event_mention_argument ROLE="Location" ID="T14">
        <charseq START="400" END="409">Stockport</charseq>
      </event_mention_argument>
      <event_mention_argument ROLE="Actor" ID="T12">
        <charseq START="364" END="376">Chris Davies</charseq>
      </event_mention_argument>
      <event_mention_argument ROLE="Actor" ID="T11">
        <charseq START="247" END="260">Marco Cappato</charseq>
      </event_mention_argument>
    </event_mention>
    <event_mention ID="T16">
      <anchor>
        <charseq START="692" END="699">refused</charseq>
      </anchor>
      <event_mention_argument ROLE="Date" ID="T23">
        <charseq START="623" END="630">Jan. 21</charseq>
      </event_mention_argument>
    </event_mention>
    <event_mention ID="T17">
      <anchor>
        <charseq START="843" END="850">refused</charseq>
      </anchor>
      <event_mention_argument ROLE="Location" ID="T19">
        <charseq START="789" END="799">Manchester</charseq>
      </event_mention_argument>
      <event_mention_argument ROLE="Actor" ID="T18">
        <charseq START="812" END="819">Cappato</charseq>
      </event_mention_argument>
    </event_mention>
    <event_mention ID="T20">
      <anchor>
        <charseq START="894" END="901">refused</charseq>
      </anchor>
    </event_mention>
    <event_mention ID="T21">
      <anchor>
        <charseq START="945" END="957">disobedience</charseq>
      </anchor>
      <event_mention_argument ROLE="Actor" ID="T22">
        <charseq START="989" END="996">Cappato</charseq>
      </event_mention_argument>
    </event_mention>
  </event_mentions>
  <events>
    <event ID="1">
      <action_form>Confrontational non-violent action</action_form>
      <location>United Kingdom</location>
      <date_range>
        <start>2002-12-20</start>
        <end>2002-12-20</end>
      </date_range>
      <actors/>
      <issues>
        <issue>For cultural liberalism</issue>
      </issues>
      <size>1-9 people</size>
      <comment/>
      <link REFID="T1"/>
      <link REFID="T3"/>
      <link REFID="T10"/>
      <link REFID="T21"/>
    </event>
    <event ID="2">
      <action_form>Confrontational non-violent action</action_form>
      <location>United Kingdom</location>
      <date_range>
        <start>2003-01-21</start>
        <end>2003-01-21</end>
      </date_range>
      <actors/>
      <issues>
        <issue>For cultural liberalism</issue>
      </issues>
      <size>1-9 people</size>
      <comment/>
      <link REFID="T8"/>
      <link REFID="T16"/>
      <link REFID="T17"/>
      <link REFID="T20"/>
      <link REFID="T21"/>
    </event>
  </events>
</document>
