<?xml version='1.0' encoding='utf8'?>
<document PUBLICATION_DATE="2002-04-10" DOCID="APW_ENG_20020410.1290">
  <event_mentions>
    <event_mention ID="T1">
      <anchor>
        <charseq START="159" END="166">concert</charseq>
      </anchor>
      <event_mention_argument ROLE="Date" ID="T5">
        <charseq START="185" END="194">Wednesday</charseq>
      </event_mention_argument>
      <event_mention_argument ROLE="Issue" ID="T6">
        <charseq START="195" END="251">to condemn Israeli military attacks in Palestinian areas</charseq>
      </event_mention_argument>
      <event_mention_argument ROLE="Location" ID="T4">
        <charseq START="178" END="184">Athens</charseq>
      </event_mention_argument>
      <event_mention_argument ROLE="Actor" ID="T3">
        <charseq START="99" END="112">demonstrators</charseq>
      </event_mention_argument>
      <event_mention_argument ROLE="Size" ID="T2">
        <charseq START="82" END="98">Several thousand</charseq>
      </event_mention_argument>
    </event_mention>
    <event_mention ID="T7">
      <anchor>
        <charseq START="275" END="284">performed</charseq>
      </anchor>
      <event_mention_argument ROLE="Actor" ID="T9">
        <charseq START="267" END="274">singers</charseq>
      </event_mention_argument>
    </event_mention>
    <event_mention ID="T8">
      <anchor>
        <charseq START="404" END="411">chanted</charseq>
      </anchor>
      <event_mention_argument ROLE="Issue" ID="T14">
        <charseq START="412" END="424">anti-Israeli</charseq>
      </event_mention_argument>
      <event_mention_argument ROLE="Location" ID="T11">
        <charseq START="301" END="316">Syntagma Square</charseq>
      </event_mention_argument>
      <event_mention_argument ROLE="Actor" ID="T13">
        <charseq START="363" END="370">members</charseq>
      </event_mention_argument>
      <event_mention_argument ROLE="Actor" ID="T12">
        <charseq START="350" END="358">students</charseq>
      </event_mention_argument>
    </event_mention>
    <event_mention ID="T10">
      <anchor>
        <charseq START="740" END="747">concert</charseq>
      </anchor>
      <event_mention_argument ROLE="Location" ID="T16">
        <charseq START="680" END="686">Greece</charseq>
      </event_mention_argument>
      <event_mention_argument ROLE="Actor" ID="T15">
        <charseq START="703" END="708">union</charseq>
      </event_mention_argument>
    </event_mention>
    <event_mention ID="T17">
      <anchor>
        <charseq START="768" END="772">wore</charseq>
      </anchor>
      <event_mention_argument ROLE="Actor" ID="T18">
        <charseq START="754" END="767">demonstrators</charseq>
      </event_mention_argument>
    </event_mention>
    <event_mention ID="T19">
      <anchor>
        <charseq START="853" END="858">taped</charseq>
      </anchor>
    </event_mention>
    <event_mention ID="T20">
      <anchor>
        <charseq START="1038" END="1052">demonstrations</charseq>
      </anchor>
      <event_mention_argument ROLE="Location" ID="T21">
        <charseq START="920" END="926">Greece</charseq>
      </event_mention_argument>
    </event_mention>
    <event_mention ID="T22">
      <anchor>
        <charseq START="23" END="28">stage</charseq>
      </anchor>
      <event_mention_argument ROLE="Issue" ID="T24">
        <charseq START="46" END="61">against Israeli</charseq>
      </event_mention_argument>
      <event_mention_argument ROLE="Issue" ID="T23">
        <charseq START="0" END="8">Anti-war</charseq>
      </event_mention_argument>
      <event_mention_argument ROLE="Actor" ID="T25">
        <charseq START="9" END="22">demonstrators</charseq>
      </event_mention_argument>
    </event_mention>
  </event_mentions>
  <events>
    <event ID="1">
      <action_form>Demonstration</action_form>
      <location>Greece</location>
      <date_range>
        <start>2002-04-10</start>
        <end>2002-04-10</end>
      </date_range>
      <actors>
        <actor>Trade union</actor>
        <actor>Students</actor>
        <actor>Intellectuals</actor>
      </actors>
      <issues>
        <issue>For peace</issue>
      </issues>
      <size>1,000-9,999 people</size>
      <comment/>
      <link REFID="T1"/>
      <link REFID="T7"/>
      <link REFID="T8"/>
      <link REFID="T10"/>
      <link REFID="T17"/>
      <link REFID="T19"/>
      <link REFID="T20"/>
      <link REFID="T22"/>
    </event>
  </events>
</document>
