<?xml version='1.0' encoding='utf8'?>
<document PUBLICATION_DATE="2003-04-26" DOCID="APW_ENG_20030426.0229">
  <event_mentions>
    <event_mention ID="T1">
      <anchor>
        <charseq START="2001" END="2006">taken</charseq>
      </anchor>
      <event_mention_argument ROLE="Date" ID="T6">
        <charseq START="2031" END="2041">past weeks</charseq>
      </event_mention_argument>
      <event_mention_argument ROLE="Issue" ID="T7">
        <charseq START="2113" END="2143">underfunding the health system</charseq>
      </event_mention_argument>
      <event_mention_argument ROLE="Actor" ID="T4">
        <charseq START="1987" END="1995">patients</charseq>
      </event_mention_argument>
      <event_mention_argument ROLE="Actor" ID="T3">
        <charseq START="1976" END="1982">nurses</charseq>
      </event_mention_argument>
      <event_mention_argument ROLE="Actor" ID="T2">
        <charseq START="1967" END="1974">doctors</charseq>
      </event_mention_argument>
      <event_mention_argument ROLE="Size" ID="T5">
        <charseq START="1954" END="1963">Thousands</charseq>
      </event_mention_argument>
    </event_mention>
  </event_mentions>
  <events>
    <event ID="1">
      <action_form>Demonstration</action_form>
      <location>Romania</location>
      <date_range>
        <start>2003-04-14</start>
        <end>2003-04-20</end>
        <approximate/>
      </date_range>
      <actors>
        <actor>Occupational group</actor>
      </actors>
      <issues>
        <issue>Social protection &amp; rights</issue>
      </issues>
      <size>1,000-9,999 people</size>
      <comment/>
      <link REFID="T1"/>
    </event>
    <event ID="2">
      <action_form>Demonstration</action_form>
      <location>Romania</location>
      <date_range>
        <start>2003-04-14</start>
        <end>2003-04-20</end>
        <approximate/>
      </date_range>
      <actors>
        <actor>Occupational group</actor>
      </actors>
      <issues>
        <issue>Social protection &amp; rights</issue>
      </issues>
      <size>1,000-9,999 people</size>
      <comment/>
      <link REFID="T1"/>
    </event>
  </events>
</document>
