<?xml version='1.0' encoding='utf8'?>
<document PUBLICATION_DATE="2006-03-13" DOCID="APW_ENG_20060313.0515">
  <event_mentions>
    <event_mention ID="T1">
      <anchor>
        <charseq START="18" END="26">petition</charseq>
      </anchor>
      <event_mention_argument ROLE="Issue" ID="T4">
        <charseq START="31" END="74">reconciliation after prophet cartoon crisis</charseq>
      </event_mention_argument>
      <event_mention_argument ROLE="Actor" ID="T3">
        <charseq START="7" END="12">Danes</charseq>
      </event_mention_argument>
      <event_mention_argument ROLE="Size" ID="T2">
        <charseq START="0" END="6">60,000</charseq>
      </event_mention_argument>
    </event_mention>
    <event_mention ID="T6">
      <anchor>
        <charseq START="150" END="158">petition</charseq>
      </anchor>
      <event_mention_argument ROLE="Date" ID="T5">
        <charseq START="132" END="138">Monday</charseq>
      </event_mention_argument>
      <event_mention_argument ROLE="Issue" ID="T9">
        <charseq START="195" END="301">econciliation between Denmark and the Muslim world following the crisis over the Prophet Mohammed cartoons</charseq>
      </event_mention_argument>
      <event_mention_argument ROLE="Location" ID="T8">
        <charseq START="217" END="224">Denmark</charseq>
      </event_mention_argument>
      <event_mention_argument ROLE="Size" ID="T7">
        <charseq START="164" END="170">60,000</charseq>
      </event_mention_argument>
    </event_mention>
    <event_mention ID="T10">
      <anchor>
        <charseq START="321" END="329">campaign</charseq>
      </anchor>
      <event_mention_argument ROLE="Issue" ID="T12">
        <charseq START="475" END="516">"to work together to solve the conflict."</charseq>
      </event_mention_argument>
      <event_mention_argument ROLE="Location" ID="T13">
        <charseq START="422" END="429">Denmark</charseq>
      </event_mention_argument>
      <event_mention_argument ROLE="Actor" ID="T11">
        <charseq START="303" END="313">Organizers</charseq>
      </event_mention_argument>
    </event_mention>
    <event_mention ID="T14">
      <anchor>
        <charseq START="627" END="635">petition</charseq>
      </anchor>
      <event_mention_argument ROLE="Actor" ID="T15">
        <charseq START="559" END="564">Danes</charseq>
      </event_mention_argument>
    </event_mention>
    <event_mention ID="T20">
      <anchor>
        <charseq START="1242" END="1250">petition</charseq>
      </anchor>
      <event_mention_argument ROLE="Location" ID="T21">
        <charseq START="1323" END="1329">Danish</charseq>
      </event_mention_argument>
    </event_mention>
    <event_mention ID="T22">
      <anchor>
        <charseq START="1395" END="1403">document</charseq>
      </anchor>
      <event_mention_argument ROLE="Location" ID="T23">
        <charseq START="1459" END="1465">Danish</charseq>
      </event_mention_argument>
    </event_mention>
    <event_mention ID="T25">
      <anchor>
        <charseq START="1540" END="1548">petition</charseq>
      </anchor>
      <event_mention_argument ROLE="Actor" ID="T26">
        <charseq START="1506" END="1516">Organizers</charseq>
      </event_mention_argument>
      <event_mention_argument ROLE="Size" ID="T24">
        <charseq START="1522" END="1528">60,136</charseq>
      </event_mention_argument>
    </event_mention>
  </event_mentions>
  <events>
    <event ID="1">
      <action_form>Petition</action_form>
      <location>Denmark</location>
      <date_range>
        <start>2006-03-13</start>
        <end>2006-03-13</end>
      </date_range>
      <actors/>
      <issues>
        <issue>For peace</issue>
      </issues>
      <size>10,000 or more people</size>
      <comment/>
      <link REFID="T1"/>
      <link REFID="T6"/>
      <link REFID="T10"/>
      <link REFID="T14"/>
      <link REFID="T20"/>
      <link REFID="T22"/>
      <link REFID="T25"/>
    </event>
  </events>
</document>
