<?xml version='1.0' encoding='utf8'?>
<document PUBLICATION_DATE="2002-03-09" DOCID="APW_ENG_20020309.0366">
  <event_mentions>
    <event_mention ID="T1">
      <anchor>
        <charseq START="30" END="34">cast</charseq>
      </anchor>
      <event_mention_argument ROLE="Issue" ID="T3">
        <charseq START="50" END="64">against Mugabe</charseq>
      </event_mention_argument>
      <event_mention_argument ROLE="Location" ID="T2">
        <charseq START="22" END="29">Britain</charseq>
      </event_mention_argument>
      <event_mention_argument ROLE="Actor" ID="T4">
        <charseq START="0" END="11">Zimbabweans</charseq>
      </event_mention_argument>
    </event_mention>
    <event_mention ID="T5">
      <anchor>
        <charseq START="114" END="118">cast</charseq>
      </anchor>
      <event_mention_argument ROLE="Date" ID="T7">
        <charseq START="166" END="174">Saturday</charseq>
      </event_mention_argument>
      <event_mention_argument ROLE="Issue" ID="T6">
        <charseq START="142" END="165">President Robert Mugabe</charseq>
      </event_mention_argument>
      <event_mention_argument ROLE="Actor" ID="T8">
        <charseq START="102" END="113">expatriates</charseq>
      </event_mention_argument>
    </event_mention>
    <event_mention ID="T9">
      <anchor>
        <charseq START="294" END="299">vigil</charseq>
      </anchor>
    </event_mention>
    <event_mention ID="T10">
      <anchor>
        <charseq START="348" END="354">staged</charseq>
      </anchor>
      <event_mention_argument ROLE="Issue" ID="T11">
        <charseq START="375" END="446">he intense political violence and intimidation of the election campaign</charseq>
      </event_mention_argument>
      <event_mention_argument ROLE="Location" ID="T12">
        <charseq START="340" END="346">London</charseq>
      </event_mention_argument>
    </event_mention>
    <event_mention ID="T13">
      <anchor>
        <charseq START="710" END="717">protest</charseq>
      </anchor>
      <event_mention_argument ROLE="Issue" ID="T15">
        <charseq START="450" END="629">The Zimbabwean refugees who have fled Mugabe's reign of terror are only a few of the many thousands of voters denied their democratic rights by blatant rigging of the voters' roll</charseq>
      </event_mention_argument>
      <event_mention_argument ROLE="Actor" ID="T14">
        <charseq START="660" END="689">Freedom for Zimbabwe Campaign</charseq>
      </event_mention_argument>
    </event_mention>
  </event_mentions>
  <events>
    <event ID="1">
      <action_form>Demonstration</action_form>
      <location>United Kingdom</location>
      <date_range>
        <start>2002-03-09</start>
        <end>2002-03-09</end>
      </date_range>
      <actors>
        <actor>Migrants / foreigners / refugees</actor>
      </actors>
      <issues>
        <issue>For democracy</issue>
      </issues>
      <size/>
      <comment/>
      <link REFID="T1"/>
      <link REFID="T5"/>
      <link REFID="T9"/>
      <link REFID="T10"/>
      <link REFID="T13"/>
    </event>
  </events>
</document>
