<?xml version='1.0' encoding='utf8'?>
<document PUBLICATION_DATE="2002-03-23" DOCID="APW_ENG_20020323.0232">
  <event_mentions>
    <event_mention ID="T1">
      <anchor>
        <charseq START="6" END="11">rally</charseq>
      </anchor>
      <event_mention_argument ROLE="Issue" ID="T5">
        <charseq START="59" END="93">labor reform and terrorist slaying</charseq>
      </event_mention_argument>
      <event_mention_argument ROLE="Location" ID="T4">
        <charseq START="43" END="47">Rome</charseq>
      </event_mention_argument>
      <event_mention_argument ROLE="Actor" ID="T2">
        <charseq START="0" END="5">Union</charseq>
      </event_mention_argument>
      <event_mention_argument ROLE="Size" ID="T3">
        <charseq START="18" END="39">hundreds of thousands</charseq>
      </event_mention_argument>
    </event_mention>
    <event_mention ID="T6">
      <anchor>
        <charseq START="86" END="93">slaying</charseq>
      </anchor>
    </event_mention>
    <event_mention ID="T9">
      <anchor>
        <charseq START="220" END="228">streamed</charseq>
      </anchor>
      <event_mention_argument ROLE="Date" ID="T11">
        <charseq START="239" END="247">Saturday</charseq>
      </event_mention_argument>
      <event_mention_argument ROLE="Issue" ID="T12">
        <charseq START="291" END="409">Premier Silvio Berlusconi's efforts to make it to easier to fire workers, as well as to denounce the terrorist slaying</charseq>
      </event_mention_argument>
      <event_mention_argument ROLE="Location" ID="T10">
        <charseq START="234" END="238">Rome</charseq>
      </event_mention_argument>
      <event_mention_argument ROLE="Actor" ID="T15">
        <charseq START="259" END="264">union</charseq>
      </event_mention_argument>
      <event_mention_argument ROLE="Actor" ID="T8">
        <charseq START="206" END="219">demonstrators</charseq>
      </event_mention_argument>
      <event_mention_argument ROLE="Size" ID="T7">
        <charseq START="181" END="202">hundreds of thousands</charseq>
      </event_mention_argument>
    </event_mention>
    <event_mention ID="T14">
      <anchor>
        <charseq START="402" END="409">slaying</charseq>
      </anchor>
      <event_mention_argument ROLE="Issue" ID="T13">
        <charseq START="437" END="449">labor reform</charseq>
      </event_mention_argument>
    </event_mention>
    <event_mention ID="T16">
      <anchor>
        <charseq START="559" END="564">rally</charseq>
      </anchor>
      <event_mention_argument ROLE="Location" ID="T19">
        <charseq START="543" END="550">capital</charseq>
      </event_mention_argument>
      <event_mention_argument ROLE="Actor" ID="T17">
        <charseq START="506" END="512">people</charseq>
      </event_mention_argument>
      <event_mention_argument ROLE="Actor" ID="T18">
        <charseq START="451" END="456">Union</charseq>
      </event_mention_argument>
    </event_mention>
    <event_mention ID="T20">
      <anchor>
        <charseq START="926" END="933">marched</charseq>
      </anchor>
      <event_mention_argument ROLE="Location" ID="T21">
        <charseq START="991" END="996">Roman</charseq>
      </event_mention_argument>
      <event_mention_argument ROLE="Actor" ID="T22">
        <charseq START="913" END="925">participants</charseq>
      </event_mention_argument>
      <event_mention_argument ROLE="Actor" ID="T23">
        <charseq START="896" END="901">union</charseq>
      </event_mention_argument>
    </event_mention>
    <event_mention ID="T24">
      <anchor>
        <charseq START="1095" END="1101">jammed</charseq>
      </anchor>
      <event_mention_argument ROLE="Location" ID="T26">
        <charseq START="1058" END="1067">Colosseum</charseq>
      </event_mention_argument>
      <event_mention_argument ROLE="Location" ID="T27">
        <charseq START="1071" END="1085">Circus Maximus</charseq>
      </event_mention_argument>
      <event_mention_argument ROLE="Actor" ID="T25">
        <charseq START="1105" END="1115">protesters</charseq>
      </event_mention_argument>
    </event_mention>
    <event_mention ID="T28">
      <anchor>
        <charseq START="1459" END="1465">gunned</charseq>
      </anchor>
      <event_mention_argument ROLE="Date" ID="T29">
        <charseq START="1471" END="1484">Tuesday night</charseq>
      </event_mention_argument>
      <event_mention_argument ROLE="Location" ID="T30">
        <charseq START="1488" END="1495">Bologna</charseq>
      </event_mention_argument>
      <event_mention_argument ROLE="Actor" ID="T31">
        <charseq START="1524" END="1536">Red Brigades</charseq>
      </event_mention_argument>
    </event_mention>
    <event_mention ID="T32">
      <anchor>
        <charseq START="1831" END="1836">rally</charseq>
      </anchor>
      <event_mention_argument ROLE="Issue" ID="T33">
        <charseq START="1848" END="1903">denounce the terrorist attack as an attack on democracy</charseq>
      </event_mention_argument>
    </event_mention>
    <event_mention ID="T34">
      <anchor>
        <charseq START="1945" END="1950">rally</charseq>
      </anchor>
      <event_mention_argument ROLE="Actor" ID="T35">
        <charseq START="1905" END="1917">Participants</charseq>
      </event_mention_argument>
    </event_mention>
    <event_mention ID="T36">
      <anchor>
        <charseq START="2057" END="2064">killing</charseq>
      </anchor>
    </event_mention>
    <event_mention ID="T37">
      <anchor>
        <charseq START="2219" END="2224">rally</charseq>
      </anchor>
    </event_mention>
    <event_mention ID="T38">
      <anchor>
        <charseq START="2640" END="2647">slaying</charseq>
      </anchor>
    </event_mention>
    <event_mention ID="T39">
      <anchor>
        <charseq START="2722" END="2729">protest</charseq>
      </anchor>
    </event_mention>
    <event_mention ID="T40">
      <anchor>
        <charseq START="2768" END="2773">rally</charseq>
      </anchor>
      <event_mention_argument ROLE="Date" ID="T41">
        <charseq START="2740" END="2748">Saturday</charseq>
      </event_mention_argument>
    </event_mention>
    <event_mention ID="T42">
      <anchor>
        <charseq START="3257" END="3263">attack</charseq>
      </anchor>
      <event_mention_argument ROLE="Issue" ID="T43">
        <charseq START="3179" END="3213">The drive to liberalize labor laws</charseq>
      </event_mention_argument>
    </event_mention>
    <event_mention ID="T46">
      <anchor>
        <charseq START="3454" END="3462">protests</charseq>
      </anchor>
      <event_mention_argument ROLE="Date" ID="T44">
        <charseq START="3405" END="3409">1994</charseq>
      </event_mention_argument>
      <event_mention_argument ROLE="Issue" ID="T45">
        <charseq START="3428" END="3442">pension reform</charseq>
      </event_mention_argument>
      <event_mention_argument ROLE="Actor" ID="T47">
        <charseq START="3466" END="3473">workers</charseq>
      </event_mention_argument>
    </event_mention>
  </event_mentions>
  <events>
    <event ID="1">
      <action_form>Gruesome violence</action_form>
      <location>Italy</location>
      <date_range>
        <start>2002-03-19</start>
        <end>2002-03-19</end>
      </date_range>
      <actors>
        <actor>Trade union</actor>
        <actor>Occupational group</actor>
      </actors>
      <issues>
        <issue>For labour rights</issue>
      </issues>
      <size/>
      <comment/>
      <link REFID="T1"/>
      <link REFID="T9"/>
      <link REFID="T16"/>
      <link REFID="T20"/>
      <link REFID="T24"/>
      <link REFID="T32"/>
      <link REFID="T34"/>
      <link REFID="T37"/>
      <link REFID="T39"/>
      <link REFID="T40"/>
    </event>
    <event ID="2">
      <action_form>Gruesome violence</action_form>
      <location>Italy</location>
      <date_range>
        <start>2002-03-19</start>
        <end>2002-03-19</end>
      </date_range>
      <actors/>
      <issues>
        <issue>For labour rights</issue>
      </issues>
      <size/>
      <comment/>
      <link REFID="T6"/>
      <link REFID="T14"/>
      <link REFID="T28"/>
      <link REFID="T36"/>
      <link REFID="T38"/>
      <link REFID="T42"/>
    </event>
    <event ID="3">
      <action_form>Demonstration</action_form>
      <location>Italy</location>
      <date_range>
        <start>1994-01-01</start>
        <end>1994-12-31</end>
      </date_range>
      <actors>
        <actor>Occupational group</actor>
      </actors>
      <issues>
        <issue>For social rights</issue>
      </issues>
      <size/>
      <comment/>
      <link REFID="T46"/>
    </event>
  </events>
</document>
