<?xml version='1.0' encoding='utf8'?>
<document PUBLICATION_DATE="2002-03-15" DOCID="APW_ENG_20020315.1290">
  <event_mentions>
    <event_mention ID="T4">
      <anchor>
        <charseq START="586" END="599">demonstration</charseq>
      </anchor>
      <event_mention_argument ROLE="Issue" ID="T3">
        <charseq START="567" END="585">anti-globalization</charseq>
      </event_mention_argument>
      <event_mention_argument ROLE="Location" ID="T1">
        <charseq START="603" END="612">Barcelona</charseq>
      </event_mention_argument>
      <event_mention_argument ROLE="Actor" ID="T2">
        <charseq START="541" END="551">protesters</charseq>
      </event_mention_argument>
    </event_mention>
    <event_mention ID="T7">
      <anchor>
        <charseq START="781" END="788">protest</charseq>
      </anchor>
      <event_mention_argument ROLE="Issue" ID="T8">
        <charseq START="789" END="848">EU leaders' plans to privatize energy and financial markets</charseq>
      </event_mention_argument>
      <event_mention_argument ROLE="Actor" ID="T6">
        <charseq START="652" END="665">demonstrators</charseq>
      </event_mention_argument>
      <event_mention_argument ROLE="Size" ID="T5">
        <charseq START="639" END="648">Thousands</charseq>
      </event_mention_argument>
    </event_mention>
  </event_mentions>
  <events>
    <event ID="1">
      <action_form>Demonstration</action_form>
      <location>Spain</location>
      <date_range>
        <start>2002-03-15</start>
        <end>2002-03-15</end>
      </date_range>
      <actors>
        <actor>Left-libertarians</actor>
      </actors>
      <issues>
        <issue>Against globalization</issue>
      </issues>
      <size>1,000-9,999 people</size>
      <comment/>
      <link REFID="T4"/>
      <link REFID="T7"/>
    </event>
  </events>
</document>
