<?xml version='1.0' encoding='utf8'?>
<document PUBLICATION_DATE="2003-09-29" DOCID="APW_ENG_20030929.0207">
  <event_mentions>
    <event_mention ID="T1">
      <anchor>
        <charseq START="160" END="167">attacks</charseq>
      </anchor>
    </event_mention>
    <event_mention ID="T2">
      <anchor>
        <charseq START="40" END="47">attacks</charseq>
      </anchor>
      <event_mention_argument ROLE="Location" ID="T3">
        <charseq START="3" END="9">Sweden</charseq>
      </event_mention_argument>
    </event_mention>
    <event_mention ID="T4">
      <anchor>
        <charseq START="255" END="262">attacks</charseq>
      </anchor>
      <event_mention_argument ROLE="Date" ID="T5">
        <charseq START="272" END="284">Sunday night</charseq>
      </event_mention_argument>
    </event_mention>
    <event_mention ID="T7">
      <anchor>
        <charseq START="454" END="464">destroying</charseq>
      </anchor>
      <event_mention_argument ROLE="Location" ID="T6">
        <charseq START="303" END="309">Boraas</charseq>
      </event_mention_argument>
    </event_mention>
    <event_mention ID="T8">
      <anchor>
        <charseq START="526" END="532">attack</charseq>
      </anchor>
      <event_mention_argument ROLE="Location" ID="T9">
        <charseq START="545" END="550">Visby</charseq>
      </event_mention_argument>
    </event_mention>
    <event_mention ID="T10">
      <anchor>
        <charseq START="762" END="768">attack</charseq>
      </anchor>
    </event_mention>
    <event_mention ID="T11">
      <anchor>
        <charseq START="972" END="976">fire</charseq>
      </anchor>
      <event_mention_argument ROLE="Actor" ID="T12">
        <charseq START="1017" END="1040">Animal Liberation Front</charseq>
      </event_mention_argument>
      <event_mention_argument ROLE="Actor" ID="T13">
        <charseq START="1045" END="1059">The Wild Minks</charseq>
      </event_mention_argument>
    </event_mention>
    <event_mention ID="T15">
      <anchor>
        <charseq START="1184" END="1189">smash</charseq>
      </anchor>
      <event_mention_argument ROLE="Location" ID="T14">
        <charseq START="1090" END="1095">Visby</charseq>
      </event_mention_argument>
    </event_mention>
    <event_mention ID="T16">
      <anchor>
        <charseq START="1232" END="1236">pour</charseq>
      </anchor>
    </event_mention>
    <event_mention ID="T19">
      <anchor>
        <charseq START="1651" END="1659">released</charseq>
      </anchor>
      <event_mention_argument ROLE="Date" ID="T18">
        <charseq START="1614" END="1622">Sept. 22</charseq>
      </event_mention_argument>
      <event_mention_argument ROLE="Location" ID="T17">
        <charseq START="1691" END="1698">Kokkola</charseq>
      </event_mention_argument>
      <event_mention_argument ROLE="Actor" ID="T20">
        <charseq START="1663" END="1672">intruders</charseq>
      </event_mention_argument>
    </event_mention>
    <event_mention ID="T22">
      <anchor>
        <charseq START="1763" END="1768">freed</charseq>
      </anchor>
      <event_mention_argument ROLE="Date" ID="T21">
        <charseq START="1730" END="1737">Sept. 5</charseq>
      </event_mention_argument>
      <event_mention_argument ROLE="Location" ID="T23">
        <charseq START="1786" END="1797">Ringkoebing</charseq>
      </event_mention_argument>
    </event_mention>
  </event_mentions>
  <events>
    <event ID="1">
      <action_form>Confrontational non-violent action</action_form>
      <location>Sweden</location>
      <date_range>
        <start>2003-09-28</start>
        <end>2003-09-28</end>
      </date_range>
      <actors/>
      <issues>
        <issue>Environmental protection</issue>
      </issues>
      <size/>
      <comment/>
      <link REFID="T1"/>
      <link REFID="T2"/>
      <link REFID="T4"/>
      <link REFID="T7"/>
      <link REFID="T10"/>
    </event>
    <event ID="2">
      <action_form>Confrontational non-violent action</action_form>
      <location>Sweden</location>
      <date_range>
        <start>2003-09-28</start>
        <end>2003-09-28</end>
      </date_range>
      <actors/>
      <issues>
        <issue>Environmental protection</issue>
      </issues>
      <size/>
      <comment/>
      <link REFID="T1"/>
      <link REFID="T2"/>
      <link REFID="T4"/>
      <link REFID="T8"/>
      <link REFID="T15"/>
      <link REFID="T16"/>
    </event>
    <event ID="3">
      <action_form>Political violence</action_form>
      <location>Sweden</location>
      <date_range>
        <start>2001-01-01</start>
        <end>2003-09-28</end>
        <approximate/>
      </date_range>
      <actors>
        <actor>Left-libertarians</actor>
      </actors>
      <issues>
        <issue>Environmental protection</issue>
      </issues>
      <size/>
      <comment/>
      <link REFID="T11"/>
    </event>
    <event ID="4">
      <action_form>Confrontational non-violent action</action_form>
      <location>Finland</location>
      <date_range>
        <start>2003-09-22</start>
        <end>2003-09-22</end>
      </date_range>
      <actors/>
      <issues>
        <issue>Environmental protection</issue>
      </issues>
      <size/>
      <comment/>
      <link REFID="T19"/>
    </event>
    <event ID="5">
      <action_form>Confrontational non-violent action</action_form>
      <location>Denmark</location>
      <date_range>
        <start>2003-09-05</start>
        <end>2003-09-05</end>
      </date_range>
      <actors/>
      <issues>
        <issue>Environmental protection</issue>
      </issues>
      <size/>
      <comment/>
      <link REFID="T22"/>
    </event>
  </events>
</document>
