<?xml version='1.0' encoding='utf8'?>
<document PUBLICATION_DATE="2003-10-16" DOCID="APW_ENG_20031016.0101">
  <event_mentions>
    <event_mention_argument ROLE="Date" ID="T11">
      <charseq START="842" END="851">Wednesday</charseq>
    </event_mention_argument>
    <event_mention ID="T1">
      <anchor>
        <charseq START="43" END="49">strike</charseq>
      </anchor>
      <event_mention_argument ROLE="Location" ID="T4">
        <charseq START="0" END="8">Austrian</charseq>
      </event_mention_argument>
      <event_mention_argument ROLE="Actor" ID="T3">
        <charseq START="24" END="34">attendants</charseq>
      </event_mention_argument>
      <event_mention_argument ROLE="Actor" ID="T2">
        <charseq START="9" END="15">pilots</charseq>
      </event_mention_argument>
    </event_mention>
    <event_mention ID="T5">
      <anchor>
        <charseq START="163" END="169">strike</charseq>
      </anchor>
      <event_mention_argument ROLE="Location" ID="T6">
        <charseq START="133" END="141">Austrian</charseq>
      </event_mention_argument>
      <event_mention_argument ROLE="Actor" ID="T9">
        <charseq START="105" END="111">pilots</charseq>
      </event_mention_argument>
      <event_mention_argument ROLE="Actor" ID="T8">
        <charseq START="90" END="100">attendants</charseq>
      </event_mention_argument>
      <event_mention_argument ROLE="Size" ID="T7">
        <charseq START="71" END="79">Hundreds</charseq>
      </event_mention_argument>
    </event_mention>
    <event_mention ID="T10">
      <anchor>
        <charseq START="477" END="484">walkout</charseq>
      </anchor>
    </event_mention>
    <event_mention ID="T12">
      <anchor>
        <charseq START="854" END="860">strike</charseq>
      </anchor>
    </event_mention>
    <event_mention ID="T13">
      <anchor>
        <charseq START="878" END="886">stoppage</charseq>
      </anchor>
    </event_mention>
    <event_mention ID="T14">
      <anchor>
        <charseq START="1104" END="1111">walkout</charseq>
      </anchor>
    </event_mention>
  </event_mentions>
  <events>
    <event ID="1">
      <action_form>Strike</action_form>
      <location>Austria</location>
      <date_range>
        <start>2003-10-15</start>
        <end>2003-10-15</end>
      </date_range>
      <actors>
        <actor>Occupational group</actor>
      </actors>
      <issues>
        <issue>For labour rights</issue>
      </issues>
      <size>100-999 people</size>
      <comment/>
      <link REFID="T1"/>
      <link REFID="T5"/>
      <link REFID="T10"/>
      <link REFID="T12"/>
      <link REFID="T13"/>
      <link REFID="T14"/>
    </event>
  </events>
</document>
