<?xml version='1.0' encoding='utf8'?>
<document PUBLICATION_DATE="2003-10-22" DOCID="APW_ENG_20031022.0823">
  <event_mentions>
    <event_mention ID="T2">
      <anchor>
        <charseq START="2043" END="2049">attack</charseq>
      </anchor>
      <event_mention_argument ROLE="Date" ID="T1">
        <charseq START="2038" END="2042">1995</charseq>
      </event_mention_argument>
      <event_mention_argument ROLE="Location" ID="T3">
        <charseq START="2057" END="2062">Tokyo</charseq>
      </event_mention_argument>
      <event_mention_argument ROLE="Actor" ID="T4">
        <charseq START="2087" END="2101">Aum Shinri Kyo</charseq>
      </event_mention_argument>
    </event_mention>
    <event_mention ID="T5">
      <anchor>
        <charseq START="2152" END="2159">assault</charseq>
      </anchor>
    </event_mention>
    <event_mention ID="T6">
      <anchor>
        <charseq START="2231" END="2238">attacks</charseq>
      </anchor>
      <event_mention_argument ROLE="Date" ID="T7">
        <charseq START="2215" END="2229">Sept. 11, 2001</charseq>
      </event_mention_argument>
      <event_mention_argument ROLE="Location" ID="T8">
        <charseq START="2246" END="2259">United States</charseq>
      </event_mention_argument>
    </event_mention>
  </event_mentions>
  <events>
    <event ID="1">
      <action_form>Gruesome violence</action_form>
      <location>Europe</location>
      <date_range>
        <start>1995-01-01</start>
        <end>1995-12-31</end>
        <approximate/>
      </date_range>
      <actors>
        <actor>Religious groups / fundamentalists</actor>
      </actors>
      <issues/>
      <size/>
      <comment>Japan</comment>
      <link REFID="T2"/>
      <link REFID="T5"/>
    </event>
    <event ID="2">
      <action_form>Gruesome violence</action_form>
      <location>Europe</location>
      <date_range>
        <start>2001-09-11</start>
        <end>2001-09-11</end>
      </date_range>
      <actors>
        <actor>Religious groups / fundamentalists</actor>
      </actors>
      <issues/>
      <size/>
      <comment>U.S.A.</comment>
      <link REFID="T6"/>
    </event>
  </events>
</document>
