<?xml version='1.0' encoding='utf8'?>
<document PUBLICATION_DATE="2003-03-28" DOCID="APW_ENG_20030328.0403">
  <event_mentions>
    <event_mention ID="T1">
      <anchor>
        <charseq START="7" END="18">demonstrate</charseq>
      </anchor>
      <event_mention_argument ROLE="Size" ID="T4">
        <charseq START="0" END="6">Dozens</charseq>
      </event_mention_argument>
    </event_mention>
    <event_mention ID="T2">
      <anchor>
        <charseq START="50" END="55">rally</charseq>
      </anchor>
      <event_mention_argument ROLE="Issue" ID="T3">
        <charseq START="33" END="41">Iraq war</charseq>
      </event_mention_argument>
    </event_mention>
    <event_mention ID="T5">
      <anchor>
        <charseq START="99" END="113">demonstrations</charseq>
      </anchor>
      <event_mention_argument ROLE="Date" ID="T6">
        <charseq START="117" END="123">Friday</charseq>
      </event_mention_argument>
      <event_mention_argument ROLE="Issue" ID="T7">
        <charseq START="169" END="180">war in Iraq</charseq>
      </event_mention_argument>
      <event_mention_argument ROLE="Location" ID="T11">
        <charseq START="247" END="255">downtown</charseq>
      </event_mention_argument>
      <event_mention_argument ROLE="Actor" ID="T8">
        <charseq START="187" END="197">supporters</charseq>
      </event_mention_argument>
      <event_mention_argument ROLE="Actor" ID="T9">
        <charseq START="202" END="211">opponents</charseq>
      </event_mention_argument>
    </event_mention>
    <event_mention ID="T10">
      <anchor>
        <charseq START="239" END="246">rallies</charseq>
      </anchor>
    </event_mention>
    <event_mention ID="T13">
      <anchor>
        <charseq START="273" END="280">rallied</charseq>
      </anchor>
      <event_mention_argument ROLE="Actor" ID="T14">
        <charseq START="266" END="272">people</charseq>
      </event_mention_argument>
      <event_mention_argument ROLE="Size" ID="T12">
        <charseq START="257" END="265">About 50</charseq>
      </event_mention_argument>
    </event_mention>
    <event_mention ID="T16">
      <anchor>
        <charseq START="355" END="363">gathered</charseq>
      </anchor>
      <event_mention_argument ROLE="Issue" ID="T15">
        <charseq START="386" END="389">war</charseq>
      </event_mention_argument>
      <event_mention_argument ROLE="Actor" ID="T18">
        <charseq START="346" END="354">students</charseq>
      </event_mention_argument>
      <event_mention_argument ROLE="Size" ID="T17">
        <charseq START="324" END="330">dozens</charseq>
      </event_mention_argument>
    </event_mention>
    <event_mention ID="T19">
      <anchor>
        <charseq START="396" END="410">demonstrations</charseq>
      </anchor>
      <event_mention_argument ROLE="Location" ID="T20">
        <charseq START="425" END="442">University Square</charseq>
      </event_mention_argument>
    </event_mention>
    <event_mention ID="T21">
      <anchor>
        <charseq START="807" END="813">called</charseq>
      </anchor>
      <event_mention_argument ROLE="Issue" ID="T23">
        <charseq START="780" END="792">pro-American</charseq>
      </event_mention_argument>
      <event_mention_argument ROLE="Issue" ID="T24">
        <charseq START="851" END="881">drive to remove Saddam Hussein</charseq>
      </event_mention_argument>
      <event_mention_argument ROLE="Actor" ID="T22">
        <charseq START="793" END="806">demonstrators</charseq>
      </event_mention_argument>
    </event_mention>
    <event_mention ID="T25">
      <anchor>
        <charseq START="1206" END="1212">played</charseq>
      </anchor>
      <event_mention_argument ROLE="Issue" ID="T28">
        <charseq START="1202" END="1205">war</charseq>
      </event_mention_argument>
      <event_mention_argument ROLE="Actor" ID="T27">
        <charseq START="1181" END="1189">students</charseq>
      </event_mention_argument>
      <event_mention_argument ROLE="Size" ID="T26">
        <charseq START="1158" END="1165">a group</charseq>
      </event_mention_argument>
    </event_mention>
    <event_mention ID="T29">
      <anchor>
        <charseq START="1260" END="1267">carried</charseq>
      </anchor>
    </event_mention>
    <event_mention ID="T30">
      <anchor>
        <charseq START="1466" END="1473">protest</charseq>
      </anchor>
      <event_mention_argument ROLE="Issue" ID="T31">
        <charseq START="1457" END="1465">anti-war</charseq>
      </event_mention_argument>
      <event_mention_argument ROLE="Actor" ID="T33">
        <charseq START="1497" END="1509">participants</charseq>
      </event_mention_argument>
    </event_mention>
    <event_mention ID="T32">
      <anchor>
        <charseq START="1567" END="1578">demonstrate</charseq>
      </anchor>
    </event_mention>
    <event_mention ID="T34">
      <anchor>
        <charseq START="1587" END="1595">scuffled</charseq>
      </anchor>
      <event_mention_argument ROLE="Actor" ID="T35">
        <charseq START="1609" END="1619">protesters</charseq>
      </event_mention_argument>
      <event_mention_argument ROLE="Size" ID="T36">
        <charseq START="1601" END="1608">several</charseq>
      </event_mention_argument>
    </event_mention>
  </event_mentions>
  <events>
    <event ID="1">
      <action_form>Demonstration</action_form>
      <location>Romania</location>
      <date_range>
        <start>2003-03-28</start>
        <end>2003-03-28</end>
      </date_range>
      <actors/>
      <issues>
        <issue>International cooperation</issue>
      </issues>
      <size>10-49 people</size>
      <comment/>
      <link REFID="T1"/>
      <link REFID="T2"/>
      <link REFID="T5"/>
      <link REFID="T10"/>
      <link REFID="T13"/>
      <link REFID="T19"/>
      <link REFID="T21"/>
    </event>
    <event ID="2">
      <action_form>Demonstration</action_form>
      <location>Romania</location>
      <date_range>
        <start>2003-03-28</start>
        <end>2003-03-28</end>
      </date_range>
      <actors>
        <actor>Students</actor>
      </actors>
      <issues>
        <issue>For peace</issue>
      </issues>
      <size>10-49 people</size>
      <comment/>
      <link REFID="T5"/>
      <link REFID="T10"/>
      <link REFID="T16"/>
      <link REFID="T19"/>
      <link REFID="T25"/>
      <link REFID="T29"/>
      <link REFID="T30"/>
      <link REFID="T32"/>
    </event>
    <event ID="3">
      <action_form>Political violence</action_form>
      <location>Romania</location>
      <date_range>
        <start>2003-03-28</start>
        <end>2003-03-28</end>
      </date_range>
      <actors>
        <actor>Students</actor>
      </actors>
      <issues>
        <issue>For peace</issue>
      </issues>
      <size>10-49 people</size>
      <comment/>
      <link REFID="T34"/>
    </event>
  </events>
</document>
