<?xml version='1.0' encoding='utf8'?>
<document PUBLICATION_DATE="2002-03-18" DOCID="APW_ENG_20020318.1004">
  <event_mentions>
    <event_mention ID="T1">
      <anchor>
        <charseq START="29" END="36">protest</charseq>
      </anchor>
      <event_mention_argument ROLE="Issue" ID="T3">
        <charseq START="45" END="80">shopping center near Auschwitz camp</charseq>
      </event_mention_argument>
      <event_mention_argument ROLE="Location" ID="T2">
        <charseq START="0" END="5">Poles</charseq>
      </event_mention_argument>
      <event_mention_argument ROLE="Actor" ID="T6">
        <charseq START="14" END="20">Jewish</charseq>
      </event_mention_argument>
    </event_mention>
    <event_mention ID="T4">
      <anchor>
        <charseq START="231" END="238">protest</charseq>
      </anchor>
      <event_mention_argument ROLE="Issue" ID="T5">
        <charseq START="242" END="329">plans for a shopping center in a former tannery where some camp inmates worked and died</charseq>
      </event_mention_argument>
      <event_mention_argument ROLE="Location" ID="T8">
        <charseq START="178" END="184">Polish</charseq>
      </event_mention_argument>
      <event_mention_argument ROLE="Actor" ID="T7">
        <charseq START="216" END="222">Jewish</charseq>
      </event_mention_argument>
    </event_mention>
    <event_mention ID="T9">
      <anchor>
        <charseq START="1845" END="1853">protests</charseq>
      </anchor>
      <event_mention_argument ROLE="Date" ID="T12">
        <charseq START="1775" END="1784">Last year</charseq>
      </event_mention_argument>
      <event_mention_argument ROLE="Issue" ID="T10">
        <charseq START="1899" END="1942">it showed a lack of respect for the victims</charseq>
      </event_mention_argument>
      <event_mention_argument ROLE="Actor" ID="T11">
        <charseq START="1873" END="1879">Jewish</charseq>
      </event_mention_argument>
    </event_mention>
  </event_mentions>
  <events>
    <event ID="1">
      <action_form>Protest</action_form>
      <location>Poland</location>
      <date_range>
        <start>2002-02-01</start>
        <end>2002-02-28</end>
        <approximate/>
      </date_range>
      <actors>
        <actor>Religious groups / fundamentalists</actor>
      </actors>
      <issues/>
      <size/>
      <comment>Couldn't find the right issue type in the list</comment>
      <link REFID="T1"/>
      <link REFID="T4"/>
    </event>
    <event ID="2">
      <action_form>Protest</action_form>
      <location>Poland</location>
      <date_range>
        <start>2001-01-01</start>
        <end>2001-12-31</end>
        <approximate/>
      </date_range>
      <actors/>
      <issues/>
      <size/>
      <comment>Couldn't find the right issue type in the list</comment>
      <link REFID="T9"/>
    </event>
  </events>
</document>
