<?xml version='1.0' encoding='utf8'?>
<document PUBLICATION_DATE="2003-09-29" DOCID="APW_ENG_20030929.0705">
  <event_mentions>
    <event_mention ID="T1">
      <anchor>
        <charseq START="52" END="59">attacks</charseq>
      </anchor>
      <event_mention_argument ROLE="Location" ID="T2">
        <charseq START="40" END="45">Greek</charseq>
      </event_mention_argument>
    </event_mention>
    <event_mention ID="T3">
      <anchor>
        <charseq START="187" END="194">attacks</charseq>
      </anchor>
      <event_mention_argument ROLE="Date" ID="T5">
        <charseq START="205" END="218">early Tuesday</charseq>
      </event_mention_argument>
      <event_mention_argument ROLE="Location" ID="T4">
        <charseq START="198" END="204">Athens</charseq>
      </event_mention_argument>
    </event_mention>
    <event_mention ID="T6">
      <anchor>
        <charseq START="276" END="283">damaged</charseq>
      </anchor>
      <event_mention_argument ROLE="Actor" ID="T7">
        <charseq START="266" END="275">attackers</charseq>
      </event_mention_argument>
    </event_mention>
    <event_mention ID="T8">
      <anchor>
        <charseq START="479" END="485">blasts</charseq>
      </anchor>
    </event_mention>
    <event_mention ID="T9">
      <anchor>
        <charseq START="590" END="597">attacks</charseq>
      </anchor>
      <event_mention_argument ROLE="Location" ID="T10">
        <charseq START="618" END="624">Athens</charseq>
      </event_mention_argument>
    </event_mention>
  </event_mentions>
  <events>
    <event ID="1">
      <action_form>Political violence</action_form>
      <location>Greece</location>
      <date_range>
        <start>2003-09-23</start>
        <end>2003-09-23</end>
      </date_range>
      <actors/>
      <issues/>
      <size/>
      <comment/>
      <link REFID="T1"/>
      <link REFID="T3"/>
      <link REFID="T6"/>
      <link REFID="T8"/>
      <link REFID="T9"/>
    </event>
  </events>
</document>
