<?xml version='1.0' encoding='utf8'?>
<document PUBLICATION_DATE="2002-03-21" DOCID="APW_ENG_20020321.0726">
  <event_mentions>
    <event_mention ID="T1">
      <anchor>
        <charseq START="26" END="30">shot</charseq>
      </anchor>
      <event_mention_argument ROLE="Location" ID="T2">
        <charseq START="39" END="44">Spain</charseq>
      </event_mention_argument>
    </event_mention>
    <event_mention ID="T5">
      <anchor>
        <charseq START="165" END="169">shot</charseq>
      </anchor>
      <event_mention_argument ROLE="Date" ID="T3">
        <charseq START="243" END="251">Thursday</charseq>
      </event_mention_argument>
      <event_mention_argument ROLE="Location" ID="T4">
        <charseq START="212" END="217">Spain</charseq>
      </event_mention_argument>
      <event_mention_argument ROLE="Actor" ID="T7">
        <charseq START="158" END="164">gunmen</charseq>
      </event_mention_argument>
    </event_mention>
    <event_mention ID="T6">
      <anchor>
        <charseq START="174" END="180">killed</charseq>
      </anchor>
    </event_mention>
    <event_mention ID="T8">
      <anchor>
        <charseq START="305" END="313">shooting</charseq>
      </anchor>
    </event_mention>
    <event_mention ID="T9">
      <anchor>
        <charseq START="322" END="328">attack</charseq>
      </anchor>
    </event_mention>
    <event_mention ID="T10">
      <anchor>
        <charseq START="468" END="472">shot</charseq>
      </anchor>
      <event_mention_argument ROLE="Location" ID="T13">
        <charseq START="556" END="560">Orio</charseq>
      </event_mention_argument>
      <event_mention_argument ROLE="Actor" ID="T12">
        <charseq START="461" END="467">gunmen</charseq>
      </event_mention_argument>
      <event_mention_argument ROLE="Size" ID="T11">
        <charseq START="457" END="460">two</charseq>
      </event_mention_argument>
    </event_mention>
    <event_mention ID="T14">
      <anchor>
        <charseq START="1103" END="1112">explosion</charseq>
      </anchor>
      <event_mention_argument ROLE="Date" ID="T16">
        <charseq START="1096" END="1102">Mar. 2</charseq>
      </event_mention_argument>
    </event_mention>
    <event_mention ID="T15">
      <anchor>
        <charseq START="1186" END="1191">blast</charseq>
      </anchor>
    </event_mention>
    <event_mention ID="T17">
      <anchor>
        <charseq START="1436" END="1444">murdered</charseq>
      </anchor>
    </event_mention>
    <event_mention ID="T18">
      <anchor>
        <charseq START="1456" END="1462">attack</charseq>
      </anchor>
    </event_mention>
    <event_mention ID="T19">
      <anchor>
        <charseq START="1598" END="1604">killed</charseq>
      </anchor>
      <event_mention_argument ROLE="Date" ID="T20">
        <charseq START="1498" END="1515">first anniversary</charseq>
      </event_mention_argument>
      <event_mention_argument ROLE="Actor" ID="T21">
        <charseq START="1608" END="1611">ETA</charseq>
      </event_mention_argument>
    </event_mention>
    <event_mention ID="T22">
      <anchor>
        <charseq START="1789" END="1795">attack</charseq>
      </anchor>
    </event_mention>
    <event_mention ID="T27">
      <anchor>
        <charseq START="1838" END="1842">shot</charseq>
      </anchor>
      <event_mention_argument ROLE="Date" ID="T24">
        <charseq START="1818" END="1825">Nov. 23</charseq>
      </event_mention_argument>
      <event_mention_argument ROLE="Location" ID="T25">
        <charseq START="1883" END="1889">Basque</charseq>
      </event_mention_argument>
      <event_mention_argument ROLE="Actor" ID="T26">
        <charseq START="1831" END="1837">gunmen</charseq>
      </event_mention_argument>
    </event_mention>
    <event_mention ID="T23">
      <anchor>
        <charseq START="1902" END="1910">shooting</charseq>
      </anchor>
      <event_mention_argument ROLE="Location" ID="T28">
        <charseq START="1914" END="1918">Orio</charseq>
      </event_mention_argument>
    </event_mention>
  </event_mentions>
  <events>
    <event ID="1">
      <action_form>Gruesome violence</action_form>
      <location>Spain</location>
      <date_range>
        <start>2002-03-02</start>
        <end>2002-03-02</end>
      </date_range>
      <actors/>
      <issues/>
      <size/>
      <comment/>
      <link REFID="T1"/>
      <link REFID="T5"/>
      <link REFID="T6"/>
      <link REFID="T8"/>
      <link REFID="T9"/>
      <link REFID="T10"/>
      <link REFID="T17"/>
      <link REFID="T18"/>
      <link REFID="T23"/>
    </event>
    <event ID="2">
      <action_form>Gruesome violence</action_form>
      <location>Spain</location>
      <date_range>
        <start>2002-03-02</start>
        <end>2002-03-02</end>
      </date_range>
      <actors/>
      <issues/>
      <size/>
      <comment/>
      <link REFID="T14"/>
      <link REFID="T15"/>
    </event>
    <event ID="3">
      <action_form>Gruesome violence</action_form>
      <location>Spain</location>
      <date_range>
        <start>2001-03-20</start>
        <end>2002-03-20</end>
        <approximate/>
      </date_range>
      <actors>
        <actor>Organization</actor>
      </actors>
      <issues/>
      <size/>
      <comment/>
      <link REFID="T19"/>
    </event>
    <event ID="4">
      <action_form>Gruesome violence</action_form>
      <location>Spain</location>
      <date_range>
        <start>2001-11-23</start>
        <end>2001-11-23</end>
      </date_range>
      <actors/>
      <issues/>
      <size/>
      <comment/>
      <link REFID="T22"/>
      <link REFID="T27"/>
    </event>
  </events>
</document>
