<?xml version='1.0' encoding='utf8'?>
<document PUBLICATION_DATE="2003-04-24" DOCID="APW_ENG_20030424.0195">
  <event_mentions>
    <event_mention ID="T1">
      <anchor>
        <charseq START="105" END="113">scuffled</charseq>
      </anchor>
      <event_mention_argument ROLE="Actor" ID="T3">
        <charseq START="71" END="78">Members</charseq>
      </event_mention_argument>
    </event_mention>
    <event_mention ID="T2">
      <anchor>
        <charseq START="144" END="151">protest</charseq>
      </anchor>
      <event_mention_argument ROLE="Date" ID="T5">
        <charseq START="182" END="190">Thursday</charseq>
      </event_mention_argument>
      <event_mention_argument ROLE="Location" ID="T4">
        <charseq START="173" END="178">Paris</charseq>
      </event_mention_argument>
      <event_mention_argument ROLE="Actor" ID="T6">
        <charseq START="199" END="205">people</charseq>
      </event_mention_argument>
    </event_mention>
    <event_mention ID="T7">
      <anchor>
        <charseq START="290" END="297">clashed</charseq>
      </anchor>
      <event_mention_argument ROLE="Size" ID="T8">
        <charseq START="244" END="252">About 30</charseq>
      </event_mention_argument>
    </event_mention>
    <event_mention ID="T10">
      <anchor>
        <charseq START="326" END="331">chain</charseq>
      </anchor>
      <event_mention_argument ROLE="Issue" ID="T11">
        <charseq START="396" END="431">detention of 26 journalists in Cuba</charseq>
      </event_mention_argument>
      <event_mention_argument ROLE="Actor" ID="T9">
        <charseq START="264" END="289">Reporters Without Borders</charseq>
      </event_mention_argument>
    </event_mention>
    <event_mention ID="T12">
      <anchor>
        <charseq START="546" END="551">clash</charseq>
      </anchor>
    </event_mention>
    <event_mention ID="T13">
      <anchor>
        <charseq START="494" END="507">confrontation</charseq>
      </anchor>
    </event_mention>
    <event_mention ID="T14">
      <anchor>
        <charseq START="960" END="965">melee</charseq>
      </anchor>
    </event_mention>
    <event_mention ID="T15">
      <anchor>
        <charseq START="974" END="977">hit</charseq>
      </anchor>
    </event_mention>
    <event_mention ID="T16">
      <anchor>
        <charseq START="1007" END="1013">kicked</charseq>
      </anchor>
    </event_mention>
    <event_mention ID="T17">
      <anchor>
        <charseq START="1082" END="1090">protests</charseq>
      </anchor>
    </event_mention>
    <event_mention ID="T19">
      <anchor>
        <charseq START="1226" END="1232">letter</charseq>
      </anchor>
      <event_mention_argument ROLE="Issue" ID="T20">
        <charseq START="1247" END="1275">liberation of 26 journalists</charseq>
      </event_mention_argument>
      <event_mention_argument ROLE="Actor" ID="T18">
        <charseq START="1163" END="1188">Reporters Without Borders</charseq>
      </event_mention_argument>
    </event_mention>
    <event_mention ID="T21">
      <anchor>
        <charseq START="16" END="21">clash</charseq>
      </anchor>
      <event_mention_argument ROLE="Issue" ID="T24">
        <charseq START="37" END="42">Cuban</charseq>
      </event_mention_argument>
      <event_mention_argument ROLE="Location" ID="T22">
        <charseq START="54" END="59">Paris</charseq>
      </event_mention_argument>
      <event_mention_argument ROLE="Actor" ID="T23">
        <charseq START="6" END="15">advocates</charseq>
      </event_mention_argument>
    </event_mention>
  </event_mentions>
  <events>
    <event ID="1">
      <action_form>Political violence</action_form>
      <location>France</location>
      <date_range>
        <start>2003-04-24</start>
        <end>2003-04-24</end>
      </date_range>
      <actors>
        <actor>Organization</actor>
      </actors>
      <issues>
        <issue>Civil rights</issue>
      </issues>
      <size>10-49 people</size>
      <comment/>
      <link REFID="T1"/>
      <link REFID="T7"/>
      <link REFID="T12"/>
      <link REFID="T13"/>
      <link REFID="T14"/>
      <link REFID="T15"/>
      <link REFID="T16"/>
      <link REFID="T21"/>
    </event>
    <event ID="2">
      <action_form>Demonstration</action_form>
      <location>France</location>
      <date_range>
        <start>2003-04-24</start>
        <end>2003-04-24</end>
      </date_range>
      <actors>
        <actor>Organization</actor>
      </actors>
      <issues>
        <issue>Civil rights</issue>
      </issues>
      <size>10-49 people</size>
      <comment/>
      <link REFID="T2"/>
      <link REFID="T10"/>
      <link REFID="T17"/>
      <link REFID="T19"/>
    </event>
  </events>
</document>
