<?xml version='1.0' encoding='utf8'?>
<document PUBLICATION_DATE="2002-03-16" DOCID="APW_ENG_20020316.0277">
  <event_mentions>
    <event_mention ID="T1">
      <anchor>
        <charseq START="98" END="105">rallied</charseq>
      </anchor>
      <event_mention_argument ROLE="Date" ID="T6">
        <charseq START="116" END="124">Saturday</charseq>
      </event_mention_argument>
      <event_mention_argument ROLE="Issue" ID="T7">
        <charseq START="154" END="197">to open up the mail industry to competition</charseq>
      </event_mention_argument>
      <event_mention_argument ROLE="Location" ID="T5">
        <charseq START="109" END="115">London</charseq>
      </event_mention_argument>
      <event_mention_argument ROLE="Actor" ID="T8">
        <charseq START="90" END="97">workers</charseq>
      </event_mention_argument>
    </event_mention>
    <event_mention ID="T2">
      <anchor>
        <charseq START="13" END="20">rallies</charseq>
      </anchor>
      <event_mention_argument ROLE="Issue" ID="T4">
        <charseq START="39" END="70">to open industry to competition</charseq>
      </event_mention_argument>
      <event_mention_argument ROLE="Actor" ID="T3">
        <charseq START="7" END="12">union</charseq>
      </event_mention_argument>
    </event_mention>
    <event_mention ID="T9">
      <anchor>
        <charseq START="504" END="517">demonstration</charseq>
      </anchor>
      <event_mention_argument ROLE="Actor" ID="T10">
        <charseq START="455" END="482">Communication Workers Union</charseq>
      </event_mention_argument>
    </event_mention>
  </event_mentions>
  <events>
    <event ID="1">
      <action_form>Demonstration</action_form>
      <location>United Kingdom</location>
      <date_range>
        <start>2002-03-16</start>
        <end>2002-03-16</end>
      </date_range>
      <actors>
        <actor>Trade union</actor>
      </actors>
      <issues>
        <issue>For regulation of the economy</issue>
      </issues>
      <size/>
      <comment/>
      <link REFID="T1"/>
      <link REFID="T2"/>
      <link REFID="T9"/>
    </event>
  </events>
</document>
