<?xml version='1.0' encoding='utf8'?>
<document PUBLICATION_DATE="2003-10-18" DOCID="APW_ENG_20031018.0459">
  <event_mentions>
    <event_mention ID="T1">
      <anchor>
        <charseq START="10" END="15">rally</charseq>
      </anchor>
      <event_mention_argument ROLE="Issue" ID="T4">
        <charseq START="44" END="91">release of detainees linked to banned newspaper</charseq>
      </event_mention_argument>
      <event_mention_argument ROLE="Location" ID="T3">
        <charseq START="28" END="33">Spain</charseq>
      </event_mention_argument>
      <event_mention_argument ROLE="Size" ID="T2">
        <charseq START="0" END="9">Thousands</charseq>
      </event_mention_argument>
    </event_mention>
    <event_mention ID="T6">
      <anchor>
        <charseq START="121" END="128">rallied</charseq>
      </anchor>
      <event_mention_argument ROLE="Date" ID="T8">
        <charseq START="175" END="183">Saturday</charseq>
      </event_mention_argument>
      <event_mention_argument ROLE="Issue" ID="T9">
        <charseq START="203" END="290">the arrest of eight people accused of committing crimes on behalf of a banned newspaper</charseq>
      </event_mention_argument>
      <event_mention_argument ROLE="Location" ID="T7">
        <charseq START="161" END="174">San Sebastian</charseq>
      </event_mention_argument>
      <event_mention_argument ROLE="Size" ID="T5">
        <charseq START="111" END="120">Thousands</charseq>
      </event_mention_argument>
    </event_mention>
    <event_mention ID="T11">
      <anchor>
        <charseq START="733" END="739">filled</charseq>
      </anchor>
      <event_mention_argument ROLE="Date" ID="T10">
        <charseq START="714" END="722">Saturday</charseq>
      </event_mention_argument>
      <event_mention_argument ROLE="Location" ID="T13">
        <charseq START="767" END="780">San Sebastian</charseq>
      </event_mention_argument>
      <event_mention_argument ROLE="Actor" ID="T12">
        <charseq START="724" END="732">families</charseq>
      </event_mention_argument>
      <event_mention_argument ROLE="Actor" ID="T14">
        <charseq START="851" END="860">residents</charseq>
      </event_mention_argument>
      <event_mention_argument ROLE="Actor" ID="T15">
        <charseq START="862" END="873">politicians</charseq>
      </event_mention_argument>
      <event_mention_argument ROLE="Actor" ID="T16">
        <charseq START="878" END="885">members</charseq>
      </event_mention_argument>
    </event_mention>
    <event_mention ID="T17">
      <anchor>
        <charseq START="930" END="935">march</charseq>
      </anchor>
      <event_mention_argument ROLE="Issue" ID="T18">
        <charseq START="989" END="1042">``Long live the Basque people. Yes to our language.''</charseq>
      </event_mention_argument>
    </event_mention>
    <event_mention ID="T19">
      <anchor>
        <charseq START="1162" END="1167">march</charseq>
      </anchor>
    </event_mention>
  </event_mentions>
  <events>
    <event ID="1">
      <action_form>Demonstration</action_form>
      <location>Spain</location>
      <date_range>
        <start>2003-10-18</start>
        <end>2003-10-18</end>
      </date_range>
      <actors/>
      <issues>
        <issue>For regionalism</issue>
        <issue>Against police power</issue>
      </issues>
      <size>1,000-9,999 people</size>
      <comment/>
      <link REFID="T1"/>
      <link REFID="T6"/>
      <link REFID="T11"/>
      <link REFID="T17"/>
      <link REFID="T19"/>
    </event>
  </events>
</document>
