<?xml version='1.0' encoding='utf8'?>
<document PUBLICATION_DATE="2003-10-16" DOCID="APW_ENG_20031016.0701">
  <event_mentions>
    <event_mention ID="T1">
      <anchor>
        <charseq START="11" END="16">rally</charseq>
      </anchor>
      <event_mention_argument ROLE="Issue" ID="T2">
        <charseq START="31" END="49">terrorist suspects</charseq>
      </event_mention_argument>
    </event_mention>
    <event_mention ID="T5">
      <anchor>
        <charseq START="100" END="105">rally</charseq>
      </anchor>
      <event_mention_argument ROLE="Date" ID="T6">
        <charseq START="106" END="119">late Thursday</charseq>
      </event_mention_argument>
      <event_mention_argument ROLE="Issue" ID="T8">
        <charseq START="134" END="242">suspected members of Greece's deadly November 17 terror group currently on trial for murder and bomb attacks</charseq>
      </event_mention_argument>
      <event_mention_argument ROLE="Location" ID="T7">
        <charseq START="155" END="161">Greece</charseq>
      </event_mention_argument>
      <event_mention_argument ROLE="Actor" ID="T4">
        <charseq START="80" END="90">anarchists</charseq>
      </event_mention_argument>
      <event_mention_argument ROLE="Size" ID="T3">
        <charseq START="70" END="79">About 800</charseq>
      </event_mention_argument>
    </event_mention>
    <event_mention ID="T9">
      <anchor>
        <charseq START="300" END="307">marched</charseq>
      </anchor>
      <event_mention_argument ROLE="Issue" ID="T10">
        <charseq START="267" END="291">``burn down parliament''</charseq>
      </event_mention_argument>
      <event_mention_argument ROLE="Actor" ID="T11">
        <charseq START="248" END="258">protesters</charseq>
      </event_mention_argument>
    </event_mention>
    <event_mention ID="T12">
      <anchor>
        <charseq START="441" END="446">rally</charseq>
      </anchor>
      <event_mention_argument ROLE="Issue" ID="T13">
        <charseq START="467" END="551">alleged abuses of power by police in a crackdown on the once-elusive terrorist group</charseq>
      </event_mention_argument>
    </event_mention>
    <event_mention ID="T14">
      <anchor>
        <charseq START="785" END="791">attack</charseq>
      </anchor>
      <event_mention_argument ROLE="Date" ID="T15">
        <charseq START="792" END="801">last year</charseq>
      </event_mention_argument>
    </event_mention>
  </event_mentions>
  <events>
    <event ID="1">
      <action_form>Demonstration</action_form>
      <location>Greece</location>
      <date_range>
        <start>2003-10-16</start>
        <end>2003-10-16</end>
      </date_range>
      <actors>
        <actor>Left-libertarians</actor>
      </actors>
      <issues/>
      <size>100-999 people</size>
      <comment/>
      <link REFID="T1"/>
      <link REFID="T5"/>
      <link REFID="T9"/>
      <link REFID="T12"/>
    </event>
    <event ID="2">
      <action_form>Gruesome violence</action_form>
      <location>Greece</location>
      <date_range>
        <start>2000-01-01</start>
        <end>2015-12-31</end>
        <approximate/>
      </date_range>
      <actors>
        <actor>Left-libertarians</actor>
      </actors>
      <issues/>
      <size/>
      <comment/>
      <link REFID="T14"/>
    </event>
  </events>
</document>
