<?xml version='1.0' encoding='utf8'?>
<document PUBLICATION_DATE="2003-03-17" DOCID="APW_ENG_20030317.0633">
  <event_mentions>
    <event_mention ID="T1">
      <anchor>
        <charseq START="87" END="94">entered</charseq>
      </anchor>
      <event_mention_argument ROLE="Date" ID="T4">
        <charseq START="153" END="159">Monday</charseq>
      </event_mention_argument>
      <event_mention_argument ROLE="Issue" ID="T5">
        <charseq START="68" END="76">Anti-war</charseq>
      </event_mention_argument>
      <event_mention_argument ROLE="Location" ID="T3">
        <charseq START="143" END="149">London</charseq>
      </event_mention_argument>
      <event_mention_argument ROLE="Actor" ID="T2">
        <charseq START="77" END="86">activists</charseq>
      </event_mention_argument>
    </event_mention>
    <event_mention ID="T10">
      <anchor>
        <charseq START="276" END="284">entering</charseq>
      </anchor>
      <event_mention_argument ROLE="Date" ID="T11">
        <charseq START="303" END="314">after 2 p.m</charseq>
      </event_mention_argument>
      <event_mention_argument ROLE="Actor" ID="T7">
        <charseq START="227" END="237">protesters</charseq>
      </event_mention_argument>
      <event_mention_argument ROLE="Actor" ID="T8">
        <charseq START="245" END="250">group</charseq>
      </event_mention_argument>
      <event_mention_argument ROLE="Size" ID="T6">
        <charseq START="223" END="226">Two</charseq>
      </event_mention_argument>
      <event_mention_argument ROLE="Size" ID="T9">
        <charseq START="254" END="262">about 30</charseq>
      </event_mention_argument>
    </event_mention>
    <event_mention ID="T12">
      <anchor>
        <charseq START="702" END="709">entered</charseq>
      </anchor>
      <event_mention_argument ROLE="Issue" ID="T16">
        <charseq START="737" END="753">anti-war slogans</charseq>
      </event_mention_argument>
      <event_mention_argument ROLE="Actor" ID="T14">
        <charseq START="696" END="701">women</charseq>
      </event_mention_argument>
      <event_mention_argument ROLE="Actor" ID="T13">
        <charseq START="688" END="691">men</charseq>
      </event_mention_argument>
      <event_mention_argument ROLE="Size" ID="T15">
        <charseq START="685" END="687">20</charseq>
      </event_mention_argument>
    </event_mention>
    <event_mention ID="T17">
      <anchor>
        <charseq START="767" END="776">unplugged</charseq>
      </anchor>
    </event_mention>
    <event_mention ID="T18">
      <anchor>
        <charseq START="810" END="814">hang</charseq>
      </anchor>
    </event_mention>
    <event_mention ID="T19">
      <anchor>
        <charseq START="1119" END="1126">protest</charseq>
      </anchor>
    </event_mention>
    <event_mention ID="T21">
      <anchor>
        <charseq START="1158" END="1166">incident</charseq>
      </anchor>
      <event_mention_argument ROLE="Actor" ID="T20">
        <charseq START="1089" END="1102">Demonstrators</charseq>
      </event_mention_argument>
    </event_mention>
    <event_mention ID="T22">
      <anchor>
        <charseq START="1195" END="1202">protest</charseq>
      </anchor>
    </event_mention>
    <event_mention ID="T28">
      <anchor>
        <charseq START="1233" END="1241">gathered</charseq>
      </anchor>
      <event_mention_argument ROLE="Date" ID="T23">
        <charseq START="1203" END="1209">Monday</charseq>
      </event_mention_argument>
      <event_mention_argument ROLE="Issue" ID="T25">
        <charseq START="1214" END="1222">anti-war</charseq>
      </event_mention_argument>
      <event_mention_argument ROLE="Issue" ID="T29">
        <charseq START="1312" END="1322">``No War''</charseq>
      </event_mention_argument>
      <event_mention_argument ROLE="Location" ID="T27">
        <charseq START="1277" END="1283">London</charseq>
      </event_mention_argument>
      <event_mention_argument ROLE="Actor" ID="T26">
        <charseq START="1223" END="1232">activists</charseq>
      </event_mention_argument>
      <event_mention_argument ROLE="Size" ID="T24">
        <charseq START="1211" END="1213">15</charseq>
      </event_mention_argument>
    </event_mention>
    <event_mention ID="T30">
      <anchor>
        <charseq START="1384" END="1393">conducted</charseq>
      </anchor>
    </event_mention>
    <event_mention ID="T31">
      <anchor>
        <charseq START="1484" END="1492">protests</charseq>
      </anchor>
      <event_mention_argument ROLE="Location" ID="T33">
        <charseq START="1496" END="1510">Downing Street</charseq>
      </event_mention_argument>
      <event_mention_argument ROLE="Actor" ID="T32">
        <charseq START="1455" END="1460">group</charseq>
      </event_mention_argument>
    </event_mention>
    <event_mention ID="T34">
      <anchor>
        <charseq START="20" END="25">force</charseq>
      </anchor>
      <event_mention_argument ROLE="Issue" ID="T35">
        <charseq START="0" END="8">Anti-war</charseq>
      </event_mention_argument>
      <event_mention_argument ROLE="Actor" ID="T36">
        <charseq START="9" END="19">protesters</charseq>
      </event_mention_argument>
    </event_mention>
  </event_mentions>
  <events>
    <event ID="1">
      <action_form>Occupation / Blockade</action_form>
      <location>United Kingdom</location>
      <date_range>
        <start>2003-03-17</start>
        <end>2003-03-17</end>
      </date_range>
      <actors>
        <actor>Left-libertarians</actor>
      </actors>
      <issues>
        <issue>For peace</issue>
      </issues>
      <size>10-49 people</size>
      <comment/>
      <link REFID="T1"/>
      <link REFID="T10"/>
      <link REFID="T12"/>
      <link REFID="T17"/>
      <link REFID="T18"/>
      <link REFID="T21"/>
      <link REFID="T34"/>
    </event>
    <event ID="2">
      <action_form>Demonstration</action_form>
      <location>United Kingdom</location>
      <date_range>
        <start>2003-03-17</start>
        <end>2003-03-17</end>
      </date_range>
      <actors>
        <actor>Left-libertarians</actor>
      </actors>
      <issues>
        <issue>For peace</issue>
      </issues>
      <size>10-49 people</size>
      <comment/>
      <link REFID="T19"/>
    </event>
    <event ID="3">
      <action_form>Demonstration</action_form>
      <location>United Kingdom</location>
      <date_range>
        <start>2003-03-17</start>
        <end>2003-03-17</end>
      </date_range>
      <actors>
        <actor>Left-libertarians</actor>
      </actors>
      <issues>
        <issue>For peace</issue>
      </issues>
      <size>10-49 people</size>
      <comment/>
      <link REFID="T22"/>
      <link REFID="T28"/>
      <link REFID="T30"/>
    </event>
    <event ID="4">
      <action_form>Demonstration</action_form>
      <location>United Kingdom</location>
      <date_range>
        <start>2003-03-17</start>
        <end>2003-03-17</end>
      </date_range>
      <actors>
        <actor>Left-libertarians</actor>
      </actors>
      <issues>
        <issue>For peace</issue>
      </issues>
      <size>10-49 people</size>
      <comment/>
      <link REFID="T31"/>
    </event>
  </events>
</document>
