<?xml version='1.0' encoding='utf8'?>
<document PUBLICATION_DATE="2002-03-07" DOCID="APW_ENG_20020307.0764">
  <event_mentions>
    <event_mention ID="T1">
      <anchor>
        <charseq START="1232" END="1245">demonstration</charseq>
      </anchor>
    </event_mention>
    <event_mention ID="T2">
      <anchor>
        <charseq START="204" END="212">protests</charseq>
      </anchor>
      <event_mention_argument ROLE="Date" ID="T4">
        <charseq START="179" END="187">Thursday</charseq>
      </event_mention_argument>
      <event_mention_argument ROLE="Issue" ID="T6">
        <charseq START="128" END="175">petroleum development in the arctic Barents Sea</charseq>
      </event_mention_argument>
      <event_mention_argument ROLE="Location" ID="T3">
        <charseq START="113" END="119">Norway</charseq>
      </event_mention_argument>
      <event_mention_argument ROLE="Actor" ID="T5">
        <charseq START="232" END="238">groups</charseq>
      </event_mention_argument>
    </event_mention>
  </event_mentions>
  <events>
    <event ID="1">
      <action_form>Demonstration</action_form>
      <location>Norway</location>
      <date_range>
        <start>2002-03-07</start>
        <end>2002-03-07</end>
      </date_range>
      <actors>
        <actor>Left-libertarians</actor>
      </actors>
      <issues>
        <issue>Environmental protection</issue>
      </issues>
      <size/>
      <comment/>
      <link REFID="T1"/>
      <link REFID="T2"/>
    </event>
  </events>
</document>
