<?xml version='1.0' encoding='utf8'?>
<document PUBLICATION_DATE="2003-10-22" DOCID="APW_ENG_20031022.0733">
  <event_mentions>
    <event_mention ID="T1">
      <anchor>
        <charseq START="9" END="15">strike</charseq>
      </anchor>
      <event_mention_argument ROLE="Location" ID="T2">
        <charseq START="52" END="57">Paris</charseq>
      </event_mention_argument>
    </event_mention>
    <event_mention ID="T4">
      <anchor>
        <charseq START="88" END="94">strike</charseq>
      </anchor>
      <event_mention_argument ROLE="Date" ID="T3">
        <charseq START="95" END="104">Wednesday</charseq>
      </event_mention_argument>
      <event_mention_argument ROLE="Location" ID="T6">
        <charseq START="172" END="179">capital</charseq>
      </event_mention_argument>
      <event_mention_argument ROLE="Actor" ID="T5">
        <charseq START="108" END="117">employees</charseq>
      </event_mention_argument>
    </event_mention>
    <event_mention ID="T7">
      <anchor>
        <charseq START="702" END="708">strike</charseq>
      </anchor>
      <event_mention_argument ROLE="Actor" ID="T8">
        <charseq START="747" END="755">strikers</charseq>
      </event_mention_argument>
    </event_mention>
  </event_mentions>
  <events>
    <event ID="1">
      <action_form>Strike</action_form>
      <location>France</location>
      <date_range>
        <start>2003-10-22</start>
        <end>2003-10-22</end>
      </date_range>
      <actors>
        <actor>Occupational group</actor>
      </actors>
      <issues/>
      <size/>
      <comment/>
      <link REFID="T1"/>
      <link REFID="T4"/>
      <link REFID="T7"/>
    </event>
  </events>
</document>
