<?xml version='1.0' encoding='utf8'?>
<document PUBLICATION_DATE="2003-03-06" DOCID="APW_ENG_20030306.0293">
  <event_mentions>
    <event_mention ID="T2">
      <anchor>
        <charseq START="86" END="89">set</charseq>
      </anchor>
      <event_mention_argument ROLE="Date" ID="T4">
        <charseq START="128" END="136">Thursday</charseq>
      </event_mention_argument>
      <event_mention_argument ROLE="Issue" ID="T5">
        <charseq START="148" END="247">the allegedly desperate state of civilization and in particular the situation in the Czech Republic</charseq>
      </event_mention_argument>
      <event_mention_argument ROLE="Location" ID="T3">
        <charseq START="118" END="124">Prague</charseq>
      </event_mention_argument>
      <event_mention_argument ROLE="Actor" ID="T1">
        <charseq START="77" END="85">teenager</charseq>
      </event_mention_argument>
    </event_mention>
    <event_mention ID="T6">
      <anchor>
        <charseq START="307" END="310">set</charseq>
      </anchor>
      <event_mention_argument ROLE="Date" ID="T8">
        <charseq START="363" END="386">shortly before 7:30 a.m</charseq>
      </event_mention_argument>
      <event_mention_argument ROLE="Location" ID="T7">
        <charseq START="329" END="335">Prague</charseq>
      </event_mention_argument>
    </event_mention>
    <event_mention ID="T9">
      <anchor>
        <charseq START="800" END="806">action</charseq>
      </anchor>
      <event_mention_argument ROLE="Issue" ID="T10">
        <charseq START="865" END="914">the evil which is tolerated throughout the world,</charseq>
      </event_mention_argument>
      <event_mention_argument ROLE="Actor" ID="T11">
        <charseq START="921" END="924">man</charseq>
      </event_mention_argument>
    </event_mention>
    <event_mention ID="T12">
      <anchor>
        <charseq START="1033" END="1048">self-immolation</charseq>
      </anchor>
    </event_mention>
    <event_mention ID="T13">
      <anchor>
        <charseq START="1301" END="1307">burned</charseq>
      </anchor>
      <event_mention_argument ROLE="Actor" ID="T14">
        <charseq START="1297" END="1300">man</charseq>
      </event_mention_argument>
    </event_mention>
    <event_mention ID="T16">
      <anchor>
        <charseq START="1365" END="1368">set</charseq>
      </anchor>
      <event_mention_argument ROLE="Date" ID="T17">
        <charseq START="1388" END="1400">January 1969</charseq>
      </event_mention_argument>
      <event_mention_argument ROLE="Issue" ID="T18">
        <charseq START="1412" END="1493">the 1968 Warsaw Pact invasion and the subsequent Soviet domination of the country</charseq>
      </event_mention_argument>
      <event_mention_argument ROLE="Actor" ID="T15">
        <charseq START="1346" END="1353">student</charseq>
      </event_mention_argument>
    </event_mention>
    <event_mention ID="T19">
      <anchor>
        <charseq START="23" END="30">setting</charseq>
      </anchor>
      <event_mention_argument ROLE="Actor" ID="T20">
        <charseq START="0" END="8">Teenager</charseq>
      </event_mention_argument>
    </event_mention>
  </event_mentions>
  <events>
    <event ID="1">
      <action_form>Self-inflicted violence</action_form>
      <location>Czech Republic</location>
      <date_range>
        <start>2003-03-06</start>
        <end>2003-03-06</end>
      </date_range>
      <actors>
        <actor>Students</actor>
      </actors>
      <issues>
        <issue>Civil rights</issue>
      </issues>
      <size>1-9 people</size>
      <comment/>
      <link REFID="T2"/>
      <link REFID="T6"/>
      <link REFID="T9"/>
      <link REFID="T12"/>
      <link REFID="T13"/>
      <link REFID="T19"/>
    </event>
    <event ID="2">
      <action_form>Self-inflicted violence</action_form>
      <location>Czech Republic</location>
      <date_range>
        <start>1969-01-01</start>
        <end>1969-01-31</end>
        <approximate/>
      </date_range>
      <actors>
        <actor>Students</actor>
      </actors>
      <issues>
        <issue>For peace</issue>
      </issues>
      <size>1-9 people</size>
      <comment/>
      <link REFID="T16"/>
    </event>
  </events>
</document>
