<?xml version='1.0' encoding='utf8'?>
<document PUBLICATION_DATE="2002-04-17" DOCID="APW_ENG_20020417.0943">
  <event_mentions>
    <event_mention ID="T1">
      <anchor>
        <charseq START="20" END="29">vandalism</charseq>
      </anchor>
      <event_mention_argument ROLE="Issue" ID="T3">
        <charseq START="53" END="59">Jewish</charseq>
      </event_mention_argument>
    </event_mention>
    <event_mention ID="T2">
      <anchor>
        <charseq START="126" END="135">vandalism</charseq>
      </anchor>
      <event_mention_argument ROLE="Issue" ID="T4">
        <charseq START="166" END="172">Jewish</charseq>
      </event_mention_argument>
    </event_mention>
    <event_mention ID="T5">
      <anchor>
        <charseq START="240" END="249">incidents</charseq>
      </anchor>
      <event_mention_argument ROLE="Location" ID="T6">
        <charseq START="337" END="343">Greece</charseq>
      </event_mention_argument>
    </event_mention>
    <event_mention ID="T8">
      <anchor>
        <charseq START="359" END="367">splashed</charseq>
      </anchor>
      <event_mention_argument ROLE="Date" ID="T7">
        <charseq START="368" END="375">Tuesday</charseq>
      </event_mention_argument>
      <event_mention_argument ROLE="Location" ID="T9">
        <charseq START="434" END="446">Thessaloniki</charseq>
      </event_mention_argument>
    </event_mention>
    <event_mention ID="T10">
      <anchor>
        <charseq START="482" END="489">written</charseq>
      </anchor>
    </event_mention>
    <event_mention ID="T12">
      <anchor>
        <charseq START="568" END="575">damaged</charseq>
      </anchor>
      <event_mention_argument ROLE="Issue" ID="T13">
        <charseq START="581" END="587">Jewish</charseq>
      </event_mention_argument>
      <event_mention_argument ROLE="Location" ID="T11">
        <charseq START="535" END="543">Ioannina</charseq>
      </event_mention_argument>
    </event_mention>
    <event_mention ID="T14">
      <anchor>
        <charseq START="682" END="685">act</charseq>
      </anchor>
    </event_mention>
    <event_mention ID="T15">
      <anchor>
        <charseq START="757" END="766">incidents</charseq>
      </anchor>
      <event_mention_argument ROLE="Date" ID="T23">
        <charseq START="778" END="787">day after</charseq>
      </event_mention_argument>
    </event_mention>
    <event_mention ID="T16">
      <anchor>
        <charseq START="812" END="825">demonstration</charseq>
      </anchor>
      <event_mention_argument ROLE="Issue" ID="T18">
        <charseq START="796" END="811">pro-Palestinian</charseq>
      </event_mention_argument>
      <event_mention_argument ROLE="Location" ID="T17">
        <charseq START="838" END="850">Thessaloniki</charseq>
      </event_mention_argument>
    </event_mention>
    <event_mention ID="T20">
      <anchor>
        <charseq START="860" END="868">protests</charseq>
      </anchor>
      <event_mention_argument ROLE="Location" ID="T19">
        <charseq START="892" END="898">Athens</charseq>
      </event_mention_argument>
    </event_mention>
    <event_mention ID="T21">
      <anchor>
        <charseq START="1089" END="1099">vandalized</charseq>
      </anchor>
      <event_mention_argument ROLE="Date" ID="T22">
        <charseq START="1100" END="1113">two years ago</charseq>
      </event_mention_argument>
    </event_mention>
    <event_mention ID="T24">
      <anchor>
        <charseq START="1343" END="1349">action</charseq>
      </anchor>
      <event_mention_argument ROLE="Location" ID="T27">
        <charseq START="1243" END="1249">Greeks</charseq>
      </event_mention_argument>
    </event_mention>
    <event_mention ID="T25">
      <anchor>
        <charseq START="1407" END="1416">vandalism</charseq>
      </anchor>
      <event_mention_argument ROLE="Location" ID="T26">
        <charseq START="1461" END="1467">Greece</charseq>
      </event_mention_argument>
    </event_mention>
    <event_mention ID="T28">
      <anchor>
        <charseq START="1604" END="1611">Attacks</charseq>
      </anchor>
      <event_mention_argument ROLE="Issue" ID="T29">
        <charseq START="1620" END="1634">Jewish targets</charseq>
      </event_mention_argument>
    </event_mention>
  </event_mentions>
  <events>
    <event ID="1">
      <action_form>Political violence</action_form>
      <location>Greece</location>
      <date_range>
        <start>2002-04-16</start>
        <end>2002-04-16</end>
      </date_range>
      <actors/>
      <issues/>
      <size/>
      <comment>Issue: Anti-Israel</comment>
      <link REFID="T1"/>
      <link REFID="T2"/>
      <link REFID="T5"/>
      <link REFID="T8"/>
      <link REFID="T10"/>
      <link REFID="T14"/>
      <link REFID="T15"/>
      <link REFID="T24"/>
      <link REFID="T25"/>
      <link REFID="T28"/>
    </event>
    <event ID="2">
      <action_form>Political violence</action_form>
      <location>Greece</location>
      <date_range>
        <start>2002-04-16</start>
        <end>2002-04-16</end>
      </date_range>
      <actors/>
      <issues/>
      <size/>
      <comment>Issue: Anti-Israel</comment>
      <link REFID="T2"/>
      <link REFID="T5"/>
      <link REFID="T12"/>
      <link REFID="T14"/>
      <link REFID="T15"/>
      <link REFID="T25"/>
      <link REFID="T28"/>
    </event>
    <event ID="3">
      <action_form>Demonstration</action_form>
      <location>Greece</location>
      <date_range>
        <start>2002-04-15</start>
        <end>2002-04-15</end>
      </date_range>
      <actors/>
      <issues/>
      <size/>
      <comment>Issue: Pro-Palestine</comment>
      <link REFID="T16"/>
    </event>
    <event ID="4">
      <action_form>Demonstration</action_form>
      <location>Greece</location>
      <date_range>
        <start>2002-04-15</start>
        <end>2002-04-15</end>
      </date_range>
      <actors/>
      <issues/>
      <size/>
      <comment>Issue: Pro-Palestine</comment>
      <link REFID="T20"/>
    </event>
    <event ID="5">
      <action_form>Political violence</action_form>
      <location>Greece</location>
      <date_range>
        <start>2000-04-17</start>
        <end>2002-04-17</end>
        <approximate/>
      </date_range>
      <actors/>
      <issues/>
      <size/>
      <comment/>
      <link REFID="T21"/>
    </event>
  </events>
</document>
