<?xml version='1.0' encoding='utf8'?>
<document PUBLICATION_DATE="2003-10-02" DOCID="APW_ENG_20031002.0122">
  <event_mentions>
    <event_mention ID="T1">
      <anchor>
        <charseq START="25" END="32">strikes</charseq>
      </anchor>
      <event_mention_argument ROLE="Issue" ID="T3">
        <charseq START="33" END="64">to squeeze embattled government</charseq>
      </event_mention_argument>
      <event_mention_argument ROLE="Location" ID="T2">
        <charseq START="0" END="6">Greece</charseq>
      </event_mention_argument>
    </event_mention>
    <event_mention ID="T4">
      <anchor>
        <charseq START="203" END="210">strikes</charseq>
      </anchor>
      <event_mention_argument ROLE="Date" ID="T5">
        <charseq START="232" END="242">this month</charseq>
      </event_mention_argument>
      <event_mention_argument ROLE="Location" ID="T6">
        <charseq START="175" END="181">Greece</charseq>
      </event_mention_argument>
    </event_mention>
    <event_mention ID="T7">
      <anchor>
        <charseq START="522" END="530">walkouts</charseq>
      </anchor>
      <event_mention_argument ROLE="Date" ID="T8">
        <charseq START="545" END="553">Thursday</charseq>
      </event_mention_argument>
      <event_mention_argument ROLE="Issue" ID="T10">
        <charseq START="585" END="600">higher salaries</charseq>
      </event_mention_argument>
      <event_mention_argument ROLE="Actor" ID="T9">
        <charseq START="565" END="574">employees</charseq>
      </event_mention_argument>
    </event_mention>
    <event_mention ID="T11">
      <anchor>
        <charseq START="667" END="671">shut</charseq>
      </anchor>
      <event_mention_argument ROLE="Date" ID="T12">
        <charseq START="672" END="680">Thursday</charseq>
      </event_mention_argument>
      <event_mention_argument ROLE="Issue" ID="T15">
        <charseq START="709" END="728">permanent positions</charseq>
      </event_mention_argument>
      <event_mention_argument ROLE="Location" ID="T13">
        <charseq START="602" END="608">Greece</charseq>
      </event_mention_argument>
      <event_mention_argument ROLE="Actor" ID="T14">
        <charseq START="693" END="700">workers</charseq>
      </event_mention_argument>
    </event_mention>
    <event_mention ID="T16">
      <anchor>
        <charseq START="1388" END="1395">strikes</charseq>
      </anchor>
    </event_mention>
    <event_mention ID="T17">
      <anchor>
        <charseq START="1535" END="1541">strike</charseq>
      </anchor>
      <event_mention_argument ROLE="Date" ID="T19">
        <charseq START="1519" END="1529">third week</charseq>
      </event_mention_argument>
      <event_mention_argument ROLE="Issue" ID="T18">
        <charseq START="1555" END="1593">20 percent pay increase over two years</charseq>
      </event_mention_argument>
      <event_mention_argument ROLE="Actor" ID="T20">
        <charseq START="1478" END="1483">staff</charseq>
      </event_mention_argument>
    </event_mention>
    <event_mention ID="T21">
      <anchor>
        <charseq START="1896" END="1902">strike</charseq>
      </anchor>
      <event_mention_argument ROLE="Date" ID="T22">
        <charseq START="1917" END="1928">three weeks</charseq>
      </event_mention_argument>
      <event_mention_argument ROLE="Actor" ID="T23">
        <charseq START="1823" END="1836">veterinarians</charseq>
      </event_mention_argument>
    </event_mention>
    <event_mention ID="T24">
      <anchor>
        <charseq START="2609" END="2619">stayed off</charseq>
      </anchor>
      <event_mention_argument ROLE="Date" ID="T26">
        <charseq START="2589" END="2599">Last month</charseq>
      </event_mention_argument>
      <event_mention_argument ROLE="Actor" ID="T25">
        <charseq START="2601" END="2608">cabbies</charseq>
      </event_mention_argument>
    </event_mention>
  </event_mentions>
  <events>
    <event ID="1">
      <action_form>Strike</action_form>
      <location>Greece</location>
      <date_range>
        <start>2003-09-01</start>
        <end>2003-10-31</end>
        <approximate/>
      </date_range>
      <actors>
        <actor>Occupational group</actor>
      </actors>
      <issues>
        <issue>For labour rights</issue>
      </issues>
      <size/>
      <comment/>
      <link REFID="T1"/>
      <link REFID="T4"/>
      <link REFID="T16"/>
    </event>
    <event ID="2">
      <action_form>Strike</action_form>
      <location>Greece</location>
      <date_range>
        <start>2003-09-25</start>
        <end>2003-09-25</end>
      </date_range>
      <actors>
        <actor>Occupational group</actor>
      </actors>
      <issues>
        <issue>For labour rights</issue>
      </issues>
      <size/>
      <comment/>
      <link REFID="T7"/>
      <link REFID="T1"/>
      <link REFID="T4"/>
      <link REFID="T16"/>
    </event>
    <event ID="3">
      <action_form>Strike</action_form>
      <location>Greece</location>
      <date_range>
        <start>2003-09-25</start>
        <end>2003-09-25</end>
      </date_range>
      <actors>
        <actor>Occupational group</actor>
      </actors>
      <issues>
        <issue>For labour rights</issue>
      </issues>
      <size/>
      <comment/>
      <link REFID="T11"/>
      <link REFID="T1"/>
      <link REFID="T4"/>
      <link REFID="T16"/>
    </event>
    <event ID="4">
      <action_form>Strike</action_form>
      <location>Greece</location>
      <date_range>
        <start>2003-09-11</start>
        <end>2003-10-02</end>
      </date_range>
      <actors>
        <actor>Occupational group</actor>
      </actors>
      <issues>
        <issue>For labour rights</issue>
      </issues>
      <size/>
      <comment/>
      <link REFID="T17"/>
      <link REFID="T1"/>
      <link REFID="T4"/>
      <link REFID="T16"/>
    </event>
    <event ID="5">
      <action_form>Strike</action_form>
      <location>Greece</location>
      <date_range>
        <start>2003-09-04</start>
        <end>2003-10-02</end>
        <approximate/>
      </date_range>
      <actors>
        <actor>Occupational group</actor>
      </actors>
      <issues>
        <issue>For labour rights</issue>
      </issues>
      <size/>
      <comment/>
      <link REFID="T21"/>
      <link REFID="T1"/>
      <link REFID="T4"/>
      <link REFID="T16"/>
    </event>
    <event ID="6">
      <action_form>Strike</action_form>
      <location>Greece</location>
      <date_range>
        <start>2003-09-01</start>
        <end>2003-09-30</end>
      </date_range>
      <actors>
        <actor>Occupational group</actor>
      </actors>
      <issues>
        <issue>For labour rights</issue>
      </issues>
      <size/>
      <comment/>
      <link REFID="T24"/>
      <link REFID="T1"/>
      <link REFID="T4"/>
      <link REFID="T16"/>
    </event>
  </events>
</document>
