<?xml version='1.0' encoding='utf8'?>
<document PUBLICATION_DATE="2003-04-06" DOCID="APW_ENG_20030406.0211">
  <event_mentions>
    <event_mention ID="T1">
      <anchor>
        <charseq START="16" END="23">protest</charseq>
      </anchor>
      <event_mention_argument ROLE="Issue" ID="T4">
        <charseq START="24" END="55">lack of drugs, medical supplies</charseq>
      </event_mention_argument>
      <event_mention_argument ROLE="Actor" ID="T3">
        <charseq START="6" END="15">Romanians</charseq>
      </event_mention_argument>
      <event_mention_argument ROLE="Size" ID="T2">
        <charseq START="0" END="5">1,500</charseq>
      </event_mention_argument>
    </event_mention>
    <event_mention ID="T9">
      <anchor>
        <charseq START="141" END="148">rallied</charseq>
      </anchor>
      <event_mention_argument ROLE="Date" ID="T10">
        <charseq START="149" END="155">Sunday</charseq>
      </event_mention_argument>
      <event_mention_argument ROLE="Issue" ID="T12">
        <charseq START="184" END="275">critical lack of drugs and other medical supplies in the country's pharmacies and hospitals</charseq>
      </event_mention_argument>
      <event_mention_argument ROLE="Location" ID="T11">
        <charseq START="163" END="170">capital</charseq>
      </event_mention_argument>
      <event_mention_argument ROLE="Actor" ID="T8">
        <charseq START="132" END="140">patients</charseq>
      </event_mention_argument>
      <event_mention_argument ROLE="Actor" ID="T7">
        <charseq START="116" END="127">pharmacists</charseq>
      </event_mention_argument>
      <event_mention_argument ROLE="Actor" ID="T6">
        <charseq START="107" END="114">doctors</charseq>
      </event_mention_argument>
      <event_mention_argument ROLE="Size" ID="T5">
        <charseq START="95" END="106">About 1,500</charseq>
      </event_mention_argument>
    </event_mention>
    <event_mention ID="T14">
      <anchor>
        <charseq START="348" END="356">gathered</charseq>
      </anchor>
      <event_mention_argument ROLE="Actor" ID="T13">
        <charseq START="337" END="347">protesters</charseq>
      </event_mention_argument>
    </event_mention>
  </event_mentions>
  <events>
    <event ID="1">
      <action_form>Demonstration</action_form>
      <location>Romania</location>
      <date_range>
        <start>2003-04-06</start>
        <end>2003-04-06</end>
      </date_range>
      <actors>
        <actor>Occupational group</actor>
      </actors>
      <issues>
        <issue>For social rights</issue>
      </issues>
      <size>1,000-9,999 people</size>
      <comment/>
      <link REFID="T1"/>
      <link REFID="T9"/>
      <link REFID="T14"/>
    </event>
  </events>
</document>
