<?xml version='1.0' encoding='utf8'?>
<document PUBLICATION_DATE="2003-04-08" DOCID="APW_ENG_20030408.0201">
  <event_mentions>
    <event_mention ID="T1">
      <anchor>
        <charseq START="22" END="27">stops</charseq>
      </anchor>
      <event_mention_argument ROLE="Issue" ID="T3">
        <charseq START="50" END="65">lack of funding</charseq>
      </event_mention_argument>
      <event_mention_argument ROLE="Location" ID="T2">
        <charseq START="0" END="7">Hungary</charseq>
      </event_mention_argument>
      <event_mention_argument ROLE="Actor" ID="T4">
        <charseq START="16" END="21">radio</charseq>
      </event_mention_argument>
    </event_mention>
    <event_mention ID="T5">
      <anchor>
        <charseq START="148" END="155">stopped</charseq>
      </anchor>
      <event_mention_argument ROLE="Date" ID="T7">
        <charseq START="251" END="258">Tuesday</charseq>
      </event_mention_argument>
      <event_mention_argument ROLE="Issue" ID="T6">
        <charseq START="191" END="214">chronic lack of funding</charseq>
      </event_mention_argument>
      <event_mention_argument ROLE="Location" ID="T8">
        <charseq START="89" END="96">Hungary</charseq>
      </event_mention_argument>
      <event_mention_argument ROLE="Actor" ID="T9">
        <charseq START="110" END="117">station</charseq>
      </event_mention_argument>
    </event_mention>
  </event_mentions>
  <events>
    <event ID="1">
      <action_form>Confrontational non-violent action</action_form>
      <location>Hungary</location>
      <date_range>
        <start>2003-04-08</start>
        <end>2003-04-08</end>
      </date_range>
      <actors>
        <actor>Organization</actor>
      </actors>
      <issues>
        <issue>Civil rights</issue>
      </issues>
      <size/>
      <comment/>
      <link REFID="T1"/>
      <link REFID="T5"/>
    </event>
  </events>
</document>
