<?xml version='1.0' encoding='utf8'?>
<document PUBLICATION_DATE="2005-10-15" DOCID="APW_ENG_20051015.0583">
  <event_mentions>
    <event_mention ID="T1">
      <anchor>
        <charseq START="20" END="27">protest</charseq>
      </anchor>
      <event_mention_argument ROLE="Issue" ID="T3">
        <charseq START="36" END="43">poverty</charseq>
      </event_mention_argument>
      <event_mention_argument ROLE="Location" ID="T4">
        <charseq START="47" END="55">Slovakia</charseq>
      </event_mention_argument>
      <event_mention_argument ROLE="Actor" ID="T2">
        <charseq START="12" END="19">members</charseq>
      </event_mention_argument>
    </event_mention>
    <event_mention ID="T7">
      <anchor>
        <charseq START="112" END="121">protested</charseq>
      </anchor>
      <event_mention_argument ROLE="Date" ID="T9">
        <charseq START="150" END="158">Saturday</charseq>
      </event_mention_argument>
      <event_mention_argument ROLE="Issue" ID="T10">
        <charseq START="167" END="196">poverty and high unemployment</charseq>
      </event_mention_argument>
      <event_mention_argument ROLE="Location" ID="T8">
        <charseq START="135" END="141">Slovak</charseq>
      </event_mention_argument>
      <event_mention_argument ROLE="Actor" ID="T6">
        <charseq START="88" END="95">members</charseq>
      </event_mention_argument>
      <event_mention_argument ROLE="Size" ID="T5">
        <charseq START="77" END="87">Some 6,000</charseq>
      </event_mention_argument>
    </event_mention>
    <event_mention ID="T13">
      <anchor>
        <charseq START="306" END="314">gathered</charseq>
      </anchor>
      <event_mention_argument ROLE="Issue" ID="T14">
        <charseq START="366" END="446">to call attention to the poor financial situation of some of Slovakia's citizens</charseq>
      </event_mention_argument>
      <event_mention_argument ROLE="Location" ID="T11">
        <charseq START="318" END="333">Banska Bystrica</charseq>
      </event_mention_argument>
      <event_mention_argument ROLE="Actor" ID="T12">
        <charseq START="283" END="296">demonstrators</charseq>
      </event_mention_argument>
    </event_mention>
  </event_mentions>
  <events>
    <event ID="1">
      <action_form>Demonstration</action_form>
      <location>Slovakia</location>
      <date_range>
        <start>2005-10-15</start>
        <end>2005-10-15</end>
      </date_range>
      <actors>
        <actor>Trade union</actor>
      </actors>
      <issues>
        <issue>For social rights</issue>
      </issues>
      <size>1,000-9,999 people</size>
      <comment/>
      <link REFID="T1"/>
      <link REFID="T7"/>
      <link REFID="T13"/>
    </event>
  </events>
</document>
