<?xml version='1.0' encoding='utf8'?>
<document PUBLICATION_DATE="2005-09-20" DOCID="APW_ENG_20050920.0961">
  <event_mentions>
    <event_mention ID="T4">
      <anchor>
        <charseq START="209" END="218">boycotted</charseq>
      </anchor>
      <event_mention_argument ROLE="Date" ID="T1">
        <charseq START="122" END="129">Tuesday</charseq>
      </event_mention_argument>
      <event_mention_argument ROLE="Issue" ID="T5">
        <charseq START="257" END="318">demonizing Islam by not inviting followers of other religions</charseq>
      </event_mention_argument>
      <event_mention_argument ROLE="Location" ID="T2">
        <charseq START="145" END="151">Danish</charseq>
      </event_mention_argument>
      <event_mention_argument ROLE="Actor" ID="T3">
        <charseq START="195" END="204">lawmakers</charseq>
      </event_mention_argument>
      <event_mention_argument ROLE="Size" ID="T6">
        <charseq START="182" END="187">three</charseq>
      </event_mention_argument>
    </event_mention>
    <event_mention ID="T9">
      <anchor>
        <charseq START="23" END="30">boycott</charseq>
      </anchor>
      <event_mention_argument ROLE="Location" ID="T10">
        <charseq START="31" END="37">Danish</charseq>
      </event_mention_argument>
      <event_mention_argument ROLE="Actor" ID="T8">
        <charseq START="13" END="22">lawmakers</charseq>
      </event_mention_argument>
      <event_mention_argument ROLE="Size" ID="T7">
        <charseq START="0" END="5">Three</charseq>
      </event_mention_argument>
    </event_mention>
    <event_mention ID="T11">
      <anchor>
        <charseq START="822" END="830">bombings</charseq>
      </anchor>
      <event_mention_argument ROLE="Location" ID="T12">
        <charseq START="815" END="821">London</charseq>
      </event_mention_argument>
    </event_mention>
    <event_mention ID="T15">
      <anchor>
        <charseq START="1072" END="1080">declined</charseq>
      </anchor>
      <event_mention_argument ROLE="Actor" ID="T13">
        <charseq START="1032" END="1048">parliamentarians</charseq>
      </event_mention_argument>
      <event_mention_argument ROLE="Size" ID="T14">
        <charseq START="1019" END="1024">three</charseq>
      </event_mention_argument>
    </event_mention>
    <event_mention ID="T17">
      <anchor>
        <charseq START="1540" END="1548">declined</charseq>
      </anchor>
      <event_mention_argument ROLE="Actor" ID="T16">
        <charseq START="1495" END="1504">Lawmakers</charseq>
      </event_mention_argument>
    </event_mention>
    <event_mention ID="T19">
      <anchor>
        <charseq START="1886" END="1892">issued</charseq>
      </anchor>
      <event_mention_argument ROLE="Date" ID="T20">
        <charseq START="1905" END="1912">Tuesday</charseq>
      </event_mention_argument>
      <event_mention_argument ROLE="Issue" ID="T21">
        <charseq START="1938" END="2056">"clarify that they were not invited because they are Muslims but as representatives of (our different) organizations."</charseq>
      </event_mention_argument>
      <event_mention_argument ROLE="Size" ID="T18">
        <charseq START="1873" END="1877">Five</charseq>
      </event_mention_argument>
    </event_mention>
    <event_mention ID="T22">
      <anchor>
        <charseq START="2348" END="2354">attack</charseq>
      </anchor>
      <event_mention_argument ROLE="Date" ID="T23">
        <charseq START="2382" END="2386">1985</charseq>
      </event_mention_argument>
      <event_mention_argument ROLE="Issue" ID="T25">
        <charseq START="2328" END="2347">Middle East-related</charseq>
      </event_mention_argument>
    </event_mention>
    <event_mention ID="T24">
      <anchor>
        <charseq START="2404" END="2413">detonated</charseq>
      </anchor>
    </event_mention>
    <event_mention ID="T26">
      <anchor>
        <charseq START="2555" END="2563">planting</charseq>
      </anchor>
      <event_mention_argument ROLE="Actor" ID="T28">
        <charseq START="2507" END="2519">Palestinians</charseq>
      </event_mention_argument>
      <event_mention_argument ROLE="Size" ID="T27">
        <charseq START="2501" END="2506">Three</charseq>
      </event_mention_argument>
    </event_mention>
  </event_mentions>
  <events>
    <event ID="1">
      <action_form>Confrontational non-violent action</action_form>
      <location>Denmark</location>
      <date_range>
        <start>2005-09-20</start>
        <end>2005-09-20</end>
      </date_range>
      <actors>
        <actor>Religious groups / fundamentalists</actor>
      </actors>
      <issues>
        <issue>Civil rights</issue>
      </issues>
      <size>1-9 people</size>
      <comment/>
      <link REFID="T4"/>
      <link REFID="T9"/>
      <link REFID="T15"/>
      <link REFID="T17"/>
    </event>
    <event ID="2">
      <action_form>Gruesome violence</action_form>
      <location>United Kingdom</location>
      <date_range>
        <start>2005-07-07</start>
        <end>2005-07-07</end>
      </date_range>
      <actors>
        <actor>Religious groups / fundamentalists</actor>
      </actors>
      <issues/>
      <size/>
      <comment/>
      <link REFID="T11"/>
    </event>
    <event ID="3">
      <action_form>Gruesome violence</action_form>
      <location>Denmark</location>
      <date_range>
        <start>1985-01-01</start>
        <end>1985-12-31</end>
        <approximate/>
      </date_range>
      <actors>
        <actor>Religious groups / fundamentalists</actor>
      </actors>
      <issues/>
      <size>1-9 people</size>
      <comment/>
      <link REFID="T22"/>
      <link REFID="T24"/>
      <link REFID="T26"/>
    </event>
    <event ID="4">
      <action_form>Petition</action_form>
      <location>Denmark</location>
      <date_range>
        <start>2005-09-20</start>
        <end>2005-09-20</end>
      </date_range>
      <actors>
        <actor>Organization</actor>
        <actor>Religious groups / fundamentalists</actor>
        <actor>Occupational group</actor>
      </actors>
      <issues>
        <issue>Civil rights</issue>
      </issues>
      <size>1-9 people</size>
      <comment/>
      <link REFID="T19"/>
    </event>
  </events>
</document>
