<?xml version='1.0' encoding='utf8'?>
<document PUBLICATION_DATE="2003-03-05" DOCID="APW_ENG_20030305.0413">
  <event_mentions>
    <event_mention ID="T1">
      <anchor>
        <charseq START="175" END="182">boycott</charseq>
      </anchor>
      <event_mention_argument ROLE="Date" ID="T5">
        <charseq START="134" END="143">Wednesday</charseq>
      </event_mention_argument>
      <event_mention_argument ROLE="Issue" ID="T6">
        <charseq START="211" END="293">Berlin's refusal to back the U.S. administration's moves to disarm Iraq militarily</charseq>
      </event_mention_argument>
      <event_mention_argument ROLE="Location" ID="T3">
        <charseq START="189" END="197">American</charseq>
      </event_mention_argument>
      <event_mention_argument ROLE="Location" ID="T4">
        <charseq START="116" END="122">German</charseq>
      </event_mention_argument>
      <event_mention_argument ROLE="Actor" ID="T2">
        <charseq START="198" END="205">company</charseq>
      </event_mention_argument>
    </event_mention>
    <event_mention ID="T7">
      <anchor>
        <charseq START="361" END="367">letter</charseq>
      </anchor>
      <event_mention_argument ROLE="Actor" ID="T8">
        <charseq START="304" END="307">CEO</charseq>
      </event_mention_argument>
    </event_mention>
    <event_mention ID="T9">
      <anchor>
        <charseq START="700" END="706">letter</charseq>
      </anchor>
      <event_mention_argument ROLE="Date" ID="T11">
        <charseq START="713" END="720">Feb. 18</charseq>
      </event_mention_argument>
      <event_mention_argument ROLE="Actor" ID="T10">
        <charseq START="670" END="675">owner</charseq>
      </event_mention_argument>
    </event_mention>
    <event_mention ID="T14">
      <anchor>
        <charseq START="941" END="946">wrote</charseq>
      </anchor>
      <event_mention_argument ROLE="Issue" ID="T12">
        <charseq START="816" END="933">``The prime reason for this decision is due to the lack of support for the U.S. by the Federal Republic of Germany,''</charseq>
      </event_mention_argument>
      <event_mention_argument ROLE="Actor" ID="T13">
        <charseq START="934" END="940">Farrar</charseq>
      </event_mention_argument>
    </event_mention>
    <event_mention ID="T15">
      <anchor>
        <charseq START="953" END="961">appealed</charseq>
      </anchor>
      <event_mention_argument ROLE="Location" ID="T17">
        <charseq START="1036" END="1042">German</charseq>
      </event_mention_argument>
      <event_mention_argument ROLE="Actor" ID="T16">
        <charseq START="948" END="952">Kuhn</charseq>
      </event_mention_argument>
    </event_mention>
    <event_mention ID="T19">
      <anchor>
        <charseq START="1250" END="1256">letter</charseq>
      </anchor>
      <event_mention_argument ROLE="Issue" ID="T18">
        <charseq START="1113" END="1234">``We ask the German government to modify its anti-war stance in the case of Iraq for the protection of German industry,''</charseq>
      </event_mention_argument>
      <event_mention_argument ROLE="Location" ID="T21">
        <charseq START="1216" END="1222">German</charseq>
      </event_mention_argument>
      <event_mention_argument ROLE="Actor" ID="T20">
        <charseq START="1235" END="1239">Kuhn</charseq>
      </event_mention_argument>
    </event_mention>
    <event_mention ID="T22">
      <anchor>
        <charseq START="1471" END="1479">boycotts</charseq>
      </anchor>
      <event_mention_argument ROLE="Issue" ID="T25">
        <charseq START="1312" END="1339">Germany's opposition to war</charseq>
      </event_mention_argument>
      <event_mention_argument ROLE="Location" ID="T23">
        <charseq START="1453" END="1466">United States</charseq>
      </event_mention_argument>
      <event_mention_argument ROLE="Location" ID="T24">
        <charseq START="1312" END="1319">Germany</charseq>
      </event_mention_argument>
    </event_mention>
  </event_mentions>
  <events>
    <event ID="1">
      <action_form>Confrontational non-violent action</action_form>
      <location>Europe</location>
      <date_range>
        <start>2003-02-18</start>
        <end>2003-02-18</end>
      </date_range>
      <actors>
        <actor>Occupational group</actor>
      </actors>
      <issues>
        <issue>International cooperation</issue>
      </issues>
      <size>1-9 people</size>
      <comment>U.S.A.</comment>
      <link REFID="T1"/>
      <link REFID="T9"/>
      <link REFID="T14"/>
      <link REFID="T22"/>
    </event>
    <event ID="2">
      <action_form>Petition</action_form>
      <location>Germany</location>
      <date_range>
        <start>2003-03-05</start>
        <end>2003-03-05</end>
      </date_range>
      <actors>
        <actor>Occupational group</actor>
      </actors>
      <issues>
        <issue>International cooperation</issue>
      </issues>
      <size>1-9 people</size>
      <comment/>
      <link REFID="T7"/>
      <link REFID="T15"/>
      <link REFID="T19"/>
    </event>
  </events>
</document>
