<?xml version='1.0' encoding='utf8'?>
<document PUBLICATION_DATE="2002-03-21" DOCID="APW_ENG_20020321.0222">
  <event_mentions>
    <event_mention ID="T1">
      <anchor>
        <charseq START="38" END="45">slaying</charseq>
      </anchor>
      <event_mention_argument ROLE="Actor" ID="T2">
        <charseq START="0" END="12">Red Brigades</charseq>
      </event_mention_argument>
    </event_mention>
    <event_mention ID="T3">
      <anchor>
        <charseq START="132" END="139">slaying</charseq>
      </anchor>
      <event_mention_argument ROLE="Date" ID="T4">
        <charseq START="164" END="172">Thursday</charseq>
      </event_mention_argument>
      <event_mention_argument ROLE="Actor" ID="T5">
        <charseq START="75" END="87">Red Brigades</charseq>
      </event_mention_argument>
    </event_mention>
    <event_mention ID="T6">
      <anchor>
        <charseq START="308" END="314">murder</charseq>
      </anchor>
      <event_mention_argument ROLE="Issue" ID="T8">
        <charseq START="360" END="372">labor reform</charseq>
      </event_mention_argument>
      <event_mention_argument ROLE="Actor" ID="T7">
        <charseq START="294" END="299">group</charseq>
      </event_mention_argument>
    </event_mention>
    <event_mention ID="T9">
      <anchor>
        <charseq START="510" END="516">gunned</charseq>
      </anchor>
      <event_mention_argument ROLE="Issue" ID="T10">
        <charseq START="491" END="503">labor reform</charseq>
      </event_mention_argument>
    </event_mention>
    <event_mention ID="T11">
      <anchor>
        <charseq START="808" END="816">executed</charseq>
      </anchor>
      <event_mention_argument ROLE="Issue" ID="T13">
        <charseq START="860" END="1024">Biagi was targeted because his work as a consultant to the labor minister made him part of a government which ``represents the interests of bourgeois imperialism.''</charseq>
      </event_mention_argument>
      <event_mention_argument ROLE="Actor" ID="T12">
        <charseq START="795" END="807">organization</charseq>
      </event_mention_argument>
    </event_mention>
    <event_mention ID="T15">
      <anchor>
        <charseq START="1189" END="1196">slaying</charseq>
      </anchor>
      <event_mention_argument ROLE="Date" ID="T14">
        <charseq START="1184" END="1188">1999</charseq>
      </event_mention_argument>
    </event_mention>
    <event_mention ID="T16">
      <anchor>
        <charseq START="1445" END="1452">slaying</charseq>
      </anchor>
    </event_mention>
    <event_mention ID="T18">
      <anchor>
        <charseq START="1496" END="1502">murder</charseq>
      </anchor>
      <event_mention_argument ROLE="Actor" ID="T17">
        <charseq START="1410" END="1422">Red Brigades</charseq>
      </event_mention_argument>
    </event_mention>
    <event_mention ID="T21">
      <anchor>
        <charseq START="1665" END="1669">shot</charseq>
      </anchor>
      <event_mention_argument ROLE="Date" ID="T20">
        <charseq START="1679" END="1694">Tuesday evening</charseq>
      </event_mention_argument>
      <event_mention_argument ROLE="Location" ID="T19">
        <charseq START="1729" END="1736">Bologna</charseq>
      </event_mention_argument>
      <event_mention_argument ROLE="Actor" ID="T22">
        <charseq START="1740" END="1746">gunmen</charseq>
      </event_mention_argument>
    </event_mention>
    <event_mention ID="T23">
      <anchor>
        <charseq START="1990" END="1997">slaying</charseq>
      </anchor>
    </event_mention>
    <event_mention ID="T29">
      <anchor>
        <charseq START="2133" END="2137">took</charseq>
      </anchor>
      <event_mention_argument ROLE="Date" ID="T31">
        <charseq START="2153" END="2162">Wednesday</charseq>
      </event_mention_argument>
      <event_mention_argument ROLE="Issue" ID="T30">
        <charseq START="2194" END="2223">to protest political violence</charseq>
      </event_mention_argument>
      <event_mention_argument ROLE="Location" ID="T24">
        <charseq START="2166" END="2170">Rome</charseq>
      </event_mention_argument>
      <event_mention_argument ROLE="Location" ID="T25">
        <charseq START="2172" END="2179">Bologna</charseq>
      </event_mention_argument>
      <event_mention_argument ROLE="Location" ID="T26">
        <charseq START="2184" END="2193">elsewhere</charseq>
      </event_mention_argument>
      <event_mention_argument ROLE="Actor" ID="T28">
        <charseq START="2126" END="2132">people</charseq>
      </event_mention_argument>
      <event_mention_argument ROLE="Size" ID="T27">
        <charseq START="2105" END="2122">Tens of thousands</charseq>
      </event_mention_argument>
    </event_mention>
  </event_mentions>
  <events>
    <event ID="1">
      <action_form>Gruesome violence</action_form>
      <location>Italy</location>
      <date_range>
        <start>2002-03-19</start>
        <end>2002-03-19</end>
      </date_range>
      <actors>
        <actor>Organization</actor>
      </actors>
      <issues>
        <issue>For labour rights</issue>
      </issues>
      <size/>
      <comment/>
      <link REFID="T1"/>
      <link REFID="T3"/>
      <link REFID="T6"/>
      <link REFID="T9"/>
      <link REFID="T11"/>
      <link REFID="T16"/>
      <link REFID="T21"/>
      <link REFID="T23"/>
    </event>
    <event ID="2">
      <action_form>Gruesome violence</action_form>
      <location>Italy</location>
      <date_range>
        <start>1999-01-01</start>
        <end>1999-12-31</end>
        <approximate/>
      </date_range>
      <actors>
        <actor>Organization</actor>
      </actors>
      <issues>
        <issue>For labour rights</issue>
      </issues>
      <size/>
      <comment/>
      <link REFID="T15"/>
      <link REFID="T18"/>
    </event>
    <event ID="3">
      <action_form>Demonstration</action_form>
      <location>Italy</location>
      <date_range>
        <start>2002-03-20</start>
        <end>2002-03-20</end>
      </date_range>
      <actors/>
      <issues/>
      <size>10,000 or more people</size>
      <comment>against political violence</comment>
      <link REFID="T29"/>
    </event>
    <event ID="4">
      <action_form>Demonstration</action_form>
      <location>Italy</location>
      <date_range>
        <start>2002-03-20</start>
        <end>2002-03-20</end>
      </date_range>
      <actors/>
      <issues/>
      <size>10,000 or more people</size>
      <comment>against political violence</comment>
      <link REFID="T29"/>
    </event>
    <event ID="5">
      <action_form>Demonstration</action_form>
      <location>Italy</location>
      <date_range>
        <start>2002-03-20</start>
        <end>2002-03-20</end>
      </date_range>
      <actors/>
      <issues/>
      <size>10,000 or more people</size>
      <comment>against political violence</comment>
      <link REFID="T29"/>
    </event>
  </events>
</document>
