<?xml version='1.0' encoding='utf8'?>
<document PUBLICATION_DATE="2003-04-16" DOCID="APW_ENG_20030416.0340">
  <event_mentions>
    <event_mention ID="T1">
      <anchor>
        <charseq START="157" END="165">petition</charseq>
      </anchor>
      <event_mention_argument ROLE="Issue" ID="T5">
        <charseq START="147" END="156">anti-NATO</charseq>
      </event_mention_argument>
    </event_mention>
    <event_mention ID="T2">
      <anchor>
        <charseq START="273" END="281">petition</charseq>
      </anchor>
      <event_mention_argument ROLE="Issue" ID="T4">
        <charseq START="383" END="398">NATO membership</charseq>
      </event_mention_argument>
    </event_mention>
    <event_mention ID="T3">
      <anchor>
        <charseq START="340" END="344">sign</charseq>
      </anchor>
    </event_mention>
    <event_mention ID="T6">
      <anchor>
        <charseq START="422" END="430">gathered</charseq>
      </anchor>
      <event_mention_argument ROLE="Actor" ID="T7">
        <charseq START="404" END="413">activists</charseq>
      </event_mention_argument>
      <event_mention_argument ROLE="Size" ID="T8">
        <charseq START="436" END="443">191,000</charseq>
      </event_mention_argument>
    </event_mention>
    <event_mention ID="T9">
      <anchor>
        <charseq START="516" END="524">petition</charseq>
      </anchor>
      <event_mention_argument ROLE="Date" ID="T10">
        <charseq START="541" END="548">January</charseq>
      </event_mention_argument>
    </event_mention>
    <event_mention ID="T11">
      <anchor>
        <charseq START="590" END="598">petition</charseq>
      </anchor>
      <event_mention_argument ROLE="Location" ID="T12">
        <charseq START="555" END="561">Slovak</charseq>
      </event_mention_argument>
    </event_mention>
    <event_mention ID="T13">
      <anchor>
        <charseq START="27" END="35">petition</charseq>
      </anchor>
      <event_mention_argument ROLE="Issue" ID="T14">
        <charseq START="17" END="26">anti-NATO</charseq>
      </event_mention_argument>
    </event_mention>
  </event_mentions>
  <events>
    <event ID="1">
      <action_form>Petition</action_form>
      <location>Slovakia</location>
      <date_range>
        <start>2003-01-01</start>
        <end>2003-04-16</end>
        <approximate/>
      </date_range>
      <actors>
        <actor>Left-libertarians</actor>
      </actors>
      <issues>
        <issue>For peace</issue>
      </issues>
      <size>10,000 or more people</size>
      <comment/>
      <link REFID="T1"/>
      <link REFID="T2"/>
      <link REFID="T3"/>
      <link REFID="T6"/>
      <link REFID="T9"/>
      <link REFID="T11"/>
      <link REFID="T13"/>
    </event>
  </events>
</document>
