<?xml version='1.0' encoding='utf8'?>
<document PUBLICATION_DATE="2002-04-10" DOCID="APW_ENG_20020410.0614">
  <event_mentions>
    <event_mention ID="T1">
      <anchor>
        <charseq START="94" END="104">surrounded</charseq>
      </anchor>
      <event_mention_argument ROLE="Issue" ID="T2">
        <charseq START="222" END="279">redecorating with wood from a ravaged African rain forest</charseq>
      </event_mention_argument>
      <event_mention_argument ROLE="Actor" ID="T3">
        <charseq START="83" END="93">protesters</charseq>
      </event_mention_argument>
    </event_mention>
    <event_mention ID="T6">
      <anchor>
        <charseq START="285" END="298">demonstration</charseq>
      </anchor>
      <event_mention_argument ROLE="Date" ID="T5">
        <charseq START="314" END="320">8 a.m.</charseq>
      </event_mention_argument>
      <event_mention_argument ROLE="Location" ID="T4">
        <charseq START="324" END="333">Whitehall</charseq>
      </event_mention_argument>
    </event_mention>
    <event_mention ID="T9">
      <anchor>
        <charseq START="494" END="502">cordoned</charseq>
      </anchor>
      <event_mention_argument ROLE="Actor" ID="T8">
        <charseq START="483" END="493">Greenpeace</charseq>
      </event_mention_argument>
      <event_mention_argument ROLE="Actor" ID="T7">
        <charseq START="464" END="477">Demonstrators</charseq>
      </event_mention_argument>
    </event_mention>
    <event_mention ID="T10">
      <anchor>
        <charseq START="22" END="26">take</charseq>
      </anchor>
      <event_mention_argument ROLE="Actor" ID="T11">
        <charseq START="0" END="10">Greenpeace</charseq>
      </event_mention_argument>
    </event_mention>
  </event_mentions>
  <events>
    <event ID="1">
      <action_form>Demonstration</action_form>
      <location>United Kingdom</location>
      <date_range>
        <start>2002-04-10</start>
        <end>2002-04-10</end>
      </date_range>
      <actors>
        <actor>Left-libertarians</actor>
      </actors>
      <issues>
        <issue>Environmental protection</issue>
      </issues>
      <size/>
      <comment/>
      <link REFID="T1"/>
      <link REFID="T6"/>
      <link REFID="T9"/>
      <link REFID="T10"/>
    </event>
  </events>
</document>
