<?xml version='1.0' encoding='utf8'?>
<document PUBLICATION_DATE="2002-04-15" DOCID="APW_ENG_20020415.1282">
  <event_mentions>
    <event_mention ID="T3">
      <anchor>
        <charseq START="144" END="151">marched</charseq>
      </anchor>
      <event_mention_argument ROLE="Issue" ID="T5">
        <charseq START="84" END="122">fears of a resurgence of anti-Semitism</charseq>
      </event_mention_argument>
      <event_mention_argument ROLE="Issue" ID="T6">
        <charseq START="194" END="245">reply to a series of pro-Palestinian demonstrations</charseq>
      </event_mention_argument>
      <event_mention_argument ROLE="Location" ID="T4">
        <charseq START="155" END="159">Rome</charseq>
      </event_mention_argument>
      <event_mention_argument ROLE="Actor" ID="T2">
        <charseq START="137" END="143">people</charseq>
      </event_mention_argument>
      <event_mention_argument ROLE="Size" ID="T1">
        <charseq START="124" END="133">thousands</charseq>
      </event_mention_argument>
    </event_mention>
    <event_mention ID="T7">
      <anchor>
        <charseq START="231" END="245">demonstrations</charseq>
      </anchor>
      <event_mention_argument ROLE="Issue" ID="T8">
        <charseq START="215" END="230">pro-Palestinian</charseq>
      </event_mention_argument>
    </event_mention>
    <event_mention ID="T11">
      <anchor>
        <charseq START="373" END="381">gathered</charseq>
      </anchor>
      <event_mention_argument ROLE="Location" ID="T12">
        <charseq START="395" END="399">Rome</charseq>
      </event_mention_argument>
      <event_mention_argument ROLE="Actor" ID="T10">
        <charseq START="323" END="329">people</charseq>
      </event_mention_argument>
      <event_mention_argument ROLE="Size" ID="T9">
        <charseq START="310" END="319">Thousands</charseq>
      </event_mention_argument>
    </event_mention>
    <event_mention ID="T13">
      <anchor>
        <charseq START="758" END="764">placed</charseq>
      </anchor>
      <event_mention_argument ROLE="Actor" ID="T14">
        <charseq START="749" END="757">marchers</charseq>
      </event_mention_argument>
    </event_mention>
    <event_mention ID="T15">
      <anchor>
        <charseq START="923" END="928">march</charseq>
      </anchor>
    </event_mention>
    <event_mention ID="T17">
      <anchor>
        <charseq START="1023" END="1028">rally</charseq>
      </anchor>
      <event_mention_argument ROLE="Date" ID="T19">
        <charseq START="1029" END="1038">last fall</charseq>
      </event_mention_argument>
      <event_mention_argument ROLE="Issue" ID="T18">
        <charseq START="1010" END="1022">pro-American</charseq>
      </event_mention_argument>
      <event_mention_argument ROLE="Issue" ID="T20">
        <charseq START="1039" END="1065">after the Sept. 11 attacks</charseq>
      </event_mention_argument>
      <event_mention_argument ROLE="Actor" ID="T16">
        <charseq START="973" END="982">Il Foglio</charseq>
      </event_mention_argument>
    </event_mention>
    <event_mention ID="T22">
      <anchor>
        <charseq START="1058" END="1065">attacks</charseq>
      </anchor>
      <event_mention_argument ROLE="Date" ID="T21">
        <charseq START="1049" END="1057">Sept. 11</charseq>
      </event_mention_argument>
    </event_mention>
    <event_mention ID="T23">
      <anchor>
        <charseq START="1083" END="1088">rally</charseq>
      </anchor>
    </event_mention>
    <event_mention ID="T24">
      <anchor>
        <charseq START="1105" END="1110">march</charseq>
      </anchor>
    </event_mention>
    <event_mention ID="T25">
      <anchor>
        <charseq START="1407" END="1412">rally</charseq>
      </anchor>
      <event_mention_argument ROLE="Actor" ID="T27">
        <charseq START="1466" END="1483">National Alliance</charseq>
      </event_mention_argument>
      <event_mention_argument ROLE="Actor" ID="T26">
        <charseq START="1348" END="1359">politicians</charseq>
      </event_mention_argument>
    </event_mention>
    <event_mention ID="T29">
      <anchor>
        <charseq START="10" END="15">march</charseq>
      </anchor>
      <event_mention_argument ROLE="Issue" ID="T30">
        <charseq START="19" END="63">support of Israel to counter pro-Palestinian</charseq>
      </event_mention_argument>
      <event_mention_argument ROLE="Size" ID="T28">
        <charseq START="0" END="9">Thousands</charseq>
      </event_mention_argument>
    </event_mention>
  </event_mentions>
  <events>
    <event ID="1">
      <action_form>Demonstration</action_form>
      <location>Italy</location>
      <date_range>
        <start>2002-04-15</start>
        <end>2002-04-15</end>
      </date_range>
      <actors>
        <actor>Organization</actor>
        <actor>Religious groups / fundamentalists</actor>
        <actor>Intellectuals</actor>
      </actors>
      <issues/>
      <size>1,000-9,999 people</size>
      <comment>Issue: Pro-Israel</comment>
      <link REFID="T3"/>
      <link REFID="T11"/>
      <link REFID="T13"/>
      <link REFID="T15"/>
      <link REFID="T23"/>
      <link REFID="T24"/>
      <link REFID="T25"/>
      <link REFID="T29"/>
    </event>
    <event ID="2">
      <action_form>Demonstration</action_form>
      <location>Italy</location>
      <date_range>
        <start>2002-03-01</start>
        <end>2002-03-31</end>
        <approximate/>
      </date_range>
      <actors/>
      <issues/>
      <size/>
      <comment>Issue: Against Israel</comment>
      <link REFID="T7"/>
    </event>
    <event ID="3">
      <action_form>Demonstration</action_form>
      <location>Italy</location>
      <date_range>
        <start>2001-09-21</start>
        <end>2001-12-21</end>
        <approximate/>
      </date_range>
      <actors>
        <actor>Intellectuals</actor>
      </actors>
      <issues/>
      <size/>
      <comment>Issue: Pro-USA</comment>
      <link REFID="T17"/>
    </event>
    <event ID="4">
      <action_form>Gruesome violence</action_form>
      <location>Europe</location>
      <date_range>
        <start>2001-09-21</start>
        <end>2001-09-21</end>
      </date_range>
      <actors/>
      <issues/>
      <size/>
      <comment>U.S.A.</comment>
      <link REFID="T22"/>
    </event>
  </events>
</document>
