<?xml version='1.0' encoding='utf8'?>
<document PUBLICATION_DATE="2005-09-19" DOCID="APW_ENG_20050919.0566">
  <event_mentions>
    <event_mention ID="T4">
      <anchor>
        <charseq START="109" END="113">held</charseq>
      </anchor>
      <event_mention_argument ROLE="Date" ID="T3">
        <charseq START="136" END="142">Monday</charseq>
      </event_mention_argument>
      <event_mention_argument ROLE="Issue" ID="T5">
        <charseq START="154" END="196">the closure of an Islamic education center</charseq>
      </event_mention_argument>
      <event_mention_argument ROLE="Location" ID="T2">
        <charseq START="103" END="108">Milan</charseq>
      </event_mention_argument>
      <event_mention_argument ROLE="Actor" ID="T1">
        <charseq START="91" END="99">students</charseq>
      </event_mention_argument>
    </event_mention>
    <event_mention ID="T8">
      <anchor>
        <charseq START="16" END="20">hold</charseq>
      </anchor>
      <event_mention_argument ROLE="Issue" ID="T9">
        <charseq START="61" END="78">closure of school</charseq>
      </event_mention_argument>
      <event_mention_argument ROLE="Location" ID="T6">
        <charseq START="44" END="49">Milan</charseq>
      </event_mention_argument>
      <event_mention_argument ROLE="Actor" ID="T7">
        <charseq START="7" END="15">students</charseq>
      </event_mention_argument>
    </event_mention>
    <event_mention ID="T11">
      <anchor>
        <charseq START="333" END="336">sat</charseq>
      </anchor>
      <event_mention_argument ROLE="Location" ID="T12">
        <charseq START="387" END="392">Milan</charseq>
      </event_mention_argument>
      <event_mention_argument ROLE="Actor" ID="T10">
        <charseq START="281" END="289">students</charseq>
      </event_mention_argument>
    </event_mention>
    <event_mention ID="T13">
      <anchor>
        <charseq START="1101" END="1108">protest</charseq>
      </anchor>
      <event_mention_argument ROLE="Location" ID="T14">
        <charseq START="1277" END="1282">Milan</charseq>
      </event_mention_argument>
    </event_mention>
  </event_mentions>
  <events>
    <event ID="1">
      <action_form>Demonstration</action_form>
      <location>Italy</location>
      <date_range>
        <start>2005-09-19</start>
        <end>2005-09-19</end>
      </date_range>
      <actors>
        <actor>Students</actor>
      </actors>
      <issues/>
      <size/>
      <comment/>
      <link REFID="T4"/>
      <link REFID="T8"/>
      <link REFID="T11"/>
      <link REFID="T13"/>
    </event>
  </events>
</document>
