<?xml version='1.0' encoding='utf8'?>
<document PUBLICATION_DATE="2006-03-15" DOCID="APW_ENG_20060315.0607">
  <event_mentions>
    <event_mention ID="T1">
      <anchor>
        <charseq START="638" END="646">protests</charseq>
      </anchor>
      <event_mention_argument ROLE="Issue" ID="T3">
        <charseq START="655" END="663">the deal</charseq>
      </event_mention_argument>
      <event_mention_argument ROLE="Actor" ID="T2">
        <charseq START="630" END="636">miners</charseq>
      </event_mention_argument>
    </event_mention>
  </event_mentions>
  <events>
    <event ID="1">
      <action_form>Protest</action_form>
      <location>Bulgaria</location>
      <date_range>
        <start>2006-03-06</start>
        <end>2006-03-12</end>
        <approximate/>
      </date_range>
      <actors>
        <actor>Occupational group</actor>
      </actors>
      <issues>
        <issue>For labour rights</issue>
      </issues>
      <size/>
      <comment/>
      <link REFID="T1"/>
    </event>
  </events>
</document>
