<?xml version='1.0' encoding='utf8'?>
<document PUBLICATION_DATE="2005-10-05" DOCID="APW_ENG_20051005.0685">
  <event_mentions>
    <event_mention ID="T3">
      <anchor>
        <charseq START="599" END="603">held</charseq>
      </anchor>
      <event_mention_argument ROLE="Issue" ID="T4">
        <charseq START="660" END="682">"Spain is indivisible"</charseq>
      </event_mention_argument>
      <event_mention_argument ROLE="Issue" ID="T5">
        <charseq START="687" END="708">"Catalonia is Spain."</charseq>
      </event_mention_argument>
      <event_mention_argument ROLE="Actor" ID="T2">
        <charseq START="580" END="590">protesters</charseq>
      </event_mention_argument>
      <event_mention_argument ROLE="Size" ID="T1">
        <charseq START="571" END="579">about 20</charseq>
      </event_mention_argument>
    </event_mention>
  </event_mentions>
  <events>
    <event ID="1">
      <action_form>Demonstration</action_form>
      <location>Spain</location>
      <date_range>
        <start>2005-10-05</start>
        <end>2005-10-05</end>
      </date_range>
      <actors/>
      <issues>
        <issue>Institutional reform</issue>
      </issues>
      <size>10-49 people</size>
      <comment/>
      <link REFID="T3"/>
    </event>
  </events>
</document>
