<?xml version='1.0' encoding='utf8'?>
<document PUBLICATION_DATE="2002-04-12" DOCID="APW_ENG_20020412.0894">
  <event_mentions>
    <event_mention ID="T3">
      <anchor>
        <charseq START="1588" END="1595">attacks</charseq>
      </anchor>
      <event_mention_argument ROLE="Date" ID="T2">
        <charseq START="1691" END="1698">Nov. 3.</charseq>
      </event_mention_argument>
      <event_mention_argument ROLE="Location" ID="T1">
        <charseq START="1677" END="1687">Birmingham</charseq>
      </event_mention_argument>
    </event_mention>
    <event_mention ID="T6">
      <anchor>
        <charseq START="1730" END="1737">bombing</charseq>
      </anchor>
      <event_mention_argument ROLE="Date" ID="T4">
        <charseq START="1714" END="1724">March 2001</charseq>
      </event_mention_argument>
      <event_mention_argument ROLE="Location" ID="T5">
        <charseq START="1803" END="1809">London</charseq>
      </event_mention_argument>
    </event_mention>
    <event_mention ID="T7">
      <anchor>
        <charseq START="1819" END="1826">bombing</charseq>
      </anchor>
      <event_mention_argument ROLE="Date" ID="T9">
        <charseq START="1865" END="1876">August 2001</charseq>
      </event_mention_argument>
      <event_mention_argument ROLE="Location" ID="T8">
        <charseq START="1855" END="1861">London</charseq>
      </event_mention_argument>
    </event_mention>
    <event_mention ID="T10">
      <anchor>
        <charseq START="1908" END="1914">attack</charseq>
      </anchor>
      <event_mention_argument ROLE="Location" ID="T11">
        <charseq START="1943" END="1950">Britain</charseq>
      </event_mention_argument>
    </event_mention>
    <event_mention ID="T13">
      <anchor>
        <charseq START="2020" END="2024">left</charseq>
      </anchor>
      <event_mention_argument ROLE="Date" ID="T12">
        <charseq START="1985" END="1994">July 2000</charseq>
      </event_mention_argument>
      <event_mention_argument ROLE="Location" ID="T14">
        <charseq START="2050" END="2056">London</charseq>
      </event_mention_argument>
    </event_mention>
  </event_mentions>
  <events>
    <event ID="1">
      <action_form>Political violence</action_form>
      <location>United Kingdom</location>
      <date_range>
        <start>2001-11-03</start>
        <end>2001-11-03</end>
      </date_range>
      <actors>
        <actor>Religious groups / fundamentalists</actor>
      </actors>
      <issues>
        <issue>International cooperation</issue>
        <issue>Institutional reform</issue>
      </issues>
      <size/>
      <comment/>
      <link REFID="T3"/>
    </event>
    <event ID="2">
      <action_form>Gruesome violence</action_form>
      <location>United Kingdom</location>
      <date_range>
        <start>2001-03-01</start>
        <end>2001-03-31</end>
        <approximate/>
      </date_range>
      <actors>
        <actor>Religious groups / fundamentalists</actor>
      </actors>
      <issues>
        <issue>International cooperation</issue>
        <issue>Institutional reform</issue>
      </issues>
      <size/>
      <comment/>
      <link REFID="T6"/>
      <link REFID="T3"/>
    </event>
    <event ID="3">
      <action_form>Gruesome violence</action_form>
      <location>United Kingdom</location>
      <date_range>
        <start>2001-08-01</start>
        <end>2001-08-31</end>
        <approximate/>
      </date_range>
      <actors>
        <actor>Religious groups / fundamentalists</actor>
      </actors>
      <issues>
        <issue>International cooperation</issue>
        <issue>Institutional reform</issue>
      </issues>
      <size/>
      <comment/>
      <link REFID="T7"/>
      <link REFID="T3"/>
    </event>
    <event ID="4">
      <action_form>Gruesome violence</action_form>
      <location>United Kingdom</location>
      <date_range>
        <start>2001-01-01</start>
        <end>2001-12-31</end>
        <approximate/>
      </date_range>
      <actors>
        <actor>Religious groups / fundamentalists</actor>
      </actors>
      <issues>
        <issue>International cooperation</issue>
        <issue>Institutional reform</issue>
      </issues>
      <size/>
      <comment/>
      <link REFID="T10"/>
      <link REFID="T3"/>
    </event>
    <event ID="5">
      <action_form>Political violence</action_form>
      <location>United Kingdom</location>
      <date_range>
        <start>2000-07-01</start>
        <end>2000-07-31</end>
      </date_range>
      <actors>
        <actor>Religious groups / fundamentalists</actor>
      </actors>
      <issues>
        <issue>Institutional reform</issue>
      </issues>
      <size/>
      <comment/>
      <link REFID="T13"/>
      <link REFID="T3"/>
    </event>
  </events>
</document>
