<?xml version='1.0' encoding='utf8'?>
<document PUBLICATION_DATE="2002-03-02" DOCID="APW_ENG_20020302.0424">
  <event_mentions>
    <event_mention ID="T1">
      <anchor>
        <charseq START="17" END="21">sent</charseq>
      </anchor>
      <event_mention_argument ROLE="Location" ID="T2">
        <charseq START="33" END="47">Downing Street</charseq>
      </event_mention_argument>
      <event_mention_argument ROLE="Location" ID="T3">
        <charseq START="64" END="72">Scottish</charseq>
      </event_mention_argument>
    </event_mention>
    <event_mention ID="T4">
      <anchor>
        <charseq START="224" END="228">sent</charseq>
      </anchor>
      <event_mention_argument ROLE="Date" ID="T6">
        <charseq START="200" END="208">Saturday</charseq>
      </event_mention_argument>
      <event_mention_argument ROLE="Location" ID="T5">
        <charseq START="260" END="274">Downing Street</charseq>
      </event_mention_argument>
    </event_mention>
    <event_mention ID="T7">
      <anchor>
        <charseq START="421" END="430">addressed</charseq>
      </anchor>
    </event_mention>
    <event_mention ID="T8">
      <anchor>
        <charseq START="549" END="558">addressed</charseq>
      </anchor>
    </event_mention>
    <event_mention ID="T9">
      <anchor>
        <charseq START="617" END="624">parcels</charseq>
      </anchor>
    </event_mention>
    <event_mention ID="T10">
      <anchor>
        <charseq START="706" END="710">sent</charseq>
      </anchor>
      <event_mention_argument ROLE="Location" ID="T11">
        <charseq START="783" END="791">Scottish</charseq>
      </event_mention_argument>
    </event_mention>
    <event_mention ID="T12">
      <anchor>
        <charseq START="852" END="855">act</charseq>
      </anchor>
      <event_mention_argument ROLE="Date" ID="T13">
        <charseq START="956" END="964">Saturday</charseq>
      </event_mention_argument>
    </event_mention>
    <event_mention ID="T14">
      <anchor>
        <charseq START="1003" END="1009">parcel</charseq>
      </anchor>
    </event_mention>
    <event_mention ID="T15">
      <anchor>
        <charseq START="1026" END="1030">sent</charseq>
      </anchor>
    </event_mention>
    <event_mention ID="T18">
      <anchor>
        <charseq START="1271" END="1279">packages</charseq>
      </anchor>
      <event_mention_argument ROLE="Date" ID="T16">
        <charseq START="1206" END="1218">Friday night</charseq>
      </event_mention_argument>
      <event_mention_argument ROLE="Actor" ID="T17">
        <charseq START="1238" END="1241">man</charseq>
      </event_mention_argument>
    </event_mention>
    <event_mention ID="T19">
      <anchor>
        <charseq START="1727" END="1731">sent</charseq>
      </anchor>
      <event_mention_argument ROLE="Date" ID="T20">
        <charseq START="1732" END="1743">last summer</charseq>
      </event_mention_argument>
      <event_mention_argument ROLE="Location" ID="T21">
        <charseq START="1773" END="1781">Scotland</charseq>
      </event_mention_argument>
    </event_mention>
    <event_mention ID="T22">
      <anchor>
        <charseq START="1860" END="1868">packages</charseq>
      </anchor>
    </event_mention>
    <event_mention ID="T23">
      <anchor>
        <charseq START="2687" END="2694">package</charseq>
      </anchor>
    </event_mention>
  </event_mentions>
  <events>
    <event ID="1">
      <action_form>Political violence</action_form>
      <location>United Kingdom</location>
      <date_range>
        <start>2002-03-02</start>
        <end>2002-03-02</end>
      </date_range>
      <actors>
        <actor>Organization</actor>
      </actors>
      <issues>
        <issue>For regionalism</issue>
      </issues>
      <size>1-9 people</size>
      <comment/>
      <link REFID="T1"/>
      <link REFID="T4"/>
      <link REFID="T7"/>
      <link REFID="T8"/>
      <link REFID="T9"/>
      <link REFID="T18"/>
      <link REFID="T22"/>
      <link REFID="T23"/>
    </event>
    <event ID="2">
      <action_form>Political violence</action_form>
      <location>United Kingdom</location>
      <date_range>
        <start>2002-03-02</start>
        <end>2002-03-02</end>
      </date_range>
      <actors>
        <actor>Organization</actor>
      </actors>
      <issues>
        <issue>For regionalism</issue>
      </issues>
      <size>1-9 people</size>
      <comment/>
      <link REFID="T1"/>
      <link REFID="T4"/>
      <link REFID="T10"/>
      <link REFID="T12"/>
      <link REFID="T14"/>
      <link REFID="T15"/>
      <link REFID="T18"/>
      <link REFID="T22"/>
    </event>
    <event ID="3">
      <action_form>Political violence</action_form>
      <location>United Kingdom</location>
      <date_range>
        <start>2001-06-01</start>
        <end>2001-09-01</end>
        <approximate/>
      </date_range>
      <actors>
        <actor>Organization</actor>
      </actors>
      <issues>
        <issue>For regionalism</issue>
      </issues>
      <size/>
      <comment/>
      <link REFID="T19"/>
    </event>
  </events>
</document>
