<?xml version='1.0' encoding='utf8'?>
<document PUBLICATION_DATE="2003-10-09" DOCID="APW_ENG_20031009.0485">
  <event_mentions>
    <event_mention ID="T1">
      <anchor>
        <charseq START="117" END="123">strike</charseq>
      </anchor>
      <event_mention_argument ROLE="Date" ID="T6">
        <charseq START="124" END="132">Thursday</charseq>
      </event_mention_argument>
      <event_mention_argument ROLE="Issue" ID="T7">
        <charseq START="146" END="190">a construction worker was killed at the site</charseq>
      </event_mention_argument>
      <event_mention_argument ROLE="Actor" ID="T5">
        <charseq START="71" END="78">Workers</charseq>
      </event_mention_argument>
    </event_mention>
    <event_mention ID="T2">
      <anchor>
        <charseq START="24" END="30">strike</charseq>
      </anchor>
      <event_mention_argument ROLE="Issue" ID="T4">
        <charseq START="37" END="50">worker killed</charseq>
      </event_mention_argument>
      <event_mention_argument ROLE="Actor" ID="T3">
        <charseq START="16" END="23">workers</charseq>
      </event_mention_argument>
    </event_mention>
    <event_mention ID="T8">
      <anchor>
        <charseq START="307" END="317">stayed off</charseq>
      </anchor>
      <event_mention_argument ROLE="Issue" ID="T9">
        <charseq START="327" END="354">o protest safety conditions</charseq>
      </event_mention_argument>
      <event_mention_argument ROLE="Actor" ID="T11">
        <charseq START="227" END="234">workers</charseq>
      </event_mention_argument>
      <event_mention_argument ROLE="Size" ID="T10">
        <charseq START="256" END="266">some 1,200</charseq>
      </event_mention_argument>
    </event_mention>
  </event_mentions>
  <events>
    <event ID="1">
      <action_form>Strike</action_form>
      <location>Greece</location>
      <date_range>
        <start>2003-10-09</start>
        <end>2003-10-09</end>
      </date_range>
      <actors>
        <actor>Occupational group</actor>
      </actors>
      <issues>
        <issue>For labour rights</issue>
      </issues>
      <size>1,000-9,999 people</size>
      <comment/>
      <link REFID="T1"/>
      <link REFID="T2"/>
      <link REFID="T8"/>
    </event>
  </events>
</document>
