<?xml version='1.0' encoding='utf8'?>
<document PUBLICATION_DATE="2002-03-31" DOCID="APW_ENG_20020331.0567">
  <event_mentions>
    <event_mention_argument ROLE="Date" ID="T6">
      <charseq START="245" END="252">weekend</charseq>
    </event_mention_argument>
    <event_mention_argument ROLE="Issue" ID="T4">
      <charseq START="216" END="228">anti-Semitic</charseq>
    </event_mention_argument>
    <event_mention_argument ROLE="Actor" ID="T3">
      <charseq START="138" END="144">gunman</charseq>
    </event_mention_argument>
    <event_mention_argument ROLE="Location" ID="T1">
      <charseq START="196" END="202">France</charseq>
    </event_mention_argument>
    <event_mention ID="T2">
      <anchor>
        <charseq START="145" END="151">opened</charseq>
      </anchor>
    </event_mention>
    <event_mention ID="T5">
      <anchor>
        <charseq START="229" END="235">attack</charseq>
      </anchor>
    </event_mention>
    <event_mention ID="T7">
      <anchor>
        <charseq START="512" END="518">attack</charseq>
      </anchor>
      <event_mention_argument ROLE="Date" ID="T8">
        <charseq START="519" END="535">Saturday evening</charseq>
      </event_mention_argument>
      <event_mention_argument ROLE="Location" ID="T9">
        <charseq START="553" END="558">Union</charseq>
      </event_mention_argument>
    </event_mention>
    <event_mention ID="T10">
      <anchor>
        <charseq START="698" END="703">fired</charseq>
      </anchor>
      <event_mention_argument ROLE="Location" ID="T12">
        <charseq START="756" END="769">Haute-Garonne</charseq>
      </event_mention_argument>
      <event_mention_argument ROLE="Actor" ID="T11">
        <charseq START="691" END="697">gunman</charseq>
      </event_mention_argument>
    </event_mention>
    <event_mention ID="T13">
      <anchor>
        <charseq START="787" END="795">shooting</charseq>
      </anchor>
    </event_mention>
    <event_mention ID="T17">
      <anchor>
        <charseq START="838" END="845">attacks</charseq>
      </anchor>
      <event_mention_argument ROLE="Date" ID="T16">
        <charseq START="871" END="879">weeklong</charseq>
      </event_mention_argument>
      <event_mention_argument ROLE="Issue" ID="T14">
        <charseq START="825" END="837">anti-Semitic</charseq>
      </event_mention_argument>
      <event_mention_argument ROLE="Location" ID="T15">
        <charseq START="849" END="855">France</charseq>
      </event_mention_argument>
    </event_mention>
    <event_mention ID="T20">
      <anchor>
        <charseq START="941" END="945">fire</charseq>
      </anchor>
      <event_mention_argument ROLE="Date" ID="T18">
        <charseq START="913" END="927">Saturday night</charseq>
      </event_mention_argument>
      <event_mention_argument ROLE="Location" ID="T19">
        <charseq START="1003" END="1013">Strasbourg</charseq>
      </event_mention_argument>
      <event_mention_argument ROLE="Actor" ID="T21">
        <charseq START="929" END="936">vandals</charseq>
      </event_mention_argument>
    </event_mention>
    <event_mention ID="T22">
      <anchor>
        <charseq START="1119" END="1125">attack</charseq>
      </anchor>
      <event_mention_argument ROLE="Date" ID="T23">
        <charseq START="1146" END="1154">that day</charseq>
      </event_mention_argument>
    </event_mention>
    <event_mention ID="T26">
      <anchor>
        <charseq START="1171" END="1178">crashed</charseq>
      </anchor>
      <event_mention_argument ROLE="Location" ID="T24">
        <charseq START="1228" END="1232">Lyon</charseq>
      </event_mention_argument>
      <event_mention_argument ROLE="Actor" ID="T25">
        <charseq START="1163" END="1170">vandals</charseq>
      </event_mention_argument>
    </event_mention>
    <event_mention ID="T27">
      <anchor>
        <charseq START="1266" END="1270">fire</charseq>
      </anchor>
    </event_mention>
    <event_mention ID="T28">
      <anchor>
        <charseq START="1331" END="1337">attack</charseq>
      </anchor>
      <event_mention_argument ROLE="Date" ID="T29">
        <charseq START="1354" END="1368">early Saturday</charseq>
      </event_mention_argument>
    </event_mention>
    <event_mention ID="T30">
      <anchor>
        <charseq START="1451" END="1457">attack</charseq>
      </anchor>
      <event_mention_argument ROLE="Location" ID="T31">
        <charseq START="1465" END="1469">Lyon</charseq>
      </event_mention_argument>
    </event_mention>
    <event_mention ID="T32">
      <anchor>
        <charseq START="1573" END="1580">attacks</charseq>
      </anchor>
    </event_mention>
    <event_mention ID="T37">
      <anchor>
        <charseq START="1989" END="1997">gathered</charseq>
      </anchor>
      <event_mention_argument ROLE="Date" ID="T36">
        <charseq START="2026" END="2032">Sunday</charseq>
      </event_mention_argument>
      <event_mention_argument ROLE="Issue" ID="T38">
        <charseq START="2041" END="2077">solidarity with the Jewish community</charseq>
      </event_mention_argument>
      <event_mention_argument ROLE="Location" ID="T35">
        <charseq START="2018" END="2022">Lyon</charseq>
      </event_mention_argument>
      <event_mention_argument ROLE="Actor" ID="T34">
        <charseq START="1960" END="1966">people</charseq>
      </event_mention_argument>
      <event_mention_argument ROLE="Size" ID="T33">
        <charseq START="1948" END="1956">Hundreds</charseq>
      </event_mention_argument>
    </event_mention>
    <event_mention ID="T39">
      <anchor>
        <charseq START="2192" END="2198">attack</charseq>
      </anchor>
      <event_mention_argument ROLE="Date" ID="T40">
        <charseq START="2199" END="2217">Saturday afternoon</charseq>
      </event_mention_argument>
      <event_mention_argument ROLE="Location" ID="T41">
        <charseq START="2233" END="2245">Villeurbanne</charseq>
      </event_mention_argument>
    </event_mention>
    <event_mention ID="T42">
      <anchor>
        <charseq START="2499" END="2506">attacks</charseq>
      </anchor>
      <event_mention_argument ROLE="Date" ID="T43">
        <charseq START="2483" END="2491">Sept. 11</charseq>
      </event_mention_argument>
      <event_mention_argument ROLE="Location" ID="T44">
        <charseq START="2514" END="2527">United States</charseq>
      </event_mention_argument>
    </event_mention>
    <event_mention ID="T45">
      <anchor>
        <charseq START="2643" END="2650">attacks</charseq>
      </anchor>
      <event_mention_argument ROLE="Issue" ID="T47">
        <charseq START="2651" END="2663">against Jews</charseq>
      </event_mention_argument>
      <event_mention_argument ROLE="Location" ID="T46">
        <charseq START="2570" END="2576">French</charseq>
      </event_mention_argument>
    </event_mention>
    <event_mention ID="T48">
      <anchor>
        <charseq START="12" END="19">attacks</charseq>
      </anchor>
      <event_mention_argument ROLE="Issue" ID="T49">
        <charseq START="0" END="11">Anti-Jewish</charseq>
      </event_mention_argument>
      <event_mention_argument ROLE="Location" ID="T50">
        <charseq START="50" END="56">France</charseq>
      </event_mention_argument>
    </event_mention>
  </event_mentions>
  <events>
    <event ID="1">
      <action_form>Gruesome violence</action_form>
      <location>France</location>
      <date_range>
        <start>2002-03-30</start>
        <end>2002-03-30</end>
      </date_range>
      <actors/>
      <issues/>
      <size>1-9 people</size>
      <comment>Issue: Anti-Semitism </comment>
      <link REFID="T2"/>
      <link REFID="T5"/>
      <link REFID="T7"/>
      <link REFID="T10"/>
      <link REFID="T13"/>
      <link REFID="T17"/>
      <link REFID="T32"/>
      <link REFID="T45"/>
      <link REFID="T48"/>
    </event>
    <event ID="2">
      <action_form>Political violence</action_form>
      <location>France</location>
      <date_range>
        <start>2002-03-30</start>
        <end>2002-03-30</end>
      </date_range>
      <actors/>
      <issues/>
      <size/>
      <comment>Issue: Anti-Semitism </comment>
      <link REFID="T5"/>
      <link REFID="T17"/>
      <link REFID="T20"/>
      <link REFID="T22"/>
      <link REFID="T32"/>
      <link REFID="T45"/>
      <link REFID="T48"/>
    </event>
    <event ID="3">
      <action_form>Political violence</action_form>
      <location>France</location>
      <date_range>
        <start>2002-03-30</start>
        <end>2002-03-30</end>
      </date_range>
      <actors/>
      <issues/>
      <size/>
      <comment>Issue: Anti-Semitism </comment>
      <link REFID="T5"/>
      <link REFID="T17"/>
      <link REFID="T22"/>
      <link REFID="T26"/>
      <link REFID="T27"/>
      <link REFID="T28"/>
      <link REFID="T30"/>
      <link REFID="T45"/>
      <link REFID="T48"/>
    </event>
    <event ID="4">
      <action_form>Gruesome violence</action_form>
      <location>France</location>
      <date_range>
        <start>2002-03-30</start>
        <end>2002-03-30</end>
      </date_range>
      <actors/>
      <issues/>
      <size/>
      <comment>Issue: Anti-Semitism </comment>
      <link REFID="T5"/>
      <link REFID="T17"/>
      <link REFID="T39"/>
      <link REFID="T45"/>
      <link REFID="T48"/>
    </event>
    <event ID="5">
      <action_form>Demonstration</action_form>
      <location>France</location>
      <date_range>
        <start>2002-03-31</start>
        <end>2002-03-31</end>
      </date_range>
      <actors/>
      <issues>
        <issue>International cooperation</issue>
        <issue>Civil rights</issue>
      </issues>
      <size>100-999 people</size>
      <comment/>
      <link REFID="T37"/>
    </event>
    <event ID="6">
      <action_form>Gruesome violence</action_form>
      <location>Europe</location>
      <date_range>
        <start>2001-09-11</start>
        <end>2001-09-11</end>
      </date_range>
      <actors/>
      <issues/>
      <size/>
      <comment>U.S.A.</comment>
      <link REFID="T42"/>
    </event>
  </events>
</document>
