<?xml version='1.0' encoding='utf8'?>
<document PUBLICATION_DATE="2005-09-04" DOCID="APW_ENG_20050904.0417">
  <event_mentions>
    <event_mention ID="T1">
      <anchor>
        <charseq START="157" END="170">demonstration</charseq>
      </anchor>
      <event_mention_argument ROLE="Date" ID="T2">
        <charseq START="171" END="177">Sunday</charseq>
      </event_mention_argument>
      <event_mention_argument ROLE="Issue" ID="T7">
        <charseq START="189" END="275">an Austrian animal rights law they say threatens the tradition of capturing wild birds</charseq>
      </event_mention_argument>
      <event_mention_argument ROLE="Location" ID="T8">
        <charseq START="192" END="200">Austrian</charseq>
      </event_mention_argument>
      <event_mention_argument ROLE="Actor" ID="T6">
        <charseq START="131" END="141">beekeepers</charseq>
      </event_mention_argument>
      <event_mention_argument ROLE="Actor" ID="T5">
        <charseq START="111" END="126">mountain-bikers</charseq>
      </event_mention_argument>
      <event_mention_argument ROLE="Actor" ID="T4">
        <charseq START="102" END="109">hunters</charseq>
      </event_mention_argument>
      <event_mention_argument ROLE="Actor" ID="T3">
        <charseq START="95" END="100">bands</charseq>
      </event_mention_argument>
    </event_mention>
    <event_mention ID="T11">
      <anchor>
        <charseq START="338" END="343">march</charseq>
      </anchor>
      <event_mention_argument ROLE="Location" ID="T12">
        <charseq START="382" END="393">Bad Goisern</charseq>
      </event_mention_argument>
      <event_mention_argument ROLE="Actor" ID="T10">
        <charseq START="313" END="319">people</charseq>
      </event_mention_argument>
      <event_mention_argument ROLE="Size" ID="T9">
        <charseq START="307" END="312">1,500</charseq>
      </event_mention_argument>
    </event_mention>
    <event_mention ID="T13">
      <anchor>
        <charseq START="1582" END="1587">event</charseq>
      </anchor>
      <event_mention_argument ROLE="Date" ID="T14">
        <charseq START="1573" END="1579">Sunday</charseq>
      </event_mention_argument>
      <event_mention_argument ROLE="Issue" ID="T16">
        <charseq START="1516" END="1543">tolerance for the tradition</charseq>
      </event_mention_argument>
      <event_mention_argument ROLE="Actor" ID="T15">
        <charseq START="1468" END="1505">Friends of the Birds in Salzkammergut</charseq>
      </event_mention_argument>
    </event_mention>
    <event_mention ID="T17">
      <anchor>
        <charseq START="43" END="54">demonstrate</charseq>
      </anchor>
      <event_mention_argument ROLE="Issue" ID="T20">
        <charseq START="14" END="42">wild bird catching tradition</charseq>
      </event_mention_argument>
      <event_mention_argument ROLE="Location" ID="T18">
        <charseq START="64" END="71">Austria</charseq>
      </event_mention_argument>
      <event_mention_argument ROLE="Actor" ID="T19">
        <charseq START="0" END="10">Supporters</charseq>
      </event_mention_argument>
    </event_mention>
  </event_mentions>
  <events>
    <event ID="1">
      <action_form>Demonstration</action_form>
      <location>Austria</location>
      <date_range>
        <start>2005-09-04</start>
        <end>2005-09-04</end>
      </date_range>
      <actors/>
      <issues>
        <issue>Environmental protection</issue>
      </issues>
      <size>1,000-9,999 people</size>
      <comment/>
      <link REFID="T1"/>
      <link REFID="T11"/>
      <link REFID="T13"/>
      <link REFID="T17"/>
    </event>
  </events>
</document>
