<?xml version='1.0' encoding='utf8'?>
<document PUBLICATION_DATE="2002-04-12" DOCID="APW_ENG_20020412.1524">
  <event_mentions>
    <event_mention ID="T1">
      <anchor>
        <charseq START="121" END="128">rallies</charseq>
      </anchor>
      <event_mention_argument ROLE="Date" ID="T3">
        <charseq START="147" END="153">Friday</charseq>
      </event_mention_argument>
      <event_mention_argument ROLE="Actor" ID="T6">
        <charseq START="88" END="97">activists</charseq>
      </event_mention_argument>
    </event_mention>
    <event_mention ID="T4">
      <anchor>
        <charseq START="174" END="182">campaign</charseq>
      </anchor>
      <event_mention_argument ROLE="Issue" ID="T5">
        <charseq START="183" END="254">to fight government efforts to ban the age-old tradition of fox hunting</charseq>
      </event_mention_argument>
      <event_mention_argument ROLE="Location" ID="T2">
        <charseq START="136" END="143">Britain</charseq>
      </event_mention_argument>
    </event_mention>
    <event_mention ID="T7">
      <anchor>
        <charseq START="260" END="267">rallies</charseq>
      </anchor>
      <event_mention_argument ROLE="Actor" ID="T9">
        <charseq START="275" END="295">Countryside Alliance</charseq>
      </event_mention_argument>
    </event_mention>
    <event_mention ID="T8">
      <anchor>
        <charseq START="321" END="327">letter</charseq>
      </anchor>
      <event_mention_argument ROLE="Issue" ID="T10">
        <charseq START="411" END="448">strong opposition to the proposed ban</charseq>
      </event_mention_argument>
    </event_mention>
    <event_mention ID="T11">
      <anchor>
        <charseq START="909" END="916">rallies</charseq>
      </anchor>
      <event_mention_argument ROLE="Date" ID="T12">
        <charseq START="917" END="923">Friday</charseq>
      </event_mention_argument>
      <event_mention_argument ROLE="Actor" ID="T13">
        <charseq START="949" END="995">Association of Masters of Harriers and Beagles</charseq>
      </event_mention_argument>
    </event_mention>
  </event_mentions>
  <events>
    <event ID="1">
      <action_form>Demonstration</action_form>
      <location>United Kingdom</location>
      <date_range>
        <start>2002-04-12</start>
        <end>2002-04-12</end>
      </date_range>
      <actors>
        <actor>Organization</actor>
        <actor>Left-libertarians</actor>
      </actors>
      <issues>
        <issue>Environmental protection</issue>
      </issues>
      <size/>
      <comment/>
      <link REFID="T1"/>
      <link REFID="T7"/>
      <link REFID="T11"/>
    </event>
    <event ID="2">
      <action_form>Petition</action_form>
      <location>United Kingdom</location>
      <date_range>
        <start>2002-04-12</start>
        <end>2002-04-12</end>
      </date_range>
      <actors>
        <actor>Organization</actor>
        <actor>Left-libertarians</actor>
      </actors>
      <issues>
        <issue>Environmental protection</issue>
      </issues>
      <size/>
      <comment/>
      <link REFID="T4"/>
      <link REFID="T8"/>
    </event>
  </events>
</document>
