<?xml version='1.0' encoding='utf8'?>
<document PUBLICATION_DATE="2003-03-15" DOCID="APW_ENG_20030315.0351">
  <event_mentions>
    <event_mention ID="T1">
      <anchor>
        <charseq START="212" END="218">booing</charseq>
      </anchor>
      <event_mention_argument ROLE="Size" ID="T2">
        <charseq START="187" END="200">a few hundred</charseq>
      </event_mention_argument>
    </event_mention>
    <event_mention ID="T4">
      <anchor>
        <charseq START="235" END="244">scuffling</charseq>
      </anchor>
      <event_mention_argument ROLE="Date" ID="T6">
        <charseq START="122" END="130">Saturday</charseq>
      </event_mention_argument>
      <event_mention_argument ROLE="Issue" ID="T8">
        <charseq START="136" END="180">return visit to the nation they once reigned</charseq>
      </event_mention_argument>
      <event_mention_argument ROLE="Location" ID="T7">
        <charseq START="72" END="77">Italy</charseq>
      </event_mention_argument>
      <event_mention_argument ROLE="Actor" ID="T3">
        <charseq START="201" END="211">protesters</charseq>
      </event_mention_argument>
      <event_mention_argument ROLE="Actor" ID="T5">
        <charseq START="250" END="265">pro-monarchists</charseq>
      </event_mention_argument>
    </event_mention>
    <event_mention ID="T9">
      <anchor>
        <charseq START="1384" END="1392">scuffles</charseq>
      </anchor>
      <event_mention_argument ROLE="Issue" ID="T16">
        <charseq START="1285" END="1291">Savoys</charseq>
      </event_mention_argument>
      <event_mention_argument ROLE="Actor" ID="T15">
        <charseq START="1302" END="1312">supporters</charseq>
      </event_mention_argument>
    </event_mention>
    <event_mention ID="T10">
      <anchor>
        <charseq START="996" END="1003">posting</charseq>
      </anchor>
    </event_mention>
    <event_mention ID="T14">
      <anchor>
        <charseq START="1048" END="1056">blocking</charseq>
      </anchor>
      <event_mention_argument ROLE="Issue" ID="T13">
        <charseq START="1022" END="1043">denouncing the Savoys</charseq>
      </event_mention_argument>
      <event_mention_argument ROLE="Location" ID="T12">
        <charseq START="1098" END="1104">Naples</charseq>
      </event_mention_argument>
      <event_mention_argument ROLE="Actor" ID="T11">
        <charseq START="969" END="975">locals</charseq>
      </event_mention_argument>
    </event_mention>
  </event_mentions>
  <events>
    <event ID="1">
      <action_form>Demonstration</action_form>
      <location>Italy</location>
      <date_range>
        <start>2003-03-15</start>
        <end>2003-03-15</end>
      </date_range>
      <actors/>
      <issues/>
      <size>100-999 people</size>
      <comment/>
      <link REFID="T1"/>
    </event>
    <event ID="2">
      <action_form>Political violence</action_form>
      <location>Italy</location>
      <date_range>
        <start>2003-03-15</start>
        <end>2003-03-15</end>
      </date_range>
      <actors>
        <actor>Extreme-right supporters</actor>
      </actors>
      <issues/>
      <size>100-999 people</size>
      <comment/>
      <link REFID="T4"/>
      <link REFID="T9"/>
    </event>
    <event ID="3">
      <action_form>Protest</action_form>
      <location>Italy</location>
      <date_range>
        <start>2003-03-15</start>
        <end>2003-03-15</end>
      </date_range>
      <actors/>
      <issues/>
      <size/>
      <comment>Posters</comment>
      <link REFID="T10"/>
    </event>
    <event ID="4">
      <action_form>Occupation / Blockade</action_form>
      <location>Italy</location>
      <date_range>
        <start>2003-03-15</start>
        <end>2003-03-15</end>
      </date_range>
      <actors/>
      <issues/>
      <size/>
      <comment/>
      <link REFID="T14"/>
    </event>
  </events>
</document>
