<?xml version='1.0' encoding='utf8'?>
<document PUBLICATION_DATE="2006-03-06" DOCID="APW_ENG_20060306.0659">
  <event_mentions>
    <event_mention ID="T1">
      <anchor>
        <charseq START="141" END="147">strike</charseq>
      </anchor>
      <event_mention_argument ROLE="Date" ID="T2">
        <charseq START="148" END="157">last year</charseq>
      </event_mention_argument>
      <event_mention_argument ROLE="Issue" ID="T3">
        <charseq START="163" END="246">its decision to dump unionized local workers in favor of low-wage Eastern Europeans</charseq>
      </event_mention_argument>
      <event_mention_argument ROLE="Location" ID="T4">
        <charseq START="98" END="103">Irish</charseq>
      </event_mention_argument>
    </event_mention>
    <event_mention ID="T12">
      <anchor>
        <charseq START="1144" END="1152">protests</charseq>
      </anchor>
      <event_mention_argument ROLE="Date" ID="T11">
        <charseq START="1115" END="1121">Dec. 7</charseq>
      </event_mention_argument>
      <event_mention_argument ROLE="Issue" ID="T10">
        <charseq START="1289" END="1327">to decry the Irish Ferries staff plans</charseq>
      </event_mention_argument>
      <event_mention_argument ROLE="Location" ID="T13">
        <charseq START="1161" END="1168">Ireland</charseq>
      </event_mention_argument>
      <event_mention_argument ROLE="Location" ID="T8">
        <charseq START="1257" END="1263">Dublin</charseq>
      </event_mention_argument>
      <event_mention_argument ROLE="Location" ID="T9">
        <charseq START="1282" END="1288">cities</charseq>
      </event_mention_argument>
      <event_mention_argument ROLE="Actor" ID="T5">
        <charseq START="1196" END="1203">leaders</charseq>
      </event_mention_argument>
      <event_mention_argument ROLE="Actor" ID="T6">
        <charseq START="1226" END="1236">protesters</charseq>
      </event_mention_argument>
      <event_mention_argument ROLE="Size" ID="T7">
        <charseq START="1208" END="1225">more than 100,000</charseq>
      </event_mention_argument>
    </event_mention>
    <event_mention ID="T14">
      <anchor>
        <charseq START="1476" END="1482">strike</charseq>
      </anchor>
      <event_mention_argument ROLE="Date" ID="T15">
        <charseq START="1489" END="1496">Dec. 14</charseq>
      </event_mention_argument>
      <event_mention_argument ROLE="Location" ID="T16">
        <charseq START="1502" END="1507">Irish</charseq>
      </event_mention_argument>
    </event_mention>
    <event_mention ID="T17">
      <anchor>
        <charseq START="2450" END="2456">strike</charseq>
      </anchor>
      <event_mention_argument ROLE="Location" ID="T18">
        <charseq START="2537" END="2544">Ireland</charseq>
      </event_mention_argument>
    </event_mention>
    <event_mention ID="T22">
      <anchor>
        <charseq START="810" END="814">took</charseq>
      </anchor>
      <event_mention_argument ROLE="Date" ID="T19">
        <charseq START="741" END="749">November</charseq>
      </event_mention_argument>
      <event_mention_argument ROLE="Location" ID="T20">
        <charseq START="751" END="756">Irish</charseq>
      </event_mention_argument>
      <event_mention_argument ROLE="Actor" ID="T21">
        <charseq START="802" END="809">leaders</charseq>
      </event_mention_argument>
    </event_mention>
    <event_mention ID="T24">
      <anchor>
        <charseq START="10" END="16">strike</charseq>
      </anchor>
      <event_mention_argument ROLE="Date" ID="T25">
        <charseq START="63" END="67">2005</charseq>
      </event_mention_argument>
      <event_mention_argument ROLE="Location" ID="T23">
        <charseq START="26" END="31">Irish</charseq>
      </event_mention_argument>
    </event_mention>
  </event_mentions>
  <events>
    <event ID="1">
      <action_form>Strike</action_form>
      <location>Ireland</location>
      <date_range>
        <start>2005-11-01</start>
        <end>2005-12-14</end>
        <approximate/>
      </date_range>
      <actors>
        <actor>Trade union</actor>
        <actor>Occupational group</actor>
      </actors>
      <issues>
        <issue>For labour rights</issue>
      </issues>
      <size/>
      <comment/>
      <link REFID="T1"/>
      <link REFID="T14"/>
      <link REFID="T17"/>
      <link REFID="T24"/>
    </event>
    <event ID="2">
      <action_form>Demonstration</action_form>
      <location>Ireland</location>
      <date_range>
        <start>2005-12-07</start>
        <end>2005-12-07</end>
      </date_range>
      <actors>
        <actor>Trade union</actor>
        <actor>Occupational group</actor>
      </actors>
      <issues>
        <issue>For labour rights</issue>
      </issues>
      <size>10,000 or more people</size>
      <comment/>
      <link REFID="T1"/>
      <link REFID="T14"/>
      <link REFID="T17"/>
      <link REFID="T12"/>
      <link REFID="T24"/>
    </event>
    <event ID="3">
      <action_form>Demonstration</action_form>
      <location>Ireland</location>
      <date_range>
        <start>2005-12-07</start>
        <end>2005-12-07</end>
        <approximate/>
      </date_range>
      <actors>
        <actor>Trade union</actor>
        <actor>Occupational group</actor>
      </actors>
      <issues>
        <issue>For labour rights</issue>
      </issues>
      <size/>
      <comment/>
      <link REFID="T1"/>
      <link REFID="T14"/>
      <link REFID="T17"/>
      <link REFID="T22"/>
      <link REFID="T24"/>
    </event>
    <event ID="4">
      <action_form>Demonstration</action_form>
      <location>Ireland</location>
      <date_range>
        <start>2005-12-07</start>
        <end>2005-12-07</end>
      </date_range>
      <actors>
        <actor>Trade union</actor>
        <actor>Occupational group</actor>
      </actors>
      <issues>
        <issue>For labour rights</issue>
      </issues>
      <size/>
      <comment/>
      <link REFID="T12"/>
      <link REFID="T17"/>
      <link REFID="T24"/>
      <link REFID="T1"/>
    </event>
  </events>
</document>
