<?xml version='1.0' encoding='utf8'?>
<document PUBLICATION_DATE="2003-03-08" DOCID="APW_ENG_20030308.0331">
  <event_mentions>
    <event_mention ID="T1">
      <anchor>
        <charseq START="12" END="19">protest</charseq>
      </anchor>
      <event_mention_argument ROLE="Issue" ID="T4">
        <charseq START="0" END="11">Women's Day</charseq>
      </event_mention_argument>
      <event_mention_argument ROLE="Location" ID="T3">
        <charseq START="36" END="41">Paris</charseq>
      </event_mention_argument>
      <event_mention_argument ROLE="Size" ID="T2">
        <charseq START="26" END="32">10,000</charseq>
      </event_mention_argument>
    </event_mention>
    <event_mention ID="T7">
      <anchor>
        <charseq START="94" END="101">marched</charseq>
      </anchor>
      <event_mention_argument ROLE="Date" ID="T9">
        <charseq START="134" END="142">Saturday</charseq>
      </event_mention_argument>
      <event_mention_argument ROLE="Issue" ID="T10">
        <charseq START="189" END="219">to stop violence against women</charseq>
      </event_mention_argument>
      <event_mention_argument ROLE="Location" ID="T8">
        <charseq START="125" END="130">Paris</charseq>
      </event_mention_argument>
      <event_mention_argument ROLE="Actor" ID="T6">
        <charseq START="88" END="93">women</charseq>
      </event_mention_argument>
      <event_mention_argument ROLE="Size" ID="T5">
        <charseq START="68" END="77">Thousands</charseq>
      </event_mention_argument>
    </event_mention>
    <event_mention ID="T11">
      <anchor>
        <charseq START="283" END="296">demonstration</charseq>
      </anchor>
      <event_mention_argument ROLE="Location" ID="T13">
        <charseq START="229" END="235">France</charseq>
      </event_mention_argument>
      <event_mention_argument ROLE="Actor" ID="T12">
        <charseq START="260" END="271">politicians</charseq>
      </event_mention_argument>
    </event_mention>
    <event_mention ID="T14">
      <anchor>
        <charseq START="349" END="356">rallies</charseq>
      </anchor>
      <event_mention_argument ROLE="Location" ID="T15">
        <charseq START="395" END="401">cities</charseq>
      </event_mention_argument>
      <event_mention_argument ROLE="Location" ID="T16">
        <charseq START="406" END="411">towns</charseq>
      </event_mention_argument>
    </event_mention>
    <event_mention ID="T17">
      <anchor>
        <charseq START="522" END="530">campaign</charseq>
      </anchor>
      <event_mention_argument ROLE="Date" ID="T21">
        <charseq START="502" END="510">recently</charseq>
      </event_mention_argument>
      <event_mention_argument ROLE="Issue" ID="T20">
        <charseq START="541" END="583">aising awareness of violence against women</charseq>
      </event_mention_argument>
      <event_mention_argument ROLE="Actor" ID="T18">
        <charseq START="488" END="497">teenagers</charseq>
      </event_mention_argument>
      <event_mention_argument ROLE="Size" ID="T19">
        <charseq START="477" END="484">a group</charseq>
      </event_mention_argument>
    </event_mention>
    <event_mention ID="T22">
      <anchor>
        <charseq START="597" END="605">movement</charseq>
      </anchor>
      <event_mention_argument ROLE="Issue" ID="T25">
        <charseq START="672" END="762">a 17-year-old girl was burned alive in a housing project by a male acquaintance in October</charseq>
      </event_mention_argument>
      <event_mention_argument ROLE="Location" ID="T24">
        <charseq START="634" END="639">Paris</charseq>
      </event_mention_argument>
      <event_mention_argument ROLE="Actor" ID="T23">
        <charseq START="589" END="595">youths</charseq>
      </event_mention_argument>
    </event_mention>
  </event_mentions>
  <events>
    <event ID="1">
      <action_form>Demonstration</action_form>
      <location>France</location>
      <date_range>
        <start>2003-03-08</start>
        <end>2003-03-08</end>
      </date_range>
      <actors/>
      <issues>
        <issue>Civil rights</issue>
      </issues>
      <size>10,000 or more people</size>
      <comment/>
      <link REFID="T1"/>
      <link REFID="T7"/>
      <link REFID="T11"/>
    </event>
    <event ID="2">
      <action_form>Demonstration</action_form>
      <location>France</location>
      <date_range>
        <start>2003-03-08</start>
        <end>2003-03-08</end>
      </date_range>
      <actors/>
      <issues>
        <issue>Civil rights</issue>
      </issues>
      <size/>
      <comment/>
      <link REFID="T14"/>
    </event>
    <event ID="3">
      <action_form>Petition</action_form>
      <location>France</location>
      <date_range>
        <start>2003-02-01</start>
        <end>2003-03-08</end>
        <approximate/>
      </date_range>
      <actors>
        <actor>Students</actor>
      </actors>
      <issues>
        <issue>Civil rights</issue>
      </issues>
      <size/>
      <comment/>
      <link REFID="T17"/>
      <link REFID="T22"/>
    </event>
  </events>
</document>
