<?xml version='1.0' encoding='utf8'?>
<document PUBLICATION_DATE="2003-03-11" DOCID="APW_ENG_20030311.0265">
  <event_mentions>
    <event_mention ID="T1">
      <anchor>
        <charseq START="10" END="14">form</charseq>
      </anchor>
      <event_mention_argument ROLE="Issue" ID="T2">
        <charseq START="40" END="98">the opening of Romania's communist-era secret police files</charseq>
      </event_mention_argument>
      <event_mention_argument ROLE="Location" ID="T9">
        <charseq START="55" END="61">Romani</charseq>
      </event_mention_argument>
      <event_mention_argument ROLE="Size" ID="T3">
        <charseq START="0" END="9">Thousands</charseq>
      </event_mention_argument>
    </event_mention>
    <event_mention ID="T6">
      <anchor>
        <charseq START="146" END="152">called</charseq>
      </anchor>
      <event_mention_argument ROLE="Date" ID="T7">
        <charseq START="166" END="173">Tuesday</charseq>
      </event_mention_argument>
      <event_mention_argument ROLE="Issue" ID="T8">
        <charseq START="174" END="238">to open the files of the former communist regime's secret police</charseq>
      </event_mention_argument>
      <event_mention_argument ROLE="Actor" ID="T5">
        <charseq START="135" END="145">protesters</charseq>
      </event_mention_argument>
      <event_mention_argument ROLE="Size" ID="T4">
        <charseq START="123" END="134">About 3,000</charseq>
      </event_mention_argument>
    </event_mention>
    <event_mention ID="T15">
      <anchor>
        <charseq START="488" END="494">joined</charseq>
      </anchor>
      <event_mention_argument ROLE="Actor" ID="T14">
        <charseq START="425" END="432">victims</charseq>
      </event_mention_argument>
      <event_mention_argument ROLE="Actor" ID="T13">
        <charseq START="397" END="405">students</charseq>
      </event_mention_argument>
      <event_mention_argument ROLE="Actor" ID="T12">
        <charseq START="391" END="395">nuns</charseq>
      </event_mention_argument>
      <event_mention_argument ROLE="Actor" ID="T11">
        <charseq START="382" END="389">workers</charseq>
      </event_mention_argument>
      <event_mention_argument ROLE="Actor" ID="T10">
        <charseq START="345" END="355">protesters</charseq>
      </event_mention_argument>
    </event_mention>
    <event_mention ID="T16">
      <anchor>
        <charseq START="593" END="600">chanted</charseq>
      </anchor>
      <event_mention_argument ROLE="Issue" ID="T17">
        <charseq START="602" END="694">``You have the power, you hold the (Securitate) files, but you don't have a drop of honor.''</charseq>
      </event_mention_argument>
    </event_mention>
    <event_mention ID="T18">
      <anchor>
        <charseq START="922" END="928">voiced</charseq>
      </anchor>
      <event_mention_argument ROLE="Issue" ID="T20">
        <charseq START="940" END="1079">many former Securitate agents, who held privileged positions under Ceausescu, hold high positions today in business, politics and the media</charseq>
      </event_mention_argument>
      <event_mention_argument ROLE="Actor" ID="T19">
        <charseq START="903" END="916">demonstrators</charseq>
      </event_mention_argument>
    </event_mention>
    <event_mention ID="T21">
      <anchor>
        <charseq START="2765" END="2770">rally</charseq>
      </anchor>
      <event_mention_argument ROLE="Issue" ID="T23">
        <charseq START="2885" END="2985">demanding that the Orthodox Church publish the names of priests who collaborated with the Securitate</charseq>
      </event_mention_argument>
      <event_mention_argument ROLE="Actor" ID="T22">
        <charseq START="2787" END="2791">nuns</charseq>
      </event_mention_argument>
    </event_mention>
  </event_mentions>
  <events>
    <event ID="1">
      <action_form>Demonstration</action_form>
      <location>Romania</location>
      <date_range>
        <start>2003-03-11</start>
        <end>2003-03-11</end>
      </date_range>
      <actors>
        <actor>Religious groups / fundamentalists</actor>
        <actor>Occupational group</actor>
        <actor>Students</actor>
      </actors>
      <issues>
        <issue>Against police power</issue>
      </issues>
      <size>1,000-9,999 people</size>
      <comment/>
      <link REFID="T1"/>
      <link REFID="T6"/>
      <link REFID="T15"/>
      <link REFID="T16"/>
      <link REFID="T18"/>
      <link REFID="T21"/>
    </event>
  </events>
</document>
