<?xml version='1.0' encoding='utf8'?>
<document PUBLICATION_DATE="2003-03-06" DOCID="APW_ENG_20030306.0245">
  <event_mentions>
    <event_mention ID="T4">
      <anchor>
        <charseq START="222" END="227">wrote</charseq>
      </anchor>
      <event_mention_argument ROLE="Date" ID="T1">
        <charseq START="251" END="259">Thursday</charseq>
      </event_mention_argument>
      <event_mention_argument ROLE="Issue" ID="T5">
        <charseq START="81" END="195">Construction of a rowing center for the 2004 Athens Olympics threatens an ancient Greek site and should be stopped</charseq>
      </event_mention_argument>
      <event_mention_argument ROLE="Location" ID="T2">
        <charseq START="233" END="240">British</charseq>
      </event_mention_argument>
      <event_mention_argument ROLE="Actor" ID="T3">
        <charseq START="208" END="221">intellectuals</charseq>
      </event_mention_argument>
    </event_mention>
    <event_mention ID="T8">
      <anchor>
        <charseq START="453" END="459">letter</charseq>
      </anchor>
      <event_mention_argument ROLE="Issue" ID="T9">
        <charseq START="261" END="362">The rowing venue at Schinias would ``irrevocably destroy'' the site of the 490 B.C. Battle of Maratho</charseq>
      </event_mention_argument>
      <event_mention_argument ROLE="Actor" ID="T6">
        <charseq START="405" END="413">composer</charseq>
      </event_mention_argument>
      <event_mention_argument ROLE="Size" ID="T7">
        <charseq START="432" END="434">22</charseq>
      </event_mention_argument>
    </event_mention>
    <event_mention ID="T10">
      <anchor>
        <charseq START="670" END="676">letter</charseq>
      </anchor>
      <event_mention_argument ROLE="Issue" ID="T11">
        <charseq START="557" END="665">``In years to come, when the games are long forgotten, future generations will not forgive this vandalism,''</charseq>
      </event_mention_argument>
    </event_mention>
    <event_mention ID="T12">
      <anchor>
        <charseq START="1044" END="1049">urged</charseq>
      </anchor>
      <event_mention_argument ROLE="Issue" ID="T15">
        <charseq START="1072" END="1124">to choose a different location for the rowing center</charseq>
      </event_mention_argument>
      <event_mention_argument ROLE="Actor" ID="T14">
        <charseq START="989" END="996">experts</charseq>
      </event_mention_argument>
      <event_mention_argument ROLE="Actor" ID="T13">
        <charseq START="971" END="976">Nyman</charseq>
      </event_mention_argument>
    </event_mention>
    <event_mention ID="T16">
      <anchor>
        <charseq START="14" END="17">say</charseq>
      </anchor>
      <event_mention_argument ROLE="Issue" ID="T18">
        <charseq START="19" END="68">lympic rowing center threatens ancient Greek site</charseq>
      </event_mention_argument>
      <event_mention_argument ROLE="Actor" ID="T17">
        <charseq START="0" END="13">Intellectuals</charseq>
      </event_mention_argument>
    </event_mention>
  </event_mentions>
  <events>
    <event ID="1">
      <action_form>Petition</action_form>
      <location>United Kingdom</location>
      <date_range>
        <start>2003-03-06</start>
        <end>2003-03-06</end>
      </date_range>
      <actors>
        <actor>Intellectuals</actor>
      </actors>
      <issues>
        <issue>Environmental protection</issue>
      </issues>
      <size>10-49 people</size>
      <comment/>
      <link REFID="T4"/>
      <link REFID="T8"/>
      <link REFID="T10"/>
      <link REFID="T12"/>
      <link REFID="T16"/>
    </event>
  </events>
</document>
