<?xml version='1.0' encoding='utf8'?>
<document PUBLICATION_DATE="2003-10-27" DOCID="APW_ENG_20031027.0192">
  <event_mentions>
    <event_mention ID="T3">
      <anchor>
        <charseq START="26" END="33">protest</charseq>
      </anchor>
      <event_mention_argument ROLE="Issue" ID="T4">
        <charseq START="34" END="49">planned layoffs</charseq>
      </event_mention_argument>
      <event_mention_argument ROLE="Location" ID="T5">
        <charseq START="61" END="68">Romania</charseq>
      </event_mention_argument>
      <event_mention_argument ROLE="Actor" ID="T2">
        <charseq START="18" END="25">workers</charseq>
      </event_mention_argument>
      <event_mention_argument ROLE="Size" ID="T1">
        <charseq START="0" END="8">Hundreds</charseq>
      </event_mention_argument>
    </event_mention>
    <event_mention ID="T8">
      <anchor>
        <charseq START="119" END="126">smashed</charseq>
      </anchor>
    </event_mention>
    <event_mention ID="T9">
      <anchor>
        <charseq START="163" END="170">blocked</charseq>
      </anchor>
      <event_mention_argument ROLE="Date" ID="T10">
        <charseq START="184" END="190">Monday</charseq>
      </event_mention_argument>
      <event_mention_argument ROLE="Issue" ID="T12">
        <charseq START="202" END="230">thousands of planned layoffs</charseq>
      </event_mention_argument>
      <event_mention_argument ROLE="Location" ID="T11">
        <charseq START="244" END="252">Romanian</charseq>
      </event_mention_argument>
      <event_mention_argument ROLE="Actor" ID="T7">
        <charseq START="111" END="118">workers</charseq>
      </event_mention_argument>
      <event_mention_argument ROLE="Size" ID="T6">
        <charseq START="93" END="101">Hundreds</charseq>
      </event_mention_argument>
    </event_mention>
    <event_mention ID="T15">
      <anchor>
        <charseq START="282" END="292">protesting</charseq>
      </anchor>
      <event_mention_argument ROLE="Issue" ID="T16">
        <charseq START="293" END="300">layoffs</charseq>
      </event_mention_argument>
      <event_mention_argument ROLE="Location" ID="T17">
        <charseq START="336" END="346">Hundedoara</charseq>
      </event_mention_argument>
      <event_mention_argument ROLE="Actor" ID="T14">
        <charseq START="269" END="276">workers</charseq>
      </event_mention_argument>
      <event_mention_argument ROLE="Size" ID="T13">
        <charseq START="259" END="268">About 400</charseq>
      </event_mention_argument>
    </event_mention>
    <event_mention ID="T18">
      <anchor>
        <charseq START="532" END="539">marched</charseq>
      </anchor>
    </event_mention>
    <event_mention ID="T21">
      <anchor>
        <charseq START="574" END="580">lobbed</charseq>
      </anchor>
      <event_mention_argument ROLE="Location" ID="T20">
        <charseq START="560" END="569">Hunedoara</charseq>
      </event_mention_argument>
      <event_mention_argument ROLE="Actor" ID="T19">
        <charseq START="524" END="531">Workers</charseq>
      </event_mention_argument>
    </event_mention>
    <event_mention ID="T22">
      <anchor>
        <charseq START="823" END="830">blocked</charseq>
      </anchor>
      <event_mention_argument ROLE="Issue" ID="T25">
        <charseq START="875" END="890">planned layoffs</charseq>
      </event_mention_argument>
      <event_mention_argument ROLE="Location" ID="T24">
        <charseq START="855" END="859">city</charseq>
      </event_mention_argument>
      <event_mention_argument ROLE="Actor" ID="T23">
        <charseq START="815" END="822">workers</charseq>
      </event_mention_argument>
    </event_mention>
  </event_mentions>
  <events>
    <event ID="2">
      <action_form>Political violence</action_form>
      <location>Romania</location>
      <date_range>
        <start>2003-10-27</start>
        <end>2003-10-27</end>
      </date_range>
      <actors>
        <actor>Trade union</actor>
        <actor>Occupational group</actor>
      </actors>
      <issues>
        <issue>For labour rights</issue>
      </issues>
      <size>100-999 people</size>
      <comment/>
      <link REFID="T8"/>
      <link REFID="T3"/>
      <link REFID="T15"/>
      <link REFID="T21"/>
    </event>
    <event ID="3">
      <action_form>Occupation / Blockade</action_form>
      <location>Romania</location>
      <date_range>
        <start>2003-10-27</start>
        <end>2003-10-27</end>
      </date_range>
      <actors>
        <actor>Trade union</actor>
        <actor>Occupational group</actor>
      </actors>
      <issues>
        <issue>For labour rights</issue>
      </issues>
      <size>100-999 people</size>
      <comment/>
      <link REFID="T9"/>
      <link REFID="T22"/>
      <link REFID="T3"/>
      <link REFID="T15"/>
    </event>
    <event ID="4">
      <action_form>Demonstration</action_form>
      <location>Romania</location>
      <date_range>
        <start>2003-10-27</start>
        <end>2003-10-27</end>
      </date_range>
      <actors>
        <actor>Trade union</actor>
        <actor>Occupational group</actor>
      </actors>
      <issues>
        <issue>For labour rights</issue>
      </issues>
      <size>100-999 people</size>
      <comment/>
      <link REFID="T18"/>
      <link REFID="T3"/>
      <link REFID="T15"/>
    </event>
  </events>
</document>
