<?xml version='1.0' encoding='utf8'?>
<document PUBLICATION_DATE="2002-03-14" DOCID="APW_ENG_20020314.0603">
  <event_mentions>
    <event_mention ID="T2">
      <anchor>
        <charseq START="228" END="235">bombing</charseq>
      </anchor>
      <event_mention_argument ROLE="Date" ID="T1">
        <charseq START="223" END="227">1988</charseq>
      </event_mention_argument>
      <event_mention_argument ROLE="Actor" ID="T3">
        <charseq START="209" END="214">agent</charseq>
      </event_mention_argument>
    </event_mention>
    <event_mention ID="T4">
      <anchor>
        <charseq START="384" END="388">bomb</charseq>
      </anchor>
      <event_mention_argument ROLE="Location" ID="T6">
        <charseq START="427" END="436">Lockerbie</charseq>
      </event_mention_argument>
      <event_mention_argument ROLE="Actor" ID="T5">
        <charseq START="327" END="354">Abdel Basset Ali al-Megrahi</charseq>
      </event_mention_argument>
    </event_mention>
    <event_mention ID="T7">
      <anchor>
        <charseq START="1149" END="1153">bomb</charseq>
      </anchor>
      <event_mention_argument ROLE="Location" ID="T8">
        <charseq START="1281" END="1290">Lockerbie</charseq>
      </event_mention_argument>
      <event_mention_argument ROLE="Actor" ID="T9">
        <charseq START="1074" END="1084">Al-Megrahi</charseq>
      </event_mention_argument>
    </event_mention>
    <event_mention ID="T10">
      <anchor>
        <charseq START="2035" END="2042">attacks</charseq>
      </anchor>
      <event_mention_argument ROLE="Date" ID="T11">
        <charseq START="2026" END="2034">Sept. 11</charseq>
      </event_mention_argument>
      <event_mention_argument ROLE="Location" ID="T12">
        <charseq START="2050" END="2063">United States</charseq>
      </event_mention_argument>
    </event_mention>
    <event_mention ID="T13">
      <anchor>
        <charseq START="3496" END="3504">suitcase</charseq>
      </anchor>
    </event_mention>
    <event_mention ID="T15">
      <anchor>
        <charseq START="3879" END="3887">suitcase</charseq>
      </anchor>
      <event_mention_argument ROLE="Actor" ID="T14">
        <charseq START="3843" END="3853">al-Megrahi</charseq>
      </event_mention_argument>
    </event_mention>
    <event_mention ID="T16">
      <anchor>
        <charseq START="3926" END="3935">detonated</charseq>
      </anchor>
      <event_mention_argument ROLE="Location" ID="T17">
        <charseq START="4047" END="4056">Lockerbie</charseq>
      </event_mention_argument>
    </event_mention>
    <event_mention ID="T18">
      <anchor>
        <charseq START="4255" END="4259">bomb</charseq>
      </anchor>
      <event_mention_argument ROLE="Actor" ID="T19">
        <charseq START="4163" END="4173">al-Megrahi</charseq>
      </event_mention_argument>
    </event_mention>
  </event_mentions>
  <events>
    <event ID="1">
      <action_form>Gruesome violence</action_form>
      <location>United Kingdom</location>
      <date_range>
        <start>1988-12-21</start>
        <end>1988-12-21</end>
      </date_range>
      <actors/>
      <issues/>
      <size>1-9 people</size>
      <comment/>
      <link REFID="T2"/>
      <link REFID="T4"/>
      <link REFID="T7"/>
      <link REFID="T13"/>
      <link REFID="T15"/>
      <link REFID="T16"/>
      <link REFID="T18"/>
    </event>
    <event ID="2">
      <action_form>Gruesome violence</action_form>
      <location>Europe</location>
      <date_range>
        <start>2001-09-11</start>
        <end>2001-09-11</end>
      </date_range>
      <actors/>
      <issues/>
      <size/>
      <comment>U.S.A.</comment>
      <link REFID="T10"/>
    </event>
  </events>
</document>
