<?xml version='1.0' encoding='utf8'?>
<document PUBLICATION_DATE="2005-09-30" DOCID="APW_ENG_20050930.1144">
  <event_mentions>
    <event_mention ID="T1">
      <anchor>
        <charseq START="0" END="7">Strikes</charseq>
      </anchor>
      <event_mention_argument ROLE="Location" ID="T2">
        <charseq START="23" END="30">Corsica</charseq>
      </event_mention_argument>
    </event_mention>
    <event_mention ID="T5">
      <anchor>
        <charseq START="131" END="138">strikes</charseq>
      </anchor>
    </event_mention>
    <event_mention ID="T6">
      <anchor>
        <charseq START="198" END="204">attack</charseq>
      </anchor>
      <event_mention_argument ROLE="Date" ID="T3">
        <charseq START="119" END="125">Friday</charseq>
      </event_mention_argument>
      <event_mention_argument ROLE="Location" ID="T4">
        <charseq START="68" END="75">Corsica</charseq>
      </event_mention_argument>
    </event_mention>
    <event_mention ID="T7">
      <anchor>
        <charseq START="238" END="244">unrest</charseq>
      </anchor>
      <event_mention_argument ROLE="Issue" ID="T9">
        <charseq START="295" END="335">plans to privatize a state ferry company</charseq>
      </event_mention_argument>
      <event_mention_argument ROLE="Location" ID="T8">
        <charseq START="266" END="272">island</charseq>
      </event_mention_argument>
    </event_mention>
    <event_mention ID="T10">
      <anchor>
        <charseq START="553" END="559">attack</charseq>
      </anchor>
      <event_mention_argument ROLE="Date" ID="T12">
        <charseq START="530" END="543">hursday night</charseq>
      </event_mention_argument>
      <event_mention_argument ROLE="Location" ID="T11">
        <charseq START="599" END="606">Ajaccio</charseq>
      </event_mention_argument>
    </event_mention>
    <event_mention ID="T13">
      <anchor>
        <charseq START="728" END="733">blast</charseq>
      </anchor>
      <event_mention_argument ROLE="Location" ID="T14">
        <charseq START="750" END="758">Corsican</charseq>
      </event_mention_argument>
    </event_mention>
    <event_mention ID="T15">
      <anchor>
        <charseq START="1054" END="1061">attacks</charseq>
      </anchor>
    </event_mention>
    <event_mention ID="T16">
      <anchor>
        <charseq START="1151" END="1159">protests</charseq>
      </anchor>
      <event_mention_argument ROLE="Date" ID="T17">
        <charseq START="1160" END="1169">this week</charseq>
      </event_mention_argument>
      <event_mention_argument ROLE="Issue" ID="T18">
        <charseq START="1187" END="1206">privatization plans</charseq>
      </event_mention_argument>
      <event_mention_argument ROLE="Actor" ID="T20">
        <charseq START="1139" END="1147">strikers</charseq>
      </event_mention_argument>
      <event_mention_argument ROLE="Actor" ID="T19">
        <charseq START="1114" END="1126">Nationalists</charseq>
      </event_mention_argument>
      <event_mention_argument ROLE="Actor" ID="T21">
        <charseq START="1316" END="1323">sailors</charseq>
      </event_mention_argument>
    </event_mention>
    <event_mention ID="T22">
      <anchor>
        <charseq START="2030" END="2037">strikes</charseq>
      </anchor>
      <event_mention_argument ROLE="Date" ID="T24">
        <charseq START="2008" END="2014">Friday</charseq>
      </event_mention_argument>
      <event_mention_argument ROLE="Location" ID="T23">
        <charseq START="1970" END="1977">Corsica</charseq>
      </event_mention_argument>
    </event_mention>
    <event_mention ID="T25">
      <anchor>
        <charseq START="1726" END="1738">mobilization</charseq>
      </anchor>
      <event_mention_argument ROLE="Actor" ID="T26">
        <charseq START="1816" END="1838">Corsican Workers Union</charseq>
      </event_mention_argument>
    </event_mention>
  </event_mentions>
  <events>
    <event ID="1">
      <action_form>Strike</action_form>
      <location>France</location>
      <date_range>
        <start>2005-09-30</start>
        <end>2005-09-30</end>
      </date_range>
      <actors>
        <actor>Trade union</actor>
        <actor>Occupational group</actor>
      </actors>
      <issues>
        <issue>For labour rights</issue>
      </issues>
      <size/>
      <comment/>
      <link REFID="T1"/>
      <link REFID="T5"/>
      <link REFID="T7"/>
      <link REFID="T16"/>
      <link REFID="T22"/>
      <link REFID="T25"/>
    </event>
    <event ID="2">
      <action_form>Gruesome violence</action_form>
      <location>France</location>
      <date_range>
        <start>2005-09-30</start>
        <end>2005-09-30</end>
      </date_range>
      <actors/>
      <issues/>
      <size/>
      <comment/>
      <link REFID="T6"/>
      <link REFID="T10"/>
      <link REFID="T13"/>
      <link REFID="T15"/>
      <link REFID="T7"/>
    </event>
  </events>
</document>
